algorithm,trajectory,step,time_s,x,y,cross_track_error,wz_command
PPO,line,0,0.0,0.0,0.0,0.0,0.0
PPO,line,1,0.02,-0.0013714714379313181,-0.00031603364132897047,0.001407412934256697,0.010235073600144345
PPO,line,2,0.04,-0.002478258128324391,-0.00016889604504426956,0.0024840066877199647,0.007195001297497507
PPO,line,3,0.06,-0.0028141288677780204,-5.440766918433729e-05,0.002814654770824954,0.00017276255166259356
PPO,line,4,0.08,-0.0030804465263483717,-0.00044896823718453785,0.0031129926565432726,0.013950766699635615
PPO,line,5,0.1,-0.0037877170935758813,-0.0011628457671958097,0.003962197756201997,0.04112395992208846
PPO,line,6,0.12,-0.0062932979496012,-0.0013886720109380544,0.006444688435946102,0.049869627413284635
PPO,line,7,0.14,-0.010802055928024672,-0.0018120221136731863,0.010952982991523981,0.03760079126745977
PPO,line,8,0.16,-0.015553198325509802,-0.0028081392339959553,0.015804670958616894,0.02511845218155068
PPO,line,9,0.18,-0.017414412285591575,-0.003430213644419115,0.01774903154819783,0.025404077266777226
PPO,line,10,0.2,-0.017670983857360444,-0.003999573937186689,0.018117954138536625,0.030341487786982986
PPO,line,11,0.22,-0.016905016432622773,-0.00461536356312162,0.017523731377963904,0.0374951336578338
PPO,line,12,0.24,-0.014954944969901657,-0.00513119911804638,0.015810742659401765,0.04980883070662513
PPO,line,13,0.26,-0.011687111852157,-0.005556741254702705,0.012940863835793327,0.06588672340147636
PPO,line,14,0.28,-0.007140642586379182,-0.0059782554443233915,0.009312803804654872,0.0831899349146483
PPO,line,15,0.3,-0.0016961050500433597,-0.006408545683260012,0.006629195284136162,0.1026472228477141
PPO,line,16,0.32,0.004285937710212214,-0.006781041022562048,0.008021956083492883,0.12628831819573882
PPO,line,17,0.34,0.010635258787719199,-0.007072255023443304,0.007099254390851189,0.13067065325042682
PPO,line,18,0.36,0.017266376198587667,-0.007308068997181211,0.007814360639816567,0.13846909809846467
PPO,line,19,0.38,0.023906273581916836,-0.007576955999019187,0.008509377024093176,0.17069446141515876
PPO,line,20,0.4,0.029524789054819256,-0.007871654609746832,0.007889162219167944,0.17133275236023107
PPO,line,21,0.42,0.03476391910674728,-0.00809708704191075,0.00936926170791548,0.19103507136877634
PPO,line,22,0.44,0.039499212984653205,-0.008184582918961354,0.008204238390143758,0.177779141723759
PPO,line,23,0.46,0.0436711003813545,-0.008202042506084169,0.008959053597624176,0.18153683330547393
PPO,line,24,0.48,0.047025923769972874,-0.008393100527871608,0.008932678233693743,0.15990497753354785
PPO,line,25,0.5,0.049646053604745395,-0.00852820055821667,0.008539410987353238,0.16246843308784703
PPO,line,26,0.52,0.051549880550142,-0.008336543829662793,0.008464532812155388,0.1570172330649574
PPO,line,27,0.54,0.05343369027607674,-0.007908134033633541,0.008588512289603459,0.14623201764888216
PPO,line,28,0.56,0.055762022673331135,-0.00735311503626024,0.008537435004583819,0.1112203942199219
PPO,line,29,0.58,0.05887241694283625,-0.0067214402498594365,0.006832651688767554,0.10121465519646386
PPO,line,30,0.6,0.06285196283077879,-0.006074036595158256,0.006668305718607699,0.09358127856570524
PPO,line,31,0.62,0.06762221367940602,-0.0054317692624774655,0.00597723889006524,0.0700870199229068
PPO,line,32,0.64,0.073006270731569,-0.004875044051418878,0.005666986905064924,0.06783860419623146
PPO,line,33,0.66,0.07876138259531063,-0.004521131993708811,0.004724774508427483,0.055958388449723215
PPO,line,34,0.68,0.08480195368766798,-0.004394443790561569,0.0064113238792366635,0.0650312500675159
PPO,line,35,0.7000000000000001,0.0906631201288954,-0.004413773743675797,0.0044434709407590285,0.06354500697226291
PPO,line,36,0.72,0.0956780212271586,-0.004298692420658115,0.0062152387195876044,0.05803560138368575
PPO,line,37,0.74,0.10042570509083777,-0.004142157360771976,0.004150231852984408,0.05877052090713529
PPO,line,38,0.76,0.10538933870248542,-0.004044601797235719,0.0062724893676104915,0.04577017173396861
PPO,line,39,0.78,0.11076367401631834,-0.004169479665386401,0.00420963191233631,0.04883959962655246
PPO,line,40,0.8,0.11614350119152529,-0.00459497249092327,0.006129572883510329,0.047480001624818184
PPO,line,41,0.8200000000000001,0.12089735962333538,-0.005140020405737728,0.005187066092174648,0.06359007466614947
PPO,line,42,0.84,0.12465311684554911,-0.0053046386779583635,0.006925782811679559,0.07160207656156599
PPO,line,43,0.86,0.12755789709810195,-0.005075678332280104,0.005730051457929537,0.05274968051541988
PPO,line,44,0.88,0.1302562262027332,-0.004596975631048257,0.0045971427454135905,0.04547859482450928
PPO,line,45,0.9,0.13340870423027892,-0.003968100294084658,0.005092407551749846,0.0359587772011586
PPO,line,46,0.92,0.1373388238006288,-0.0032856129165411596,0.004379005922306736,0.015463065917144761
PPO,line,47,0.9400000000000001,0.1421071286671833,-0.002605041214146567,0.003208720773591918,0.007251062670051961
PPO,line,48,0.96,0.14765032035196285,-0.001927135283721284,0.003236410799755509,-0.007327619861637456
PPO,line,49,0.98,0.1537016516135564,-0.0012969594464314542,0.00368688508946739,-0.01318438680872031
PPO,line,50,1.0,0.15992896352414462,-0.0007355518219965609,0.0008095559123432931,-0.020441288897440842
PPO,line,51,1.02,0.16559632110258582,-8.188255164441541e-05,0.0046882003625978875,-0.027931138523147037
PPO,line,52,1.04,0.17040549614194989,0.0006377750844138636,0.0006492807291510751,-0.04116178004318493
PPO,line,53,1.06,0.17536806833968271,0.0013502511195832094,0.005113909307377308,-0.05663714889500262
PPO,line,54,1.08,0.18070757234095655,0.0019054510641263796,0.0019484483490630048,-0.0754041459800042
PPO,line,55,1.1,0.1862725876533452,0.002100249384870046,0.004557400432334726,-0.0816224904775297
PPO,line,56,1.12,0.1914898287330458,0.0019667478762688175,0.0022897961300518753,-0.0819539699290738
PPO,line,57,1.1400000000000001,0.1960875122323525,0.0017931082397776325,0.004609442454953206,-0.07487229061400023
PPO,line,58,1.16,0.1995437192964488,0.0020114315196850504,0.00216107061636593,-0.08205240466815777
PPO,line,59,1.18,0.20239684231678828,0.002589813676391117,0.003311028223595094,-0.09658896529646721
PPO,line,60,1.2,0.20543763973395227,0.0033365606669973763,0.005938826606674781,-0.10336289479707844
PPO,line,61,1.22,0.20916336312600525,0.00408686663020856,0.00425581637128988,-0.1174880443186996
PPO,line,62,1.24,0.21377254299213755,0.004702884051223211,0.005816091440204105,-0.1306803979280121
PPO,line,63,1.26,0.21927079083061504,0.005151330030172967,0.005266733991989202,-0.12500583737800627
PPO,line,64,1.28,0.22541856141642042,0.005421633943874205,0.007351831723039024,-0.11346587154912312
PPO,line,65,1.3,0.2318278506126583,0.005441053353769083,0.00562937326217329,-0.10993200548267669
PPO,line,66,1.32,0.23807142586681632,0.005315117266015216,0.005803088784424516,-0.08413141739685492
PPO,line,67,1.34,0.2435130359293246,0.005042120438028769,0.005925353492476548,-0.0760889962223821
PPO,line,68,1.36,0.2489940709631601,0.004712798574291406,0.004923030423149166,-0.057385587911593844
PPO,line,69,1.3800000000000001,0.2546899651493267,0.004338778658202238,0.006089346073713507,-0.05694666547313326
PPO,line,70,1.4000000000000001,0.26046065890084996,0.0038226380958807774,0.0038227306583003347,-0.040546321954437095
PPO,line,71,1.42,0.26580507666550296,0.0032478844540391686,0.005668425336124673,-0.022278072129315346
PPO,line,72,1.44,0.2706262823124617,0.002963347178522058,0.0029685413343275165,-0.01998415667002259
PPO,line,73,1.46,0.27432808919549884,0.0033482161767701382,0.0051229191964941275,-0.0333923511783492
PPO,line,74,1.48,0.2773698051466803,0.004202854648102564,0.005221050129663147,-0.044928545721562664
PPO,line,75,1.5,0.2805369447668994,0.005227487155296782,0.005227949126868876,-0.07104175465751057
PPO,line,76,1.52,0.2843578670084037,0.00623017009584677,0.007345093399421769,-0.09785849991035192
PPO,line,77,1.54,0.28901932130507935,0.007056455596732753,0.007206889764827361,-0.09949373178585903
PPO,line,78,1.56,0.2944998411041386,0.007600029611129578,0.008595714255994334,-0.1175367019097787
PPO,line,79,1.58,0.30057472362021553,0.007835167610244666,0.007835516004037712,-0.10339308071160815
PPO,line,80,1.6,0.3069439960147009,0.007721274086728768,0.008508126295406893,-0.08001050921345831
PPO,line,81,1.62,0.31318526241645406,0.007356517013412819,0.007825288684825476,-0.07164379953783737
PPO,line,82,1.6400000000000001,0.3186030743257799,0.006809949397599288,0.007078470790168656,-0.03847687689935986
PPO,line,83,1.6600000000000001,0.32403673480300726,0.00613686779424982,0.007066026486471736,-0.030387528733292646
PPO,line,84,1.68,0.3297049167771306,0.005307102629273026,0.005374109853738501,-0.003844499213531194
PPO,line,85,1.7,0.3354757352031671,0.0042214582531799934,0.006486488443497244,0.010657711122302904
PPO,line,86,1.72,0.34082089489154976,0.002963169859486559,0.0029739750319899036,0.046385589530982554
PPO,line,87,1.74,0.3456324616995338,0.0019110219611030304,0.005307803555584326,0.07330683674277644
PPO,line,88,1.76,0.3494572454288094,0.0015592415010265723,0.0019239288569057333,0.07865982972336219
PPO,line,89,1.78,0.3525080261167348,0.0018535972506590133,0.002671426083662018,0.06998922534698385
PPO,line,90,1.8,0.35553723538622606,0.0024877151383551543,0.005542582831062772,0.052223814552303655
PPO,line,91,1.82,0.35919367026181603,0.003271706561202248,0.003561550998304567,0.04021174359550034
PPO,line,92,1.84,0.3636980732862117,0.004051830682353132,0.0050999200462178524,0.018575966658631954
PPO,line,93,1.86,0.36898860471830214,0.004718724497387024,0.004992023618586354,0.01248011925831298
PPO,line,94,1.8800000000000001,0.3749248891058024,0.005188898291411087,0.006743632296372463,-0.00421486917435665
PPO,line,95,1.9000000000000001,0.38129874758219406,0.005419449640596404,0.005460018730633897,0.0016067034286550432
PPO,line,96,1.92,0.38782374117654744,0.005426510442653549,0.0061188961000054115,0.013521617004345926
PPO,line,97,1.94,0.39377976475233484,0.005419747008625172,0.006257978406980355,0.010932295559578949
PPO,line,98,1.96,0.3988791555436684,0.00552730567982272,0.005809499480173881,0.02088672579151518
PPO,line,99,1.98,0.40410823469950224,0.005596393616355384,0.006569349478884693,0.009042914928131753
PPO,line,100,2.0,0.4097024389556687,0.005389064595513327,0.005477810720128036,0.017505593593897195
PPO,line,101,2.02,0.41548374855438563,0.004699742797919538,0.006717188208556683,0.02004065632392436
PPO,line,102,2.04,0.42072835662204583,0.0036045451007788065,0.003604647634833476,0.05215354928548828
PPO,line,103,2.06,0.4252822959686727,0.0024369967560139718,0.005188996148127275,0.07456673426193607
PPO,line,104,2.08,0.42881798128728604,0.0017429158746835728,0.0025782371241160422,0.09357412273631559
PPO,line,105,2.1,0.43166528839136714,0.0015804308411203898,0.0018426546926866715,0.09473761449643026
PPO,line,106,2.12,0.4345818387012316,0.001752722033728739,0.004242916677762729,0.08889937846970444
PPO,line,107,2.14,0.4382013522153745,0.0021043740313146015,0.00329325364405288,0.08545094238804207
PPO,line,108,2.16,0.4427134690235188,0.002508448483585813,0.003195059347304041,0.07438384639077565
PPO,line,109,2.18,0.44807555046378417,0.0028919380859613974,0.003939883890231316,0.07131828148095934
PPO,line,110,2.2,0.4541058584455148,0.0032066121435404085,0.004640662157597203,0.060883413480387005
PPO,line,111,2.22,0.4605901306578434,0.0033854842409560913,0.003390150741057303,0.06381843616400432
PPO,line,112,2.24,0.4671619352850805,0.0034414015609940613,0.004996723115888308,0.07035119643520323
PPO,line,113,2.2600000000000002,0.4731026129603713,0.0036730251358149165,0.0043432830140433445,0.062243025915305464
PPO,line,114,2.2800000000000002,0.4782326520986711,0.004137891630890514,0.004870347202174037,0.05810760949776321
PPO,line,115,2.3000000000000003,0.48350463881488615,0.004571845666075089,0.005311273038195198,0.03828546040478312
PPO,line,116,2.32,0.48920249634963286,0.004742998138462789,0.0050105868397577,0.034955704339611995
PPO,line,117,2.34,0.4951059525747682,0.004415336184729683,0.006154792701779811,0.028230291923325615
PPO,line,118,2.36,0.5003872975749342,0.0036266906478830273,0.003654186085206519,0.05125903623301009
PPO,line,119,2.38,0.5049327937034912,0.0026826317473312837,0.004898028578230056,0.06690490669095533
PPO,line,120,2.4,0.5083869031394751,0.002039892682395465,0.0031992187700774274,0.08349884705373148
PPO,line,121,2.42,0.5112815987403543,0.0018138643057692293,0.0018641776475070188,0.08539076141734311
PPO,line,122,2.44,0.5142968415974033,0.0018630657854798703,0.003916880235231724,0.08300149412082602
PPO,line,123,2.46,0.5179794256660051,0.002045220580516618,0.003539413052392604,0.08430106086928166
PPO,line,124,2.48,0.522525258766284,0.002251056111806243,0.0027952430980813636,0.07843560115345875
PPO,line,125,2.5,0.5279184052339787,0.0024472376267611748,0.0038455841495578427,0.07944709129985639
PPO,line,126,2.52,0.5339345480266363,0.0025959739556677608,0.004004996245580123,0.07433140180379123
PPO,line,127,2.54,0.5403547958027625,0.002637851831436811,0.0026939098912143193,0.08020615459411591
PPO,line,128,2.56,0.5467034263498451,0.0026272833454002533,0.00496657924211488,0.08775190254131339
PPO,line,129,2.58,0.5522808454116372,0.0029128103298878267,0.003215785242407819,0.0802938619157072
PPO,line,130,2.6,0.5574802383138435,0.003318413918867751,0.004790250460624259,0.07437663522106377
PPO,line,131,2.62,0.5628480435187639,0.0036242285156354685,0.004098192654664049,0.05799182791792994
PPO,line,132,2.64,0.568641380786437,0.0036642127622483556,0.0043316859521215926,0.05533756297861334
PPO,line,133,2.66,0.5745244338138087,0.003224795328820718,0.004812956116612028,0.05389705527751269
PPO,line,134,2.68,0.5794837646152692,0.002458199158739682,0.0028716772832949058,0.07453323810773241
PPO,line,135,2.7,0.5833521525431709,0.0018622444198228133,0.0030250289837591825,0.08452489627385243
PPO,line,136,2.72,0.5861393030171062,0.0016410104526913519,0.005115999596087187,0.09087348201380696
PPO,line,137,2.74,0.5886121876716703,0.0016596020937796367,0.002895582604087999,0.08710319531835217
PPO,line,138,2.7600000000000002,0.5914821867290526,0.0017865786357897145,0.0018544764131342426,0.08189945579619465
PPO,line,139,2.7800000000000002,0.5951197818021293,0.0019286794444004305,0.004562502825788756,0.07733232779234998
PPO,line,140,2.8000000000000003,0.5996179521072544,0.0020145334859345376,0.002443976032620914,0.08085055814134981
PPO,line,141,2.82,0.6049498961878491,0.002045295105460922,0.004446540953273593,0.0793849155580372
PPO,line,142,2.84,0.6108348993571264,0.0020113391440107157,0.002019689185335699,0.08682708096090405
PPO,line,143,2.86,0.6170313246220317,0.0018848953156833787,0.0044252361249883,0.09646562306542686
PPO,line,144,2.88,0.6227836637502281,0.0018555285042997696,0.0025496287168308525,0.09785837764917044
PPO,line,145,2.9,0.627460526670461,0.002088420097097621,0.004154323589752081,0.09681430878519971
PPO,line,146,2.92,0.6320389630432436,0.002298473261855757,0.0025015121746391512,0.08539082532656005
PPO,line,147,2.94,0.6369490506712928,0.0023370523254970833,0.004736163329360182,0.0825563848449928
PPO,line,148,2.96,0.6421839550614781,0.0020567648381016193,0.002339794630839572,0.0784124671809601
PPO,line,149,2.98,0.6473085446208324,0.0014029179626003257,0.004028754874990607,0.09115519299084365
PPO,line,150,3.0,0.6518016796707042,0.0005774966685306675,0.0009202873325566525,0.10503970425297529
PPO,line,151,3.02,0.6553266213343327,7.910391580682564e-05,0.004242217014068976,0.11325082899461786
PPO,line,152,3.04,0.6581699494414321,-9.431465924954155e-06,0.0029319021223650206,0.1126797226771341
PPO,line,153,3.06,0.6609266604088571,0.00015413418288417617,0.00023333232116590956,0.10761187648342758
PPO,line,154,3.08,0.6642267422903544,0.00042863797164933076,0.0031541666683725733,0.1006674333879879
PPO,line,155,3.1,0.6683381832773069,0.0007106708270908894,0.002869736197460536,0.09591938208160336
PPO,line,156,3.12,0.6732809350833991,0.0009587758573894516,0.0023654266132766646,0.09013540981437998
PPO,line,157,3.14,0.6789089465574922,0.0011653137354654846,0.002512821815834848,0.08876606168609566
PPO,line,158,3.16,0.6850426821760892,0.0012851641823508249,0.004113376426135078,0.08611956438545139
PPO,line,159,3.18,0.6913428287217023,0.0013276344449827428,0.0013412902036921864,0.08988960450018674
PPO,line,160,3.2,0.6970868079604285,0.001572391463670234,0.004374192311302072,0.08821474788710118
PPO,line,161,3.22,0.701986414725529,0.0020881996302762685,0.00224262683882618,0.07344269720995775
PPO,line,162,3.24,0.7070138567011004,0.002611165496465585,0.004921300464762805,0.06203676489869794
PPO,line,163,3.2600000000000002,0.7124931286093598,0.0029376368809436093,0.0032156030495497237,0.04381858092677861
PPO,line,164,3.2800000000000002,0.7182221730540468,0.0028217479439122824,0.004103857939243348,0.04317803168564059
PPO,line,165,3.3000000000000003,0.7234504733309474,0.0022466766752147734,0.0031785489437949226,0.04926413677249416
PPO,line,166,3.3200000000000003,0.7280248866913591,0.0014943582618553528,0.0035261219777921516,0.06706710688130553
PPO,line,167,3.34,0.7315601956028035,0.0010282820773009067,0.0010835057727219919,0.072935076923344
PPO,line,168,3.36,0.734517057856519,0.0009531228424452061,0.003433310649970615,0.07204114883664707
PPO,line,169,3.38,0.7375618280028202,0.0011351315404089317,0.003844944526311527,0.07064739031672818
PPO,line,170,3.4,0.7412266841517355,0.0014342348581401884,0.0014342612943631413,0.064232980479201
PPO,line,171,3.42,0.7457236536475359,0.0017382854694358175,0.004813120205512245,0.05679345350203414
PPO,line,172,3.44,0.7510464433468312,0.002006946782334273,0.0020174549862691103,0.05597584150337573
PPO,line,173,3.46,0.7569809195538089,0.002201338725027255,0.004819922256153651,0.05787551298395973
PPO,line,174,3.48,0.7633183533009883,0.002260766619197653,0.0030515260255841547,0.05672851654302545
PPO,line,175,3.5,0.76960569799678,0.002238797409029394,0.0027989046577743927,0.06526810652305398
PPO,line,176,3.52,0.7751672572613507,0.002460708791599908,0.004596010783840553,0.06057291713647832
PPO,line,177,3.54,0.7803503373738745,0.002779443447036282,0.002937906016825971,0.056441503053194196
PPO,line,178,3.56,0.7857020165484535,0.0030156713859484925,0.005334127956897756,0.04232974754566267
PPO,line,179,3.58,0.791467264235891,0.0030074600990733073,0.0030111191686185822,0.04069504149772764
PPO,line,180,3.6,0.7973108056023424,0.002570707943606721,0.004775686482586572,0.04892250352692275
PPO,line,181,3.62,0.8022662721828433,0.0018413110295047027,0.0020631657330404942,0.06013841097177452
PPO,line,182,3.64,0.8061191964915759,0.0013198611181915493,0.004962380324256105,0.0692791704585915
PPO,line,183,3.66,0.8089334625174264,0.0011848105863289814,0.002693385821329267,0.07296278835483595
PPO,line,184,3.68,0.811428523296482,0.0012813247284327743,0.0012835926544114101,0.06812979425286755
PPO,line,185,3.7,0.8143201822406476,0.0014822217194160009,0.0033174660079562926,0.06195697559131329
PPO,line,186,3.72,0.8179851337946927,0.001691393540587656,0.0037829898701048324,0.0620643431903388
PPO,line,187,3.74,0.8225095704500226,0.0018345484908014748,0.002160228500633959,0.05903398981209323
PPO,line,188,3.7600000000000002,0.8278717037909623,0.0019207240678470745,0.004004615820223956,0.06313313178787179
PPO,line,189,3.7800000000000002,0.8337903301489004,0.0019402182702164172,0.003089816900840894,0.06375924028587704
PPO,line,190,3.8000000000000003,0.8400053204629667,0.0018690454789751921,0.0023334495593986962,0.07305123715381256
PPO,line,191,3.8200000000000003,0.8457423666369409,0.0018974188697140825,0.004736671155085313,0.07400400382541815
PPO,line,192,3.84,0.8504012339017228,0.0021390890629072105,0.002368884635643437,0.07361204372959593
PPO,line,193,3.86,0.8550123002921224,0.0023665666156207775,0.00430258254783476,0.06214082402470579
PPO,line,194,3.88,0.859945110635021,0.0024479644251206682,0.0028660887320652736,0.05907865645590841
PPO,line,195,3.9,0.86516815682169,0.0022028919883427486,0.0043340248477331455,0.05437736851563761
PPO,line,196,3.92,0.8702772280567491,0.0015981418604845423,0.0019837175095589045,0.0675915044233282
PPO,line,197,3.94,0.8748395498616524,0.0008305832934552479,0.003487479398816075,0.08059442878355086
PPO,line,198,3.96,0.878419558084351,0.0004014900486366217,0.0030758726911049813,0.0885555825605889
PPO,line,199,3.98,0.8813012632812751,0.00038287741733835604,0.0004180542795346205,0.08649648242876122
PPO,line,200,4.0,0.8841304216569762,0.000607985660593808,0.0027298715471762974,0.08035497883790207
PPO,line,201,4.0200000000000005,0.8875219324513638,0.0009307723448998436,0.004071690050085553,0.0754090239307051
PPO,line,202,4.04,0.8917307108700437,0.0012426763972942496,0.0012665785486511783,0.06873421178089838
PPO,line,203,4.0600000000000005,0.8967740097532753,0.0015078245119450001,0.004963083138743359,0.06694429625067014
PPO,line,204,4.08,0.902504238421441,0.0017199406032752905,0.0019903937253837926,0.062295651671153175
PPO,line,205,4.1,0.9087232289975573,0.0018334995654494671,0.0033435261378723683,0.06536993518112041
PPO,line,206,4.12,0.9150854852624088,0.0018591299756328345,0.0040217862157433705,0.06543400240443603
PPO,line,207,4.14,0.920880797561597,0.002080164443071818,0.0021808792600818815,0.06644191288358603
PPO,line,208,4.16,0.92586746983703,0.0025500908923540232,0.005026481881926154,0.05211513797874498
PPO,line,209,4.18,0.9309936823666255,0.0030298661100237006,0.0030809842187308617,0.042618437738741737
PPO,line,210,4.2,0.9365479190115373,0.003305155644117832,0.005989773725492342,0.024616837051598343
PPO,line,211,4.22,0.9423427706300082,0.003136787011079283,0.0032307456108233612,0.02702046027806948
PPO,line,212,4.24,0.9476325354238422,0.002548058233863287,0.0047034347147186665,0.04198638262057605
PPO,line,213,4.26,0.9522487701784559,0.0018165062688575736,0.0019336468953005492,0.05324746570106732
PPO,line,214,4.28,0.9557812078989565,0.0013942367752491553,0.004420843992347825,0.05832518187925559
PPO,line,215,4.3,0.9587244682583622,0.0013581358997197444,0.00318254376661033,0.06091387662733304
PPO,line,216,4.32,0.9617764978800343,0.001563019818595122,0.00157265593704914,0.05580911869664658
PPO,line,217,4.34,0.9654741858154879,0.001868422708086315,0.004298793954686315,0.048638509085522835
PPO,line,218,4.36,0.9700167283969875,0.002163926888492666,0.002692772848419849,0.04797969519727959
PPO,line,219,4.38,0.9753924698335599,0.0024134911553803,0.004478979241284501,0.04133815483524726
PPO,line,220,4.4,0.9813863307088494,0.0025857425697425416,0.002597773932786796,0.04483719006169838
PPO,line,221,4.42,0.987777395282654,0.00262243199108557,0.004679269100675568,0.05206177966960907
PPO,line,222,4.44,0.994110843006554,0.0025729116595000242,0.0035583806803580445,0.0541411494678556
PPO,line,223,4.46,0.9997139296591457,0.002759846578195865,0.003382426547254087,0.05848708470690586
PPO,line,224,4.48,1.0049674095020662,0.003010315531609396,0.004465259514683485,0.04708176425453142
PPO,line,225,4.5,1.010371751551162,0.003162506615437741,0.0034247736390544494,0.04471741552694816
PPO,line,226,4.5200000000000005,1.0161574198398087,0.0030607658008318566,0.0054185421235843235,0.035643593225190964
PPO,line,227,4.54,1.0219898491834636,0.0025551039268669495,0.0025711731680516355,0.04693386672790617
PPO,line,228,4.5600000000000005,1.0269177592305183,0.0018000254979242734,0.005128071649825872,0.06539850161188919
PPO,line,229,4.58,1.0306693076539803,0.0013119048873000856,0.0016804959906180532,0.0735485675095395
PPO,line,230,4.6000000000000005,1.0334069335716385,0.001229929626657566,0.00208807305427503,0.07209062533208892
PPO,line,231,4.62,1.0358488236917278,0.0013892931497384439,0.004356739693154001,0.06550815817173633
PPO,line,232,4.64,1.038707472923991,0.0016584105650954064,0.0034530677850869145,0.06249776033173938
PPO,line,233,4.66,1.0423513582669919,0.0019345256648461762,0.0020299694500472837,0.05593432271258178
PPO,line,234,4.68,1.0468557634612528,0.002138937575684212,0.005343894755764722,0.057347983651705195
PPO,line,235,4.7,1.0521894058249992,0.002270470458764013,0.002312045552915527,0.05435484757566937
PPO,line,236,4.72,1.0580773839645514,0.0023217411900677584,0.004361543276696634,0.06066452354707096
PPO,line,237,4.74,1.0642630020528707,0.0022680412212283487,0.0033706060073284663,0.06286092190975089
PPO,line,238,4.76,1.0699720204149252,0.0023044752660876053,0.0029329600795810515,0.0702372690796868
PPO,line,239,4.78,1.074613027532858,0.002556135889820308,0.0038110575660802197,0.06291176268462854
PPO,line,240,4.8,1.0791993319899247,0.002777469812552981,0.003807026628026682,0.05941976644938464
PPO,line,241,4.82,1.0841301615180539,0.0028303631145607474,0.003664234269385129,0.04869981839410951
PPO,line,242,4.84,1.089368812040055,0.0025364317342971973,0.003527085947347165,0.05275300870110802
PPO,line,243,4.86,1.0944829107209426,0.001869835395083009,0.003254071052774596,0.060650248635803254
PPO,line,244,4.88,1.0990410094159524,0.0010300005695121541,0.0029791065925752866,0.0794334789945405
PPO,line,245,4.9,1.1026302552606422,0.0005415331720640284,0.000960975490581206,0.08684936465282941
PPO,line,246,4.92,1.1055091866307956,0.0004844711582463928,0.0037046076830856167,0.08588957658127819
PPO,line,247,4.94,1.1083262564848022,0.0006824268890030022,0.003592248653258497,0.0823458167807111
PPO,line,248,4.96,1.1117113750276617,0.0009874936909528057,0.0009976103911208784,0.07553231136856715
PPO,line,249,4.98,1.1159196411299006,0.0012897290568271336,0.004266175276277399,0.0685366685347355
PPO,line,250,5.0,1.1209664878585188,0.0015527234905565294,0.0017963552820857286,0.06681667195267003
PPO,line,251,5.0200000000000005,1.1267120244977498,0.001769422101272167,0.005155400815635238,0.061427488758039474
PPO,line,252,5.04,1.1329499549218645,0.0018947909877859096,0.0021728362096817863,0.0643455420398926
PPO,line,253,5.0600000000000005,1.139341626032572,0.0019372406396001938,0.0032116068874456193,0.06988770012848033
PPO,line,254,5.08,1.1451689360862765,0.0021687344776490894,0.003920283740632976,0.06414109041548272
PPO,line,255,5.1000000000000005,1.1501662300004556,0.0026436215911394417,0.0031723770099916482,0.05737954700662415
PPO,line,256,5.12,1.155298244192366,0.003125019720439309,0.004602084795317516,0.038886992249934596
PPO,line,257,5.14,1.160850265860343,0.003395753129897007,0.0035652736652596016,0.03168412314263867
PPO,line,258,5.16,1.1666412390898828,0.0032163696100271635,0.005699037638966668,0.02361874637866881
PPO,line,259,5.18,1.1719342669085933,0.002602007612444507,0.002602076897211425,0.04058707106730659
PPO,line,260,5.2,1.1765657237512979,0.0018367181742377275,0.004964715269391706,0.05324144781886667
PPO,line,261,5.22,1.1801292439532542,0.0014017934161324737,0.0023137033571186275,0.0639922162318242
PPO,line,262,5.24,1.1830737498891957,0.0013669146942885562,0.0017569377226083632,0.06212033898484692
PPO,line,263,5.26,1.18611867020803,0.0015808201459160767,0.00443969282618275,0.056200021427847156
PPO,line,264,5.28,1.1898133794689996,0.001900399098577784,0.002886970250300287,0.05432314941802107
PPO,line,265,5.3,1.1943502758579658,0.002210119641403775,0.0032359515545941687,0.04684557173384341
PPO,line,266,5.32,1.199720452531259,0.002473048676742773,0.0033656410862922276,0.04724315135068233
PPO,line,267,5.34,1.2057093616481063,0.002653366032285544,0.004557955235012595,0.04229850100350589
PPO,line,268,5.36,1.2120950840306153,0.0026962485642976113,0.0026972928871901443,0.049562049135679215
PPO,line,269,5.38,1.218426304280693,0.0026524490978375097,0.004480027319292224,0.059495565139577836
PPO,line,270,5.4,1.2240311276846643,0.00283783041711814,0.003468560516693469,0.055510100237325194
PPO,line,271,5.42,1.2292769847623237,0.0030847266093999536,0.004150198073283862,0.053418800027362184
PPO,line,272,5.44,1.2346719206835206,0.003234910662176207,0.004161872223763832,0.041304238197481545
PPO,line,273,5.46,1.24045302322301,0.0031268230420030073,0.003520229278248461,0.04237550587006783
PPO,line,274,5.48,1.2462847258884096,0.002605573380021686,0.004954991613406378,0.044536039457033175
PPO,line,275,5.5,1.25121706981427,0.0018267476064111315,0.00202322938897769,0.06484559657508951
PPO,line,276,5.5200000000000005,1.2549986167727232,0.0013075414273133051,0.0031919077979816863,0.07408153238905366
PPO,line,277,5.54,1.2577955836991725,0.0011776638885339506,0.004465992099439368,0.07759818053642939
PPO,line,278,5.5600000000000005,1.2602796549788289,0.001290414520640764,0.002234189251178235,0.07261225489192034
PPO,line,279,5.58,1.263171721595923,0.0015170933148636692,0.0018554398456009054,0.06592346666184573
PPO,line,280,5.6000000000000005,1.2668440099042106,0.0017583429226049594,0.005056100136186818,0.05980759451547976
PPO,line,281,5.62,1.2713733703340142,0.001936320325695003,0.0020753533319446686,0.06159922682953443
PPO,line,282,5.64,1.2767286582561623,0.0020512750290328174,0.0050443645453208145,0.05872460923048802
PPO,line,283,5.66,1.2826362207704978,0.0020972195342430643,0.002155842335364466,0.06492898685634346
PPO,line,284,5.68,1.2888381121431511,0.0020523800106447844,0.0038993143741729644,0.07343902571773567
PPO,line,285,5.7,1.2945632956752027,0.002108796195470912,0.0032021408672792137,0.07305666119168841
PPO,line,286,5.72,1.2992159262648724,0.0023932551284588386,0.0038020913446080848,0.0718712565172476
PPO,line,287,5.74,1.3038187964427543,0.0026542804428900833,0.0031245477403800317,0.05929131558364667
PPO,line,288,5.76,1.3087702185084265,0.002742385453929219,0.004381201368556676,0.056213151203199405
PPO,line,289,5.78,1.3140308561795457,0.002481088909995028,0.003091227559472801,0.05123967065953189
PPO,line,290,5.8,1.3191623692990162,0.0018332747579229206,0.003551115775361426,0.06535352287156942
PPO,line,291,5.82,1.32372821893281,0.0009997091376793572,0.0018230905922842317,0.07936057120618822
PPO,line,292,5.84,1.327322750256314,0.0005018514593532521,0.0049232618644735205,0.08902628987451701
PPO,line,293,5.86,1.3302287443964704,0.0004325186623111842,0.002038046637998806,0.08824591839951762
PPO,line,294,5.88,1.3330746999791947,0.0006218850946072921,0.0010567049890399095,0.08321288054728271
PPO,line,295,5.9,1.3364863977813968,0.0009228471073195579,0.004364706523077033,0.07607333610171449
PPO,line,296,5.92,1.340719872408999,0.0012261167387278362,0.0019506988011884024,0.07265304176025487
PPO,line,297,5.94,1.3457869566335166,0.0014933338677715691,0.003851207548987872,0.06626903758418201
PPO,line,298,5.96,1.351536439075452,0.0017149796333577492,0.001858951071626754,0.0661198532490643
PPO,line,299,5.98,1.3577736486660394,0.0018420021380927132,0.004859444502235811,0.06879603616029098
PPO,line,300,6.0,1.3641445580464124,0.001884327955075443,0.002657624878731473,0.06845495326544668
PPO,line,301,6.0200000000000005,1.369943604387776,0.0021281354621368823,0.0031656190991574875,0.06883320318171869
PPO,line,302,6.04,1.3749447200186364,0.0026235604612455075,0.0037344039935245225,0.054081392670100065
PPO,line,303,6.0600000000000005,1.3800926757338685,0.0031240121914453485,0.0038273618071538243,0.044216622452621715
PPO,line,304,6.08,1.3856763105016894,0.0034197176449005835,0.004802918681100377,0.0257718662628075
PPO,line,305,6.1000000000000005,1.3914935427034574,0.003265086125054518,0.0033681897776976473,0.027694444893632684
PPO,line,306,6.12,1.3967678447023733,0.0026755802736681497,0.005190115634020519,0.03418882455600375
PPO,line,307,6.140000000000001,1.4013549676723107,0.0019435557812823555,0.002177669816571442,0.05334346443168647
PPO,line,308,6.16,1.4048622307821124,0.0015224357066139615,0.00294846501117071,0.0581486018575285
PPO,line,309,6.18,1.407792058186403,0.0014846047221064597,0.004797360069029818,0.06088711720940215
PPO,line,310,6.2,1.4108415958901888,0.0016860575841723517,0.00226493357194072,0.05590157241164748
PPO,line,311,6.22,1.4145388650672235,0.001986423438183324,0.002952939047045427,0.04898006633499579
PPO,line,312,6.24,1.4190804849308263,0.002275848310316536,0.0040005573543064575,0.048667072549712254
PPO,line,313,6.26,1.4244556087094429,0.002519521085799573,0.0032703476921051586,0.04227620305779442
PPO,line,314,6.28,1.4304455500024142,0.0026838315726583953,0.0033126110987861494,0.046049930540102146
PPO,line,315,6.3,1.4368290267141373,0.0027096860907699985,0.005203001696260239,0.04518106026925825
PPO,line,316,6.32,1.443144610279663,0.002651156236297058,0.0027526574585942714,0.056026700394903206
PPO,line,317,6.34,1.448679175031208,0.0028058243676299193,0.0046767155375199345,0.061084551743439464
PPO,line,318,6.36,1.4538824935678882,0.0030072753722977935,0.003343731775038752,0.05096943597436155
PPO,line,319,6.38,1.459260307450898,0.0031045184390217227,0.0044420630593265086,0.049553868752437946
PPO,line,320,6.4,1.4650177516706733,0.0029434409794469357,0.003914343105073301,0.04228954946536079
PPO,line,321,6.42,1.4708095324607393,0.0023827508658341235,0.0028951807685813,0.0543928310409406
PPO,line,322,6.44,1.4757097300996564,0.0015880922531066265,0.0036223236305645726,0.06793868009440475
PPO,line,323,6.46,1.479433168330844,0.001090156495348556,0.003227313748691486,0.08087587039809561
PPO,line,324,6.48,1.4822154838313204,0.0009901965032863066,0.001022578905795769,0.08008597376628172
PPO,line,325,6.5,1.4847165288012767,0.001137728676356782,0.0025174974427223697,0.0743112111054659
PPO,line,326,6.5200000000000005,1.4876413777474664,0.0013973963120109461,0.0050435518318839734,0.07092650324694813
PPO,line,327,6.54,1.491347943479872,0.0016672456510596603,0.0020194676435114065,0.06483796856647805
PPO,line,328,6.5600000000000005,1.4959068155818116,0.0018717264710749358,0.0038981048908808195,0.059874748993165854
PPO,line,329,6.58,1.501278100254046,0.0020145152938907253,0.0023582891626458937,0.06262693701575608
PPO,line,330,6.6000000000000005,1.5071908375413268,0.0020804091302372976,0.005127662316815583,0.061345047401908194
PPO,line,331,6.62,1.5133850961497881,0.002056072820994466,0.0022303196057739524,0.06949498444025794
PPO,line,332,6.640000000000001,1.519095655308456,0.002141560596731538,0.004053764623524132,0.07476989706575224
PPO,line,333,6.66,1.5237467970474938,0.002457825959389818,0.002739189001357678,0.06590069746794254
PPO,line,334,6.68,1.528378986514283,0.0027654467970342727,0.005008051558316043,0.06037366671479005
PPO,line,335,6.7,1.5333638064366877,0.002892469647180758,0.003003622945083548,0.04817852377206304
PPO,line,336,6.72,1.5386418353094646,0.0026524278759490405,0.004740604217973002,0.05090971662863879
PPO,line,337,6.74,1.543759861637487,0.0020141373280517256,0.002338857902232126,0.05811075487174642
PPO,line,338,6.76,1.5483291349212525,0.0011847476729446307,0.004420242562396907,0.07645230411832549
PPO,line,339,6.78,1.5519253811507498,0.0006830151006702699,0.0009513697809016059,0.0836452815453833
PPO,line,340,6.8,1.5548343131051534,0.0006063184243708626,0.002327044212739813,0.0830567221667948
PPO,line,341,6.82,1.5577037326734968,0.0007903370018818401,0.004963928918549705,0.08037215464899335
PPO,line,342,6.84,1.5611510542989233,0.0010868370780621446,0.0018147329866985017,0.0740136335792932
PPO,line,343,6.86,1.5654249269966292,0.0013843196593499706,0.0031419816553912095,0.06723975585902939
PPO,line,344,6.88,1.5705352042172434,0.0016464258730052356,0.0026573310771052148,0.06576117851070805
PPO,line,345,6.9,1.5763202718561584,0.0018594708528060287,0.0041402880018301105,0.060574514661006364
PPO,line,346,6.92,1.5825853305119222,0.001974985286319347,0.0019756802727897683,0.0639296146327312
PPO,line,347,6.94,1.588963629752665,0.002007060431524931,0.0042012205426174625,0.06988219334015047
PPO,line,348,6.96,1.594760232476488,0.00224160325035386,0.0030755835711128933,0.06434332272467634
PPO,line,349,6.98,1.5997809957991433,0.0027232818752909583,0.003971029284306169,0.05751132180120062
PPO,line,350,7.0,1.6049591162470613,0.0032046437386462467,0.003937597623027706,0.038930918056401
PPO,line,351,7.0200000000000005,1.6105763934441568,0.003479613100784678,0.004070110559136809,0.031259624268212466
PPO,line,352,7.04,1.616417972523966,0.00330534539604173,0.004983913933793259,0.022810347778357068
PPO,line,353,7.0600000000000005,1.6216844966963015,0.002709094425472094,0.002894756409670473,0.039143683549929906
PPO,line,354,7.08,1.6262192762081933,0.002013259916985229,0.004050532616510883,0.050110326811706456
PPO,line,355,7.1000000000000005,1.6296451467616773,0.001609969029963514,0.003471903818828386,0.05990408745094594
PPO,line,356,7.12,1.6325252936547199,0.0015708031881905343,0.0015829727531098394,0.057896327824939336
PPO,line,357,7.140000000000001,1.635551215405184,0.0017647427183357474,0.0033351600736009346,0.05259207414231127
PPO,line,358,7.16,1.6392378841082131,0.0020502421604068595,0.004056301223783663,0.05205823375010163
PPO,line,359,7.18,1.6437742056867084,0.0023153504796227884,0.0025366877194594574,0.04581761918641088
PPO,line,360,7.2,1.6491512560724308,0.002530704084083485,0.004403235816210221,0.04759692100181384
PPO,line,361,7.22,1.655140230020363,0.0026691358432616207,0.0035798826456953877,0.044038883257404626
PPO,line,362,7.24,1.6615072292844477,0.002678102537408225,0.002961430609646413,0.052288450011515886
PPO,line,363,7.26,1.6677720729930134,0.0026204477788189344,0.005645761450318713,0.054278805509937134
PPO,line,364,7.28,1.6732311373583175,0.002797932522554319,0.002832810419811271,0.05865070419881922
PPO,line,365,7.3,1.6783972037689023,0.0029975072620727454,0.005330182703848004,0.056944023477376135
PPO,line,366,7.32,1.6837449608995256,0.0030702058295018733,0.0032109659650482224,0.046591261542845736
PPO,line,367,7.34,1.6894513941170581,0.0028612518463331793,0.00442080224518031,0.04968298370376237
PPO,line,368,7.36,1.6951545092068125,0.0022683869445658113,0.00325409323720388,0.05460802014967489
PPO,line,369,7.38,1.699981024473893,0.0014809484958352038,0.003218055328273295,0.07398576959714206
PPO,line,370,7.4,1.7036494618901008,0.0010257885907520754,0.0013079027789786697,0.08174438894300982
PPO,line,371,7.42,1.7064089704110363,0.0009685590489167515,0.0036999301660586414,0.08011255451954077
PPO,line,372,7.44,1.7089218366729568,0.0011536733562053578,0.004098637801270229,0.07687895710113848
PPO,line,373,7.46,1.7118725100339427,0.0014422753319332314,0.0017449839718984852,0.0690240239664049
PPO,line,374,7.48,1.7156070807366866,0.0017332357639894967,0.0032525969695648225,0.06182435200654242
PPO,line,375,7.5,1.72018752312541,0.0019517584495064412,0.003318559553080502,0.06234744503466416
PPO,line,376,7.5200000000000005,1.7255600353767093,0.0020990794525717997,0.0034109548310622176,0.058697807378929066
PPO,line,377,7.54,1.7314634879168747,0.0021615276361163648,0.0025887941155519263,0.0641876108162758
PPO,line,378,7.5600000000000005,1.7376368534415423,0.002127697494079228,0.005203586295488461,0.06549866224534118
PPO,line,379,7.58,1.743313168869744,0.0022229377434045978,0.002260129096244656,0.070523889934106
PPO,line,380,7.6000000000000005,1.747970446197977,0.0025517530831145486,0.005569985005983713,0.06816131196165497
PPO,line,381,7.62,1.7526294173103845,0.002854073918663464,0.002868984349834444,0.05470975080131871
PPO,line,382,7.640000000000001,1.7576600363598116,0.0029555585387837265,0.005584685572946876,0.04224507873125621
PPO,line,383,7.66,1.7629723213682422,0.002670217462694562,0.0026704350756547902,0.046807845524706876
PPO,line,384,7.68,1.7680842986252834,0.001980000965397408,0.005257699486027195,0.062224411081333926
PPO,line,385,7.7,1.7726574363073317,0.0011203546520669261,0.0011591781546324805,0.07638412100654765
PPO,line,386,7.72,1.7763314568900952,0.000590352821886436,0.0034277521650027737,0.0846999705872866
PPO,line,387,7.74,1.779325612557124,0.0004993149852637141,0.0036800381930124815,0.0862976906997202
PPO,line,388,7.76,1.7822771824708674,0.0006791111393270861,0.0009713055854554336,0.08180885916025034
PPO,line,389,7.78,1.7858130446381102,0.0009799924625538043,0.0030056750998517586,0.0749547881012524
PPO,line,390,7.8,1.79017214536075,0.001288758557120227,0.003097047564148181,0.07162553470732505
PPO,line,391,7.82,1.7953564939412092,0.0015680186279096566,0.002840239308831088,0.06504675987610589
PPO,line,392,7.84,1.8011965310572147,0.0017985478986888542,0.002550561634706102,0.06483154106327393
PPO,line,393,7.86,1.8074996864280561,0.001930357875538294,0.004891667668369762,0.061543108036464116
PPO,line,394,7.88,1.8138784330956808,0.0019889255881044825,0.002165597314676404,0.06691609690233126
PPO,line,395,7.9,1.8196226795138541,0.0022738832618951813,0.004103373402533869,0.06701599471831403
PPO,line,396,7.92,1.8246834113345698,0.002791432995670599,0.0032400878457580664,0.05173216112841038
PPO,line,397,7.94,1.8299182947608663,0.003296959253488737,0.004550762145780586,0.041818458629898345
PPO,line,398,7.96,1.8355921641488258,0.0035849280581680943,0.004391861243875879,0.023146607788060602
PPO,line,399,7.98,1.8414751579826063,0.003406707579485011,0.003762296977859283,0.025894703424395843
PPO,line,400,8.0,1.8467091232750827,0.002806333281807421,0.004594096938721774,0.03264083397496145
PPO,line,401,8.02,1.8511419999705632,0.0021173216222809214,0.0028760804016477676,0.05108840126474049
PPO,line,402,8.040000000000001,1.854474960357479,0.0017042143326583168,0.0021969688325604686,0.055348988607018194
PPO,line,403,8.06,1.8573150477333626,0.001634663902415435,0.004531665709732524,0.054197828627164525
PPO,line,404,8.08,1.860329901586554,0.0017717590940489261,0.003292609060963205,0.05590652101427939
PPO,line,405,8.1,1.8640248835734199,0.001981171712910452,0.002184240068917921,0.05142340822610289
PPO,line,406,8.120000000000001,1.868580918077461,0.0021674022264767333,0.005031687073250484,0.053450017926317844
PPO,line,407,8.14,1.873990460559893,0.0023206900237737033,0.0024779128564571145,0.04968716844625193
PPO,line,408,8.16,1.8800064835281818,0.00242024321099026,0.00395822018050438,0.05481891358038067
PPO,line,409,8.18,1.886382682120509,0.0024116510797088718,0.004042321305099783,0.05572977125822414
PPO,line,410,8.2,1.8925795588340855,0.0023812744386836155,0.0024498772137254623,0.06540480960746316
PPO,line,411,8.22,1.8978693806606821,0.00258186348715166,0.005374845515671639,0.05993952239503893
PPO,line,412,8.24,1.9029187638702851,0.002764062808652044,0.0027756347156859926,0.057811296253928265
PPO,line,413,8.26,1.9081747947351315,0.0028099918665730793,0.005737985461925853,0.04748506413593416
PPO,line,414,8.28,1.9137527178461382,0.002560044591059666,0.0026214506262390138,0.05181469160117866
PPO,line,415,8.3,1.9192686858161763,0.0019370191435885524,0.0043874032113229,0.06507007338901002
PPO,line,416,8.32,1.924002097830311,0.0011403155743319774,0.0013910927662949529,0.0786765487408695
PPO,line,417,8.34,1.9276376731582536,0.0006936444264329312,0.004486279080181722,0.08632790541479585
PPO,line,418,8.36,1.9304481056480238,0.0006410536540612098,0.0028470411699124416,0.08710529221771676
PPO,line,419,8.38,1.9330749013019701,0.0008296055290367911,0.000842552174862808,0.08123711835674237
PPO,line,420,8.4,1.936173776812358,0.0011129177310227225,0.0031545768975156365,0.07370822027992452
PPO,line,421,8.42,1.9400611636259448,0.001394355466812072,0.0034700378923497133,0.07118856227541533
PPO,line,422,8.44,1.9447815978477765,0.0016127384330663964,0.0022318966572433376,0.06622167159926037
PPO,line,423,8.46,1.9502554727402592,0.0017776479334257371,0.003487083307431045,0.06769688238431418
PPO,line,424,8.48,1.9562483329028724,0.0018619174812158415,0.0035248021469158346,0.06600842868805593
PPO,line,425,8.5,1.9624786091569817,0.0018639624694338425,0.002025837077205293,0.07249095451389109
PPO,line,426,8.52,1.968174460616239,0.0020185809759092448,0.005301661127393973,0.06845067263081568
PPO,line,427,8.540000000000001,1.972880230187078,0.0024192811195628216,0.0024535407949415372,0.06348044953173246
PPO,line,428,8.56,1.9776491712363933,0.0028232896745818675,0.005194581194690361,0.04703205509446545
PPO,line,429,8.58,1.9828289698819217,0.0030178057948236723,0.003055199096583049,0.04199011498433465
PPO,line,430,8.6,1.9882836990815778,0.002807255376437507,0.0057151603149075214,0.035216041907185705
PPO,line,431,8.620000000000001,1.9934694910659778,0.002176337343294021,0.0021813156140294615,0.051187991232850956
PPO,line,432,8.64,1.9980987409292583,0.0013483393527624723,0.004963197273195665,0.06539400284622064
PPO,line,433,8.66,2.0017491763165274,0.0008443220738473592,0.001800026476323323,0.0765881218050343
PPO,line,434,8.68,2.0047211085938295,0.0007706430349124709,0.0015825284707320858,0.0759973838988655
PPO,line,435,8.700000000000001,2.007693783134183,0.0009645107158012364,0.0044604152304301165,0.0707672412092538
PPO,line,436,8.72,2.011279626983101,0.0012783000676178905,0.002437967294978189,0.06725139072001103
PPO,line,437,8.74,2.0156985834211096,0.0015939758482699361,0.0028337898188895497,0.06008796629619508
PPO,line,438,8.76,2.020949670403481,0.0018748522449686463,0.0030633548305614654,0.05872298196115622
PPO,line,439,8.78,2.0268482095004536,0.002094076274894771,0.004057978765905179,0.05330170939601236
PPO,line,440,8.8,2.0331915613047595,0.0022000481331488683,0.0022088880857532357,0.05754367102984608
PPO,line,441,8.82,2.039575449349514,0.0022224147060914364,0.00442829135128731,0.06448264002808071
PPO,line,442,8.84,2.045303965571027,0.002467257869024281,0.003113015291647167,0.05919820218575303
PPO,line,443,8.86,2.050426542398679,0.0029062274051713088,0.004173864450173966,0.053378633760872984
PPO,line,444,8.88,2.055727822939513,0.0033054407833840354,0.004030018508720572,0.0360411282612418
PPO,line,445,8.9,2.061461630309671,0.003476321150825604,0.003999382093193118,0.03066204318098298
PPO,line,446,8.92,2.0673560362030883,0.0031894892855247863,0.0050512874060188685,0.025618116015181092
PPO,line,447,8.94,2.072526510668605,0.0025270671537493856,0.0026925029201129744,0.04379336808715473
PPO,line,448,8.96,2.0768550237457295,0.0018754442496050562,0.0038823044535890895,0.054213148330739584
PPO,line,449,8.98,2.08007119411888,0.0015377333342633359,0.003732719276810356,0.062435480734021956
PPO,line,450,9.0,2.0828342646930795,0.0015159826169451158,0.0016448370744281617,0.06014733485198832
PPO,line,451,9.02,2.0858362265713266,0.0016726582076220682,0.0028957219863605006,0.0556531907888448
PPO,line,452,9.040000000000001,2.089546405939909,0.0018847802250384423,0.004370081924898259,0.05646354199244004
PPO,line,453,9.06,2.094118842517534,0.0020617612127037657,0.0021557768325958745,0.05250648074274961
PPO,line,454,9.08,2.099545488022739,0.0022008315355818904,0.0045307914940466735,0.05564064125192971
PPO,line,455,9.1,2.10556860837633,0.0022803755469186595,0.003074916801575943,0.05425570897786192
PPO,line,456,9.120000000000001,2.1119346587763532,0.0022516433474277257,0.0027552235487963263,0.06304796991853223
PPO,line,457,9.14,2.118072832579815,0.002210804368168924,0.005058936716145741,0.06543534402453562
PPO,line,458,9.16,2.1232374952982997,0.002383911256548594,0.0024029311160520175,0.06813862236695845
PPO,line,459,9.18,2.128195399096179,0.0025288467234914264,0.0052985806855201595,0.0581680171146997
PPO,line,460,9.200000000000001,2.133394376695921,0.002527071295736287,0.0025322297856289083,0.05764483792306832
PPO,line,461,9.22,2.138916173326967,0.0022273736826533205,0.005161753459858865,0.061694417711536095
PPO,line,462,9.24,2.144358283726565,0.0015768014682011364,0.0017616948472839007,0.06933352316372196
PPO,line,463,9.26,2.1490579253810616,0.0007891717761491353,0.004599596584135888,0.08641042732219574
PPO,line,464,9.28,2.1526814336958027,0.00037616902184003026,0.0009827270986239825,0.09269618828179077
PPO,line,465,9.3,2.1555200720018446,0.0003716617918964933,0.0019662026998886035,0.09018074419913505
PPO,line,466,9.32,2.158215508528182,0.0006057489047535219,0.004665682525653929,0.0829143724677951
PPO,line,467,9.34,2.161407987337081,0.0009324956748965253,0.002387645678025701,0.0770742773191673
PPO,line,468,9.36,2.1653910352637924,0.0012503049258167178,0.0021793525507129946,0.06989949991504654
PPO,line,469,9.38,2.1702029302644346,0.00150204487127051,0.003735103033241222,0.06843810161139524
PPO,line,470,9.4,2.175739964523987,0.0016941716806138892,0.002711642981802107,0.06416128702945731
PPO,line,471,9.42,2.181784183307141,0.0017951588421709012,0.0025815538982289304,0.06760509775936983
PPO,line,472,9.44,2.188031321896301,0.0018075041700968038,0.004749321853341932,0.06792374917561733
PPO,line,473,9.46,2.1937454027980987,0.00198242649451613,0.001984437189438013,0.06969708673652412
PPO,line,474,9.48,2.198528262889746,0.0024091974793360145,0.0054352798605550945,0.05667181666067077
PPO,line,475,9.5,2.2034049367863613,0.002848384811033584,0.002860950942194336,0.04798288032804212
PPO,line,476,9.52,2.2087080618795794,0.0030837855282036504,0.005858693053100037,0.04145247067642466
PPO,line,477,9.540000000000001,2.21427761748734,0.002897559662821363,0.0029566458694453004,0.03420226022570495
PPO,line,478,9.56,2.219492924377425,0.0022850241113735806,0.004792998281622664,0.04889851484608453
PPO,line,479,9.58,2.2241290568505927,0.0015029339509629817,0.001561293649980497,0.06128429113866284
PPO,line,480,9.6,2.2277517105332802,0.0010615326915570193,0.004182486525359607,0.06729299807313088
PPO,line,481,9.620000000000001,2.2307244169761438,0.0010438010063230927,0.0031749409108054313,0.06856456023899428
PPO,line,482,9.64,2.2337441451177757,0.001285294037753503,0.0012854700822354224,0.06252496042450004
PPO,line,483,9.66,2.23739200304,0.001639266811827896,0.004018671706837159,0.054180576228271674
PPO,line,484,9.68,2.2418754101523874,0.0019870376170277697,0.0027245908507604307,0.05170246677273971
PPO,line,485,9.700000000000001,2.2471815109282023,0.0022821837465961665,0.004129812094120515,0.04408860750221942
PPO,line,486,9.72,2.253111268408432,0.0024937623015615796,0.002575823194594121,0.0461839212053971
PPO,line,487,9.74,2.2594587129070396,0.002566095566013224,0.005019714199271314,0.052081351314387785
PPO,line,488,9.76,2.26579797733927,0.002539659116607531,0.0032481662838240743,0.05336664847996432
PPO,line,489,9.78,2.2714452057347354,0.0027329468878302485,0.0036007519860275336,0.05754306803172843
PPO,line,490,9.8,2.2766437931590526,0.0030451163384120398,0.0041735919808032354,0.04526859843599071
PPO,line,491,9.82,2.282003148217512,0.0032797011029878525,0.0037427201361793973,0.04099723821326742
PPO,line,492,9.84,2.28778595881349,0.0032671548986740154,0.005148945128837692,0.029362384849057344
PPO,line,493,9.86,2.2936809326169634,0.002813998796585163,0.002817584653563417,0.03922391136343201
PPO,line,494,9.88,2.2987206783704464,0.0020477723191017197,0.005308507207978137,0.05179883527866636
PPO,line,495,9.9,2.3027826545910077,0.001432485744198631,0.0017802892836882528,0.0685107542653281
PPO,line,496,9.92,2.3057217641425503,0.0012132396822853914,0.0022391945358147293,0.06974169154259785
PPO,line,497,9.94,2.3082849335036895,0.00127391899822449,0.00462414079872749,0.06539901135299178
PPO,line,498,9.96,2.311196089763703,0.0014710633965568703,0.00303997101036634,0.06386124770682328
PPO,line,499,9.98,2.3148603342538774,0.0016968318136305557,0.0019715646622023505,0.05866994970531999
PPO,line,500,10.0,2.319393738315266,0.0018702651531317333,0.0048541496445305065,0.06023299456489547
PPO,line,501,10.02,2.3247831656637787,0.0019936792632207385,0.0021915603371996236,0.05764408286767607
PPO,line,502,10.040000000000001,2.33075870263469,0.0020533526479779808,0.0037443464398406365,0.0633643552186302
PPO,line,503,10.06,2.33706399491993,0.002005352566818727,0.003754576999310453,0.06594797317075163
PPO,line,504,10.08,2.3430218609660844,0.001987427721502244,0.0021754251004845056,0.07431163652006756
PPO,line,505,10.1,2.347914614188123,0.002172345481489497,0.004558944751655206,0.06883903575572196
PPO,line,506,10.120000000000001,2.3526636347656624,0.0023234697720110917,0.002642920698549547,0.06614793739201957
PPO,line,507,10.14,2.3577054304498604,0.0023272691053120836,0.004440879220748614,0.05730382333666919
PPO,line,508,10.16,2.3630694913363866,0.002016666142989014,0.0021964865770932366,0.06174315541247507
PPO,line,509,10.18,2.3683436649276177,0.0013564837043839673,0.004607949115208253,0.07056154884175382
PPO,line,510,10.200000000000001,2.3729728397544525,0.0005528861910057079,0.001128475162801748,0.08835006849453338
PPO,line,511,10.22,2.376601321393945,0.00011272242404572504,0.0026471281835331725,0.09541511064044074
PPO,line,512,10.24,2.3794893368969636,9.520485646567459e-05,0.004484962515471584,0.09379405609083413
PPO,line,513,10.26,2.3822562531695612,0.0003221510292313964,0.0017469953326442608,0.08772077554063226
PPO,line,514,10.28,2.3855449906267405,0.0006471329675143474,0.001699713994660232,0.08005438457692379
PPO,line,515,10.3,2.3896347463219576,0.0009661543668312709,0.004461114596537559,0.07566840728777188
PPO,line,516,10.32,2.394551772747061,0.0012360721352171632,0.0013577487617742682,0.0698683456035128
PPO,line,517,10.34,2.4001766347485836,0.0014590559314732229,0.004098545346673368,0.06922442282580787
PPO,line,518,10.36,2.4063066495990655,0.0015942504085413299,0.002798482563555576,0.06657280628573826
PPO,line,519,10.38,2.41262244675192,0.0016480066012548823,0.0021629882369133837,0.07124255536481802
PPO,line,520,10.4,2.4183973835478048,0.0018692353810773109,0.004756681134808851,0.06578696827134234
PPO,line,521,10.42,2.4232936087746433,0.0023287362450035787,0.0024454472084904956,0.058728299206651464
PPO,line,522,10.44,2.428306361043069,0.002793174204372918,0.005099322395421409,0.04092309665192896
PPO,line,523,10.46,2.433742311087155,0.0030528057788108427,0.0030689578100497857,0.03371391967937508
PPO,line,524,10.48,2.439432926930091,0.002876564375546617,0.005459773843682753,0.03504865140701517
PPO,line,525,10.5,2.444690024739047,0.0022675721754455208,0.0023499023122827197,0.04211847479059747
PPO,line,526,10.52,2.449317381123204,0.0014954613071117523,0.00500157271893056,0.06011121811791169
PPO,line,527,10.540000000000001,2.452891256569195,0.001057141179008012,0.001598403431937452,0.0657373938119636
PPO,line,528,10.56,2.455817696596072,0.0010286600336497163,0.0020106113103266184,0.06394050549124185
PPO,line,529,10.58,2.45882052477699,0.0012605369298894712,0.004895446508058657,0.05764398005912972
PPO,line,530,10.6,2.462466822447626,0.0016083177088873368,0.0022970326458838174,0.05430141462966894
PPO,line,531,10.620000000000001,2.466956583953827,0.0019505918667470589,0.0034533783763734485,0.046328125157811734
PPO,line,532,10.64,2.4722815007106917,0.0022438077698368007,0.0029030637647423215,0.045646132477679
PPO,line,533,10.66,2.478237795849025,0.002456370441079438,0.004791749498262986,0.04024839895779135
PPO,line,534,10.68,2.4846062456955598,0.002533277242426669,0.0025757835207342,0.046456152996834976
PPO,line,535,10.700000000000001,2.4909527880300844,0.0025150352322681068,0.004073317632562152,0.05563160986204199
PPO,line,536,10.72,2.49659181224508,0.0027042668335471092,0.003638917332579135,0.05193262133889272
PPO,line,537,10.74,2.501777834847918,0.002999451861105992,0.0038388163437279204,0.04901921048113772
PPO,line,538,10.76,2.5071302486952987,0.003217985314396594,0.00437001907697155,0.03517652435051535
PPO,line,539,10.78,2.5129072837754878,0.0031946511010074656,0.0034426690827887058,0.03414326500676875
PPO,line,540,10.8,2.518789261913654,0.002751536279094538,0.005359220504645378,0.03384831568505947
PPO,line,541,10.82,2.5238026284668034,0.002018019244914337,0.0020581368907166215,0.05354703504283579
PPO,line,542,10.84,2.5278094688260655,0.0014689982796043633,0.0038904567071815785,0.06309376783312456
PPO,line,543,10.86,2.530733035435652,0.0013060699627217237,0.003727009655442333,0.06749487305105795
PPO,line,544,10.88,2.5332969281507975,0.0013963288916080333,0.0016759033036902887,0.06280662289954606
PPO,line,545,10.9,2.53622147370186,0.0016025955571418089,0.002561130141813996,0.05670335610820367
PPO,line,546,10.92,2.539902782802854,0.001820117880054496,0.004704015076444245,0.05705122053187682
PPO,line,547,10.94,2.5444435716738307,0.0019699004019940224,0.001980349982067818,0.053948297134615235
PPO,line,548,10.96,2.549829539015781,0.0020618808847683353,0.004884117748454519,0.058207029164855394
PPO,line,549,10.98,2.555784042767682,0.0020836123680244064,0.0025832168900563335,0.05873497053685833
PPO,line,550,11.0,2.5620519203204175,0.002003883575778208,0.0029920315339943097,0.06847518810969529
PPO,line,551,11.02,2.567926246232131,0.0019858103625642705,0.004157388830105828,0.07058401637370196
PPO,line,552,11.040000000000001,2.5727325311703297,0.0021795759310603785,0.002679135811355991,0.07163799015637401
PPO,line,553,11.06,2.57744464964245,0.002349573838786056,0.0039330976645996175,0.06148136150867821
PPO,line,554,11.08,2.5824604170139196,0.0023719093657559058,0.0030060742688551027,0.05976867067417664
PPO,line,555,11.1,2.5877757555148504,0.0020733410980391313,0.004041010876951609,0.05669471424957476
PPO,line,556,11.120000000000001,2.5929817405774176,0.0014172150826653963,0.0019518755998811962,0.07092961254355779
PPO,line,557,11.14,2.5975891245759035,0.0006162783872263561,0.0033229002555949156,0.0851413146241989
PPO,line,558,11.16,2.6012049566103586,0.00018276687300469545,0.003140932996387378,0.0930629202187806
PPO,line,559,11.18,2.604100448858441,0.00018302954437108914,0.0003019218942933161,0.09075206039721115
PPO,line,560,11.200000000000001,2.6069111119190023,0.00043046358617533295,0.0026063378387595083,0.08395845676717482
PPO,line,561,11.22,2.610271245099968,0.0007778890942401694,0.004159404572308059,0.0777903762486397
PPO,line,562,11.24,2.6144403134867455,0.001115893769253828,0.001118980087632297,0.07054214547821905
PPO,line,563,11.26,2.6194372140821356,0.001403278708585305,0.005132311152455353,0.06798809970243706
PPO,line,564,11.28,2.6251257797176573,0.001634932136143701,0.001799511349943067,0.06297012224510147
PPO,line,565,11.3,2.6313079808593023,0.001768315202690728,0.0035538421992747536,0.0653853770979291
PPO,line,566,11.32,2.6376491543217244,0.001812752015076789,0.0037287951419973262,0.06504172941156305
PPO,line,567,11.34,2.6434335076170132,0.002045904589350237,0.002265852148532646,0.06562575250981784
PPO,line,568,11.36,2.6483948563045,0.0025249991545836545,0.004719731193708886,0.051270923045935446
PPO,line,569,11.38,2.6534916470650263,0.0030137900842479243,0.0031547246126447763,0.041627805517762906
PPO,line,570,11.4,2.6590126530564837,0.0032922382481368564,0.005647495183866127,0.02382812824773875
PPO,line,571,11.42,2.6647776937513172,0.003119537681262214,0.0031376833560842455,0.026391182710552907
PPO,line,572,11.44,2.670048199515771,0.002507546076743631,0.00507238527701944,0.041892710687001185
PPO,line,573,11.46,2.674669911653685,0.0017427896621597288,0.0017556949234060141,0.05393526747534004
PPO,line,574,11.48,2.678236484809784,0.0013086812854167995,0.003999238571821331,0.05955814705107776
PPO,line,575,11.5,2.681188066791635,0.001276652254003957,0.0035253382711565332,0.06185154005732108
PPO,line,576,11.52,2.6842350382613587,0.0014946583106971302,0.0015136595508342542,0.05645800009816763
PPO,line,577,11.540000000000001,2.687929193117477,0.0018196494253114874,0.0039049494006390857,0.04889211581640274
PPO,line,578,11.56,2.6924686036083108,0.0021384583925675616,0.002943187976367247,0.04759719882229581
PPO,line,579,11.58,2.697840205990674,0.0024112919679906723,0.004127072650883446,0.04048824498352316
PPO,line,580,11.6,2.7038309494442125,0.002604196720799332,0.002690646419973358,0.043461334429677194
PPO,line,581,11.620000000000001,2.710221142951736,0.0026585892042851993,0.005058108031781727,0.0502544244058897
PPO,line,582,11.64,2.716559135342913,0.0026230282279854646,0.003319820838244023,0.051965379994354924
PPO,line,583,11.66,2.722172349490279,0.0028198172589326367,0.0036825817042381165,0.05619415525609674
PPO,line,584,11.68,2.727433120627308,0.0030787887826934277,0.004224200733194627,0.044646164448556784
PPO,line,585,11.700000000000001,2.73284354680721,0.003238760573394636,0.0036643600620282586,0.042242780703076924
PPO,line,586,11.72,2.7386374356399283,0.0031409515281755527,0.005148851138299322,0.03304565703874049
PPO,line,587,11.74,2.7444806055869293,0.002635480843491316,0.002637145452259914,0.04440113906226498
PPO,line,588,11.76,2.7494171516875916,0.0018776250637105275,0.005194110175551447,0.057190355980786124
PPO,line,589,11.78,2.753178308762297,0.0013824115809858246,0.001976541388654037,0.07132405473395688
PPO,line,590,11.8,2.7558762958812095,0.00131511382537072,0.0018388987191820573,0.06961761373302061
PPO,line,591,11.82,2.7582872847036355,0.001489454958874153,0.003985110758653196,0.0626557080132896
PPO,line,592,11.84,2.7611208254446606,0.0017718462811583627,0.003911213393388997,0.059548124355560256
PPO,line,593,11.86,2.7647438533807045,0.0020603183538404402,0.0020648135640484932,0.05265739563878279
PPO,line,594,11.88,2.7692310186120763,0.0022744835276322438,0.005152527552491127,0.04708107633290511
PPO,line,595,11.9,2.7745553834164176,0.002412439738970007,0.0024134260272060445,0.05114205159835048
PPO,line,596,11.92,2.780437832603048,0.002462790143786897,0.004871604135773341,0.05793849500194473
PPO,line,597,11.94,2.786618453354504,0.0023975835581234277,0.003107805976726612,0.060410675215449405
PPO,line,598,11.96,2.79233590000826,0.0024101123434049796,0.003346593637327919,0.06867272125364517
PPO,line,599,11.98,2.796987481998892,0.002626093984989511,0.003510549888494472,0.06221111372861618
PPO,line,600,12.0,2.8015746534527595,0.0028071847507100314,0.0041819936532753186,0.059720829393881424
PPO,line,601,12.02,2.806500709119429,0.002823048475153351,0.003362260836057284,0.049894559579397466
PPO,line,602,12.040000000000001,2.81171779179087,0.0024938793412244906,0.0038807608307252273,0.054830844375253096
PPO,line,603,12.06,2.8168129841986436,0.0018044345798663253,0.0027853467238888774,0.06341104226010108
PPO,line,604,12.08,2.8213536056229804,0.0009565004841615534,0.0034879541909402225,0.08211694754767378
PPO,line,605,12.1,2.8249315794315644,0.0004703657426255055,0.0005208650463102407,0.0894104109212977
PPO,line,606,12.120000000000001,2.827800404261455,0.00042097828088536767,0.0031210794243882725,0.08822941436888879
PPO,line,607,12.14,2.8306018954030407,0.0006275086053223917,0.004170128649782734,0.08426855996029448
PPO,line,608,12.16,2.833969291092785,0.0009418547462296275,0.0012072665971368968,0.077243209125475
PPO,line,609,12.18,2.8381603809588523,0.0012543370795021198,0.0036576438329482862,0.07004497585037237
PPO,line,610,12.200000000000001,2.8431903733078556,0.0015273091197051934,0.0021766594479077452,0.0679774984796582
PPO,line,611,12.22,2.8489221083993437,0.0017536638419025055,0.00453376620165283,0.06241965128353014
PPO,line,612,12.24,2.855149296593028,0.0018883982569658814,0.0019285268674615965,0.06501727839852559
PPO,line,613,12.26,2.861537956807508,0.0019383383805261286,0.003772687717413255,0.07028918477385143
PPO,line,614,12.280000000000001,2.867364281209566,0.002173223749727639,0.003380713533057601,0.06451536261648948
PPO,line,615,12.3,2.872350956823555,0.002650193779341914,0.0036026232054280115,0.05775907631018892
PPO,line,616,12.32,2.8774693720474476,0.0031335928967381505,0.00412205935082359,0.03942401667560663
PPO,line,617,12.34,2.8830057985084396,0.00340379485132435,0.0038514669601595964,0.03227617902959666
PPO,line,618,12.36,2.8887839652593654,0.0032219977424254426,0.005117564166017741,0.02434610852070354
PPO,line,619,12.38,2.894076285992947,0.0026025896176947528,0.002708063512710551,0.04122370346244869
PPO,line,620,12.4,2.8987158325980658,0.0018273854213368599,0.004298859070853267,0.053996812315133105
PPO,line,621,12.42,2.9022926795371973,0.0013807596681520127,0.002898704050536212,0.06481862420745688
PPO,line,622,12.44,2.9052455878068293,0.0013380201524691901,0.0013977352475522547,0.06316613588808676
PPO,line,623,12.46,2.908291036169192,0.001547920272743728,0.0037810092231302397,0.05743854533235728
PPO,line,624,12.48,2.9119828108737185,0.001866925231924496,0.0034282180707698906,0.05548253713653272
PPO,line,625,12.5,2.9165161221260605,0.002179024015640128,0.00273810035418542,0.0480705554874867
PPO,line,626,12.52,2.9218816030622787,0.0024456166534425183,0.003865257656995083,0.04828895249748532
PPO,line,627,12.540000000000001,2.9278664543895183,0.0026312712713648908,0.003984173243199049,0.043328570699233515
PPO,line,628,12.56,2.9342502332756752,0.0026811145246648047,0.002756733557444292,0.050273864477366384
PPO,line,629,12.58,2.9405825492186057,0.0026450639507956224,0.005070251232478878,0.05986686348124182
PPO,line,630,12.6,2.946189807908814,0.0028396542043476612,0.0031154783463636032,0.05576217025788839
PPO,line,631,12.620000000000001,2.951435662756866,0.003098587428822801,0.00466645954396174,0.05340908572354505
PPO,line,632,12.64,2.9568288275212598,0.003263401682407255,0.0037782041419948667,0.04108259248531884
PPO,line,633,12.66,2.9626116350734906,0.0031706449705683824,0.0039346642736085655,0.0417282146674689
PPO,line,634,12.68,2.96845003656165,0.0026607245440427637,0.004403271255633068,0.04347178175492065
PPO,line,635,12.700000000000001,2.9733855697133453,0.0018896435305029006,0.0024584790577719144,0.0635112200740583
PPO,line,636,12.72,2.9771694871550483,0.001368633459998881,0.0026005127173971544,0.07270499570347826
PPO,line,637,12.74,2.9798984086305422,0.0012667364728729189,0.00509996593181286,0.07176994334447519
PPO,line,638,12.76,2.982329356236247,0.001408722701755543,0.002997283726724961,0.06999078596444276
PPO,line,639,12.780000000000001,2.9851721215760874,0.0016603801260534525,0.0016720453147914508,0.06260767608460409
PPO,line,640,12.8,2.988800084102718,0.0019226630336859568,0.004281147138894813,0.05585783252152823
PPO,line,641,12.82,2.993291299536232,0.0021168016996228833,0.0027151520220257052,0.057592421150987845
PPO,line,642,12.84,2.9986180026600877,0.002239432916727959,0.004262097303631238,0.05448802009916541
PPO,line,643,12.86,3.004504948037897,0.0022846578513350205,0.0023394598222219037,0.061162178217087304
PPO,line,644,12.88,3.010692865977401,0.0022252829990082154,0.004870280405791242,0.07043459237609698
PPO,line,645,12.9,3.016413170211519,0.002246982331299278,0.002641179710108342,0.07110145977592353
PPO,line,646,12.92,3.0210596271742594,0.0024792718424704904,0.004690840156852951,0.07154660080353129
PPO,line,647,12.94,3.0256460639942926,0.002681489964149688,0.002748745255221368,0.060458010494542344
PPO,line,648,12.96,3.0305693742667454,0.0027187410425189656,0.005248159742004522,0.058452426472038216
PPO,line,649,12.98,3.0357867558308635,0.002411965382178501,0.002519530606096063,0.05482728402491567
PPO,line,650,13.0,3.0408910028134306,0.0017355002150496414,0.0045297727553236964,0.06923035090102493
PPO,line,651,13.02,3.0454352629006007,0.0008952175621406939,0.0009649422991590921,0.08330043315603074
PPO,line,652,13.040000000000001,3.048971988443556,0.0004258187520218892,0.003920059270074362,0.09088994787089114
PPO,line,653,13.06,3.0517999467109775,0.00039592662723621913,0.00331559733181089,0.09045424825170177
PPO,line,654,13.08,3.0545763240769386,0.000618185629294201,0.0008049156534350477,0.08439303487140346
PPO,line,655,13.1,3.0579269359592365,0.0009471884400539906,0.0029891554237275898,0.07645749081530687
PPO,line,656,13.120000000000001,3.062103953371122,0.0012722717214495047,0.0032628302207502345,0.07256267589951723
PPO,line,657,13.14,3.067118855648889,0.0015503396084088376,0.002538705512944418,0.06604339665991725
PPO,line,658,13.16,3.0728328758830514,0.0017743365211345028,0.002898803157753737,0.06593204624107038
PPO,line,659,13.18,3.0790397339026057,0.0018971437696003789,0.004350018642725632,0.06296913890393165
PPO,line,660,13.200000000000001,3.0854056430802923,0.0019286075195353743,0.0019465573979872836,0.06881774879823366
PPO,line,661,13.22,3.09120642049857,0.002144978255175676,0.004496736155525716,0.06995247655737208
PPO,line,662,13.24,3.0961618343187025,0.0025992207862490235,0.002786114226565905,0.056563812785898504
PPO,line,663,13.26,3.101237865043164,0.003050391101830494,0.004980784890360053,0.04775736417757853
PPO,line,664,13.280000000000001,3.106749632553957,0.003289023645270123,0.0036463988036658434,0.03143444716294423
PPO,line,665,13.3,3.11250934714333,0.0030840622770545085,0.004087541415263211,0.03399400604980608
PPO,line,666,13.32,3.1177920269385964,0.0024521832321436664,0.0035739910653795914,0.041514681786871066
PPO,line,667,13.34,3.122416236506989,0.0016671814915726032,0.003252267075073684,0.060737788931201915
PPO,line,668,13.36,3.1259776718608148,0.0012136879640862316,0.001436796857669993,0.06652996690611643
PPO,line,669,13.38,3.1289202712396778,0.0011665349877084405,0.0038905918548489712,0.06500618540658093
PPO,line,670,13.4,3.1319516898333277,0.0013745770153548256,0.003550560609336173,0.06359622498203157
PPO,line,671,13.42,3.1356235600110063,0.0016941414162035,0.0017403062783672139,0.05655600784371623
PPO,line,672,13.44,3.140139439780343,0.0020110428390034216,0.005309644038245721,0.048611228066018454
PPO,line,673,13.46,3.145491066685126,0.002286079195493813,0.00229959939534635,0.048355016696791604
PPO,line,674,13.48,3.151468140769055,0.0024847705283296603,0.004532429113003566,0.05077916353763588
PPO,line,675,13.5,3.157853068100159,0.0025489618983145904,0.0036369791544841722,0.04917305436833075
PPO,line,676,13.52,3.1641968244814307,0.002530701889074639,0.0027509824951279373,0.05825674683384159
PPO,line,677,13.540000000000001,3.1698108091885375,0.002749177910066351,0.005303525206918966,0.053229472695823815
PPO,line,678,13.56,3.1750367961340666,0.0030590122564962984,0.003069652002319747,0.049945572696190405
PPO,line,679,13.58,3.180421567282203,0.0032842167674609103,0.005888258942462893,0.045882770350814076
PPO,line,680,13.6,3.1862097723743728,0.0032531921849667873,0.003375636825293726,0.03520545036119812
PPO,line,681,13.620000000000001,3.1920784078153694,0.002790025958035323,0.004281136410746697,0.04476511813173957
PPO,line,682,13.64,3.197061305135667,0.002035228323444928,0.002674888036838157,0.05659110265735832
PPO,line,683,13.66,3.2009369906115537,0.001495686157483078,0.004652233159336192,0.07084693308896695
PPO,line,684,13.68,3.2038104616691654,0.0013258572097393448,0.002025890716205058,0.07097100675263435
PPO,line,685,13.700000000000001,3.2063511000677667,0.001397297861001466,0.0017234401287043856,0.06670181034300784
PPO,line,686,13.72,3.209281746871214,0.0015814071082631133,0.004245066074959656,0.06097802531925879
PPO,line,687,13.74,3.212983020662048,0.001776886181934593,0.002966863168960635,0.06180634994917411
PPO,line,688,13.76,3.217542260090869,0.0019092117962058966,0.002900347080755378,0.05892620635860682
PPO,line,689,13.780000000000001,3.2229356540233414,0.00198892528285813,0.003147902037784679,0.0633624045294095
PPO,line,690,13.8,3.228881310222529,0.0020069052057996592,0.0040394913131260295,0.06376548102814665
PPO,line,691,13.82,3.2351163498426767,0.0019419191071866368,0.001961430508952444,0.07302217692470651
PPO,line,692,13.84,3.240868124534408,0.001989230919800716,0.004957491916303893,0.07940310170515424
PPO,line,693,13.86,3.245546417783845,0.0022584014089302136,0.0022625773891703058,0.07209148685904083
PPO,line,694,13.88,3.2501776790293193,0.0025154513470725987,0.005391442466092249,0.05943549012685006
PPO,line,695,13.9,3.255135996163308,0.0026193216650203595,0.0026352950141287335,0.05618385511320992
PPO,line,696,13.92,3.2603824138818225,0.002389353197049828,0.005502538220840216,0.05076955863762317
PPO,line,697,13.94,3.2655026156875264,0.0017909203406981215,0.0017919322289743306,0.06457090959793102
PPO,line,698,13.96,3.2700732514799418,0.0010194220215089752,0.004741726434388044,0.07767505421846047
PPO,line,699,13.98,3.273662987607345,0.0005839856054685675,0.0018886644797612426,0.08642645552671888
PPO,line,700,14.0,3.2765644557338747,0.0005659366452743726,0.0012418127501680584,0.08426780078698912
PPO,line,701,14.02,3.2794156638818124,0.0007910583592694735,0.004034870873788132,0.07796151422416303
PPO,line,702,14.040000000000001,3.2828321274431276,0.0011119746262537853,0.00286800541914341,0.07347966820076608
PPO,line,703,14.06,3.2870649265368854,0.0014187578970594331,0.0021303096971250373,0.06659128432951647
PPO,line,704,14.08,3.292129837765082,0.0016768042811493148,0.003757537185003308,0.06526056784884773
PPO,line,705,14.1,3.297873817127066,0.0018769134819511498,0.0030320842849201257,0.06050494119292378
PPO,line,706,14.120000000000001,3.3041016894658255,0.001973316547458829,0.002423842681702254,0.0642793962216931
PPO,line,707,14.14,3.3104618877565515,0.0019795492701927026,0.0053336582119363415,0.06452479581887755
PPO,line,708,14.16,3.3162537889867107,0.0021838796215935138,0.002301996274331424,0.0662679636706422
PPO,line,709,14.18,3.321256459351866,0.0026374442496062463,0.005032580333689331,0.0602597322890517
PPO,line,710,14.200000000000001,3.3264073796305813,0.003096889656837475,0.0032153723886810567,0.04278956104247271
PPO,line,711,14.22,3.3319865815271026,0.0033499563192704654,0.004897578758904603,0.03556049129794278
PPO,line,712,14.24,3.337796885107796,0.0031579282865109247,0.003870329808904472,0.027925321101741587
PPO,line,713,14.26,3.3430763010620423,0.0025429996092699867,0.0035658297049935513,0.043845277947055096
PPO,line,714,14.280000000000001,3.347668636265589,0.001795381317621815,0.002757297283158873,0.05572653005206464
PPO,line,715,14.3,3.35117498843167,0.001366907317690417,0.004624306265300382,0.06550492989487604
PPO,line,716,14.32,3.3540983843242596,0.001325138846142431,0.0019972070730531416,0.06378857824603296
PPO,line,717,14.34,3.3571441823973185,0.0015260782664946557,0.002176270646618443,0.058499359101891045
PPO,line,718,14.36,3.360841078194314,0.001830815881672038,0.005107669963592068,0.056843812986393294
PPO,line,719,14.38,3.3653805396686827,0.0021276397192884983,0.0021399075788989925,0.05008752221322959
PPO,line,720,14.4,3.3707549545458533,0.0023831812849049792,0.00542282764957637,0.05042456663085866
PPO,line,721,14.42,3.3767470396648984,0.0025605897506527082,0.002795219577124211,0.046059680179464754
PPO,line,722,14.44,3.3831349721014576,0.0026032429432486875,0.0036146594728035148,0.05296824797940471
PPO,line,723,14.46,3.3894631773915194,0.002561553608330786,0.004599708123729433,0.05468241067089719
PPO,line,724,14.48,3.3950613873298714,0.0027568688540418242,0.002820989856258782,0.05886125766761406
PPO,line,725,14.5,3.400307198437994,0.0030161214997039424,0.005540642396225106,0.046976515587795586
PPO,line,726,14.52,3.405703608269125,0.003177859726012445,0.0031779785501263066,0.04450249766031036
PPO,line,727,14.540000000000001,3.411484239738758,0.00308345827314445,0.0052172669339606735,0.04493282172319932
PPO,line,728,14.56,3.4173136804243414,0.0025731627182744854,0.0030411100690647852,0.04695097899427088
PPO,line,729,14.58,3.4222442234771404,0.001811431164412431,0.003910183392181233,0.06596472411103471
PPO,line,730,14.6,3.4259945912981453,0.0013193747643524348,0.0013498213861015108,0.07434324823048492
PPO,line,731,14.620000000000001,3.428735783485557,0.001236335303503049,0.0032690703151808053,0.07286596273749853
PPO,line,732,14.64,3.4311863559907034,0.0013936802342375096,0.004748960118197883,0.07058110778024959
PPO,line,733,14.66,3.4340492286189117,0.0016585190693776783,0.0023585913660176794,0.06313707718990749
PPO,line,734,14.68,3.4376947632951227,0.0019303601979204334,0.002757080192733976,0.05640432140315308
PPO,line,735,14.700000000000001,3.442199046805049,0.002131537459004733,0.004135502595932589,0.05790308148665103
PPO,line,736,14.72,3.447531476506356,0.0022590209515790253,0.0028813476465618534,0.054825465744000663
PPO,line,737,14.74,3.453417339312735,0.002305515292208327,0.003286576145700094,0.061278806716273164
PPO,line,738,14.76,3.4596007550010683,0.0022473045845252952,0.004450264572803697,0.0634801664552764
PPO,line,739,14.780000000000001,3.4653094408767244,0.0022792734028748395,0.0023265938447727826,0.07101293128098275
PPO,line,740,14.8,3.4699508272042023,0.0025273994790599138,0.004880007897248228,0.06356919838413531
PPO,line,741,14.82,3.4745366328724496,0.0027454805810728836,0.003019286772766122,0.06015748953876819
PPO,line,742,14.84,3.479466751090776,0.0027959047279542694,0.004616667216605411,0.049384394385783646
PPO,line,743,14.86,3.4847051537226363,0.0025010510772879055,0.0027340886935632858,0.053672207297362474
PPO,line,744,14.88,3.489819507034741,0.0018344856889933358,0.004409538309069569,0.06177291367274583
PPO,line,745,14.9,3.4943752652055298,0.000994849175518344,0.0017593894337709615,0.08091892171383608
PPO,line,746,14.92,3.4979215753783155,0.0005209385050138715,0.0021589886364388666,0.08830592182595133
PPO,line,747,14.94,3.5007561771172147,0.00048337383060803737,0.004953440879062815,0.08678315291169618
PPO,line,748,14.96,3.5035420394523134,0.0006977339259932289,0.0024044921363109606,0.0826486548018401
PPO,line,749,14.98,3.506903234108524,0.0010180923894730618,0.00146984906127962,0.07520601000696805
PPO,line,750,15.0,3.5110926846785175,0.0013337499994211291,0.004950147071428592,0.07181745340461856
PPO,line,751,15.02,3.5161222486057615,0.001604168681234986,0.001625501193693714,0.06567342329008316
PPO,line,752,15.040000000000001,3.5218534595268562,0.0018239700437845618,0.004417171686321324,0.06577523965557722
PPO,line,753,15.06,3.5280782873310046,0.0019453132410808876,0.0029380748492358008,0.06297825554200842
PPO,line,754,15.08,3.534464158557672,0.0019774836205917086,0.002439769054939798,0.06878372240654451
PPO,line,755,15.1,3.540282513698334,0.0021951230113389395,0.004907650409913922,0.0631745935692202
PPO,line,756,15.120000000000001,3.5452546820846234,0.0026541869881269112,0.0027338531850028915,0.05685721439830682
PPO,line,757,15.14,3.550354268727301,0.003121650140509593,0.005431165588457524,0.03846672231613241
PPO,line,758,15.16,3.555869172561242,0.0033775422258273645,0.0033780294546993427,0.03178536539073273
PPO,line,759,15.18,3.5616317726328393,0.003186423286119443,0.0053611596950472505,0.0341559595295054
PPO,line,760,15.200000000000001,3.5669126746050925,0.0025597678257233145,0.002737191486754604,0.04140066423547756
PPO,line,761,15.22,3.5715389431084517,0.0017775590103055994,0.004764962709144199,0.060239676173945184
PPO,line,762,15.24,3.575106001868242,0.0013276949316551095,0.0015785982986613134,0.06569006164610726
PPO,line,763,15.26,3.5780564863697997,0.001283539027929981,0.0024582529441891225,0.0640257757128414
PPO,line,764,15.280000000000001,3.581099352037811,0.0014929405925723407,0.005100655803259346,0.06285208573131083
PPO,line,765,15.3,3.5847830561615637,0.0018109456224696054,0.002168902278940418,0.05596773797107954
PPO,line,766,15.32,3.589309371335077,0.0021233224652301517,0.003951667792567442,0.04826658576999376
PPO,line,767,15.34,3.5946690523039924,0.0023916780422924317,0.0027338278338591357,0.04836541033476874
PPO,line,768,15.36,3.6006507438804007,0.002580989538783742,0.005324761372509384,0.04310591156594537
PPO,line,769,15.38,3.607034077632457,0.0026368818515082894,0.0028287535600476643,0.049936892811709516
PPO,line,770,15.4,3.613369622298138,0.0026086834271972976,0.0037236206275155868,0.05941970539245138
PPO,line,771,15.42,3.618982677169034,0.002811629417752665,0.004079582684505171,0.05487432873972181
PPO,line,772,15.44,3.6242301173982265,0.0030798974512750437,0.003574042905330305,0.05234162247705088
PPO,line,773,15.46,3.629623137092136,0.0032555115742100107,0.0048386808760835015,0.039503583609512755
PPO,line,774,15.48,3.635405549060411,0.003174244666952816,0.00324102859548376,0.04013336266089312
PPO,line,775,15.5,3.641246689202212,0.002674703544257691,0.005521227921523333,0.05007112698516057
PPO,line,776,15.52,3.6461747905039714,0.0019098193100466545,0.0019123318182002777,0.06212501592345918
PPO,line,777,15.540000000000001,3.6499607837640182,0.0013878681290747702,0.004124505948742297,0.07140037138509601
PPO,line,778,15.56,3.652701991996046,0.0012793479221560723,0.0036247736538406066,0.0747306797448867
PPO,line,779,15.58,3.655140736566136,0.0014119083594947603,0.0017032975955384249,0.06901652210557788
PPO,line,780,15.6,3.657990868392817,0.0016528913784387685,0.002516366011806507,0.06169982412475726
PPO,line,781,15.620000000000001,3.6616245203454105,0.0019038930265712244,0.004872985106037372,0.06111526723733981
PPO,line,782,15.64,3.6661184824569246,0.0020849645256642477,0.0020849810415566527,0.057050990454413766
PPO,line,783,15.66,3.67144850563908,0.0021987414185257407,0.005169297146746933,0.06089505937116962
PPO,line,784,15.68,3.677337234124951,0.002236502112000893,0.0025430106824339436,0.06074618359138096
PPO,line,785,15.700000000000001,3.6835247863111102,0.0021736832601916066,0.0034033719533260584,0.07007547086740709
PPO,line,786,15.72,3.6892379931505466,0.0022003295917877334,0.003796957825148911,0.07059650010978806
PPO,line,787,15.74,3.693876198947103,0.002439254083403414,0.0033416953578421444,0.07088847712185048
PPO,line,788,15.76,3.6984525914537505,0.002648208444779053,0.0035025360605502693,0.05945048797561542
PPO,line,789,15.780000000000001,3.7033657366932355,0.002695973990962717,0.0038950303274015224,0.05732977449033133
PPO,line,790,15.8,3.708571734925501,0.002406838973812115,0.0033952633349416655,0.05324058174509431
PPO,line,791,15.82,3.713665023772574,0.0017568398005090742,0.0030790367810451667,0.06738534277662925
PPO,line,792,15.84,3.718201976206559,0.0009406911172446904,0.0022177126627730462,0.08112165942147813
PPO,line,793,15.860000000000001,3.721769858916692,0.00047522689763819786,0.0044658489511397136,0.09010899773116703
PPO,line,794,15.88,3.724629322491667,0.00043779547073050166,0.0016405226922871763,0.08853696958758545
PPO,line,795,15.9,3.727423786387853,0.0006485961845324034,0.0013759009629756914,0.08273072705358463
PPO,line,796,15.92,3.7307830818079477,0.0009614725124714614,0.0046727187199635065,0.07507644852915836
PPO,line,797,15.94,3.7349633831905042,0.0012672975364944963,0.0017896604160145115,0.07166235737327274
PPO,line,798,15.96,3.739981064280219,0.0015287312190097066,0.0040533540842353985,0.06536547710504997
PPO,line,799,15.98,3.745699952263865,0.0017411790924061583,0.0018241187630562259,0.06548386681633525
PPO,line,800,16.0,3.7519143586907173,0.0018586652275336827,0.004726839061717419,0.06841747873165943
PPO,line,801,16.02,3.758291393945855,0.0018884460739296799,0.0027732700274670664,0.06834067315775635
PPO,line,802,16.04,3.76410748344538,0.002107930328972816,0.0030250173786776544,0.06925107914424572
PPO,line,803,16.06,3.769087614592723,0.002574545437500035,0.0038114453977065306,0.055298166314928274
PPO,line,804,16.080000000000002,3.774197635911616,0.0030512061158407353,0.003701872395400521,0.0460540866905159
PPO,line,805,16.1,3.7797284236638102,0.0033213636001223003,0.004777859104275056,0.028647380864445834
PPO,line,806,16.12,3.7855032728861575,0.0031472381883897657,0.0032491155916963667,0.030959978522802873
PPO,line,807,16.14,3.790798182477106,0.002547193950320774,0.005160167991943402,0.03784609743826644
PPO,line,808,16.16,3.795432861020111,0.00179280675635418,0.0020035018783846983,0.057225780522776167
PPO,line,809,16.18,3.7989844532928343,0.0013519956166915912,0.002981412975323991,0.06277930896247552
PPO,line,810,16.2,3.8019144292913163,0.0012996746338844018,0.004616213014186218,0.06538320388642829
PPO,line,811,16.22,3.8049429564646404,0.0014972185396229737,0.0020504449242466907,0.06039051553967671
PPO,line,812,16.240000000000002,3.808618473341132,0.0018030978366367306,0.002902553371412454,0.05333432809239552
PPO,line,813,16.26,3.813140982974002,0.002102606764352904,0.003845373252310258,0.0523560949718412
PPO,line,814,16.28,3.8184977425145257,0.002356352738135814,0.0031811589197168685,0.04586641295384795
PPO,line,815,16.3,3.8244781158912913,0.0025350159155291987,0.0031675209311992523,0.04891261795251446
PPO,line,816,16.32,3.830864486803937,0.002581019465826962,0.005176538162568627,0.04754054624337031
PPO,line,817,16.34,3.8372055263307483,0.0025457139009941094,0.0026719375945062425,0.05733996944885435
PPO,line,818,16.36,3.8428124895719913,0.0027499429892313856,0.004528707652051676,0.061233383631020336
PPO,line,819,16.38,3.848034719671954,0.0030496446059005184,0.003455115417188247,0.049265327199380746
PPO,line,820,16.4,3.8534090531365637,0.003268396115455999,0.004448899186740663,0.04532427847565096
PPO,line,821,16.42,3.85918476992321,0.0032346010472261025,0.004250393961911778,0.034419154854754816
PPO,line,822,16.44,3.865045539656104,0.002780907550996863,0.0031127710477917418,0.04403579686121696
PPO,line,823,16.46,3.8700243709754765,0.002038028315123939,0.0041197196194567715,0.055798360659017415
PPO,line,824,16.48,3.873885201254598,0.0015010004054261629,0.0029810310300171605,0.07053818321203786
PPO,line,825,16.5,3.8766460271763887,0.0013747765147686913,0.0013872027421360346,0.06994371444148585
PPO,line,826,16.52,3.879089822759037,0.0014912366922358452,0.003022534710997633,0.06438216497872568
PPO,line,827,16.54,3.881937340929498,0.0017155248095928966,0.004853424428051013,0.06257292196871014
PPO,line,828,16.56,3.88556423745532,0.001948170008488452,0.0021515915620445346,0.057162074138598196
PPO,line,829,16.580000000000002,3.890057431058785,0.0021123030945064195,0.004156681331686988,0.05302931083913664
PPO,line,830,16.6,3.8953981455302094,0.002212856514069164,0.002469407810875652,0.0575162751001998
PPO,line,831,16.62,3.901306980370912,0.0022397925805368465,0.005308478152391146,0.05741963872743179
PPO,line,832,16.64,3.907520014423481,0.0021641347186676665,0.00238786286249691,0.06767982331439545
PPO,line,833,16.66,3.91328224206035,0.0021653035900733595,0.003901350626739524,0.07582467300619475
PPO,line,834,16.68,3.9179698948210206,0.002366784275885823,0.0027716490019727568,0.0699604780871863
PPO,line,835,16.7,3.922572746291814,0.002536298279633979,0.004712279110996562,0.0671044893699547
PPO,line,836,16.72,3.9274981939583844,0.0025537318339367504,0.0027260912805594827,0.05774340223278021
PPO,line,837,16.740000000000002,3.9327206986056207,0.002242749041269755,0.00444717190958368,0.061691048863137525
PPO,line,838,16.76,3.937834132935134,0.0015731775116206534,0.0020238381213474534,0.06991757852760073
PPO,line,839,16.78,3.9423768380499773,0.0007520750435207452,0.004267583003157013,0.08728906725132259
PPO,line,840,16.8,3.9459504336549083,0.0002937748429988586,0.0006925880007926559,0.09398356662913383
PPO,line,841,16.82,3.9488175031154205,0.0002674114894442602,0.002255779963780511,0.09218980144694876
PPO,line,842,16.84,3.9516105894258295,0.0004897198682019629,0.00500773747219612,0.08731671140761044
PPO,line,843,16.86,3.9549602132446315,0.000813800093843735,0.0018255377670385923,0.08008771780548224
PPO,line,844,16.88,3.9591257991441764,0.0011315564668243998,0.0027728662220839408,0.07291448376599277
PPO,line,845,16.9,3.9641259017093335,0.0014051745021001025,0.00285487655921492,0.07055858249517852
PPO,line,846,16.92,3.9698237601725306,0.0016286118031450122,0.0036019559039512,0.065333955259478
PPO,line,847,16.94,3.97601855411763,0.001758568611782359,0.001861085148338395,0.06776886799994081
PPO,line,848,16.96,3.9823765361356656,0.0018030258492742663,0.004633101215981984,0.07285694948225391
PPO,line,849,16.98,3.988177716409646,0.0020332061171559274,0.0025465592081865824,0.06744167032191092
PPO,line,850,17.0,3.9931372920237114,0.002505438787612588,0.004323708953483345,0.06046354417396647
PPO,line,851,17.02,3.9982261236827537,0.002974503715760764,0.0033610959127429786,0.0427533367680553
PPO,line,852,17.04,4.003753844235242,0.0032314399667071826,0.004357946775095653,0.03550157681778515
PPO,line,853,17.06,4.009527416299284,0.003040057628846435,0.00416680745558759,0.028004194424116155
PPO,line,854,17.080000000000002,4.0148154119587565,0.0024106022715558928,0.0030564588449706145,0.04428585693322932
PPO,line,855,17.1,4.0194433017634,0.001625848951953051,0.0031936415622220997,0.057370231927277054
PPO,line,856,17.12,4.022975184980745,0.0011867700224878477,0.003919964481709028,0.06751844066416483
PPO,line,857,17.14,4.025880683653158,0.0011621101723333993,0.0014283672681577979,0.06554728027478236
PPO,line,858,17.16,4.028888018100694,0.0013923719580197236,0.0025840473434390206,0.05941493051238112
PPO,line,859,17.18,4.03254530692033,0.0017366701084618687,0.004528790010210545,0.056469111007933906
PPO,line,860,17.2,4.037048418257578,0.0020778547700068383,0.0021024331970935493,0.04866452068721333
PPO,line,861,17.22,4.042387116746805,0.0023712534728674932,0.004960874850019111,0.048079340324923364
PPO,line,862,17.240000000000002,4.0483500415499165,0.0025812933431948793,0.003039835595016955,0.04289939233447182
PPO,line,863,17.26,4.054716851050398,0.0026492681653963266,0.003346380981092301,0.04930899133157414
PPO,line,864,17.28,4.061043671701224,0.002620367305660776,0.005020487982769623,0.050586149464122196
PPO,line,865,17.3,4.066649786432968,0.002818269417624481,0.0028211826974537673,0.05502367128457407
PPO,line,866,17.32,4.07186912350045,0.0031052857091131984,0.005822687275319055,0.052400260504118695
PPO,line,867,17.34,4.077246466923537,0.003308241057768131,0.0033389504958750028,0.039373200320801126
PPO,line,868,17.36,4.083025363487753,0.003255450047551147,0.004993161918904863,0.03892433969176065
PPO,line,869,17.38,4.088883639074446,0.002784703736479413,0.003471159398121559,0.03940234936936703
PPO,line,870,17.400000000000002,4.093869501277418,0.002032815775481621,0.003589614360662307,0.05860730743270728
PPO,line,871,17.42,4.097756027190988,0.0014940118925654154,0.0017587550267314455,0.0675674733067182
PPO,line,872,17.44,4.100591755353105,0.0013472160280918073,0.00399756094591176,0.0674055736285336
PPO,line,873,17.46,4.103099421234119,0.0014418711224116227,0.0040132797367713555,0.0669502470150587
PPO,line,874,17.48,4.1059944332446205,0.0016447551162128641,0.0018515515308729594,0.06106826717720503
PPO,line,875,17.5,4.109661808403745,0.0018568705442953328,0.003373994020339062,0.055918791164961436
PPO,line,876,17.52,4.114191257861129,0.002003873613104751,0.003338466607361279,0.058655988986833545
PPO,line,877,17.54,4.119560322194765,0.0020915352093159407,0.003414455696294516,0.05673654558265543
PPO,line,878,17.56,4.125491941859509,0.002114324610459492,0.0025282180920400115,0.06367588792885791
PPO,line,879,17.580000000000002,4.131726282654263,0.0020439358469835417,0.005261392952559782,0.0665836413347277
PPO,line,880,17.6,4.13749458994947,0.0020699557829816973,0.0021550951924587235,0.07411981303419084
PPO,line,881,17.62,4.142186305731814,0.0023115653238684436,0.005260320955400024,0.07412234724786962
PPO,line,882,17.64,4.146804609968926,0.002523449553126706,0.0025257132122587897,0.0630770384538222
PPO,line,883,17.66,4.151750033708253,0.0025810184420103836,0.005483874438523635,0.052305198328476535
PPO,line,884,17.68,4.156990356363392,0.002307569531452488,0.002308406128567589,0.056132946775363755
PPO,line,885,17.7,4.162117187328861,0.0016683166972142963,0.00510785368052261,0.06932634804176936
PPO,line,886,17.72,4.16667231094134,0.0008657060505326752,0.0009076101699615766,0.08242713023511702
PPO,line,887,17.740000000000002,4.170250576106703,0.00041612366210417255,0.00333175619483297,0.08930220863416491
PPO,line,888,17.76,4.173121113559028,0.0003931658354305988,0.0038605616164279575,0.08867340827839834
PPO,line,889,17.78,4.175924059373627,0.0006159679069385208,0.001206612015748227,0.08275856071939236
PPO,line,890,17.8,4.1792888798576,0.0009378434463181222,0.0025091371888593685,0.07517713274486544
PPO,line,891,17.82,4.183471449825782,0.001249820104099969,0.003722905925712939,0.07168176181963024
PPO,line,892,17.84,4.188488470844785,0.0015142361884539482,0.0021385826583957225,0.0656485339186174
PPO,line,893,17.86,4.194200360782902,0.0017266740329770786,0.0032850212959572417,0.06578120379970367
PPO,line,894,17.88,4.200406176564941,0.001841484552717971,0.003876499434158255,0.06318002545117862
PPO,line,895,17.900000000000002,4.206764901007286,0.0018710044588560923,0.00188720973623794,0.06900062176146957
PPO,line,896,17.92,4.21256281521401,0.002091371121684423,0.004931035154236203,0.06996096465376929
PPO,line,897,17.94,4.21754121679919,0.002556149393761267,0.002607086622103702,0.056564515688084856
PPO,line,898,17.96,4.222652300714753,0.0030294567650537,0.005336110504148703,0.047364739941074756
PPO,line,899,17.98,4.228185298221743,0.003295906591430618,0.003487564905389793,0.03045105594822929
PPO,line,900,18.0,4.233958691232368,0.0031151421338304623,0.004396954169547074,0.03248569099066216
PPO,line,901,18.02,4.239231035441435,0.002500399185749277,0.0033102432402135713,0.03962604286383117
PPO,line,902,18.04,4.243838748031849,0.0017362777744135507,0.003675652425965601,0.05839751588227597
PPO,line,903,18.06,4.247385674221069,0.0013020220775233236,0.0013377741007508414,0.06368040648077695
PPO,line,904,18.080000000000002,4.2503267388723796,0.0012647453421130938,0.003485809767157071,0.06187793613542576
PPO,line,905,18.1,4.2533714977630215,0.001475652900999562,0.004005396546619181,0.060697077417226165
PPO,line,906,18.12,4.257060479172557,0.001791605757256151,0.0017919413639846187,0.05380210172204404
PPO,line,907,18.14,4.261592056564616,0.002099879170243906,0.004963021645612369,0.04609882179184616
PPO,line,908,18.16,4.266958019908414,0.002364691842786064,0.002369690308590613,0.046329038834449505
PPO,line,909,18.18,4.2729434712228365,0.0025487765269611717,0.004900114885776325,0.04928996371115664
PPO,line,910,18.2,4.279330258807665,0.002593678772763286,0.003402161358518611,0.048224749789271965
PPO,line,911,18.22,4.285666709910104,0.0025543022037853216,0.00295135851709921,0.05797685105238215
PPO,line,912,18.240000000000002,4.291278415483034,0.0027472648286872405,0.004962921166025951,0.05358984914499546
PPO,line,913,18.26,4.296523720598401,0.0030030830564598317,0.003070151048210617,0.051279085477741335
PPO,line,914,18.28,4.301914870941009,0.003165858116801229,0.005710783031862664,0.03868545211623374
PPO,line,915,18.3,4.307695867612473,0.003074983141986786,0.00311818135829991,0.03961978993570274
PPO,line,916,18.32,4.313532994417525,0.0025725389525287344,0.004475558728444692,0.04979971986543544
PPO,line,917,18.34,4.318457162403748,0.001813732279128714,0.002209492485748474,0.062015005377632354
PPO,line,918,18.36,4.322234257969192,0.0013119745879057619,0.005147756063283103,0.07514146172934365
PPO,line,919,18.38,4.3250320223431045,0.0011941529239487565,0.002485636967744759,0.07441492266892955
PPO,line,920,18.400000000000002,4.327521068810595,0.0013155602430108696,0.0013513733383798338,0.06906614615792957
PPO,line,921,18.42,4.330419876637806,0.001548472636863606,0.0035620375491591037,0.062081825846349484
PPO,line,922,18.44,4.3340977064337105,0.0017919396039267248,0.0036075281297410226,0.06159846506511683
PPO,line,923,18.46,4.3386313241550765,0.0019668980932653107,0.002415781837397521,0.057706232899634766
PPO,line,924,18.48,4.343991539941423,0.0020788515658810374,0.0038612546900076644,0.06144742462126435
PPO,line,925,18.5,4.349900684846974,0.0021182224089222788,0.0033966683555204007,0.06121503879500443
PPO,line,926,18.52,4.356097496191504,0.0020661182296993594,0.0023717408660536483,0.07015778970692751
PPO,line,927,18.54,4.36181321401185,0.0021204361143414155,0.005020842175659816,0.06981194016488798
PPO,line,928,18.56,4.366459853872319,0.0023969562158759673,0.002532995969128408,0.06895188314161357
PPO,line,929,18.580000000000002,4.371074631881157,0.002661561568773693,0.004635975071445084,0.056195388989509
PPO,line,930,18.6,4.376025345380174,0.0027633804620261,0.0030413065041368006,0.05312553721974809
PPO,line,931,18.62,4.381260106465385,0.002515669759665457,0.004695397569269355,0.04800660767616756
PPO,line,932,18.64,4.386365917309439,0.001892747484120791,0.0021161094784645524,0.062457342267444385
PPO,line,933,18.66,4.390931996711088,0.0010931601146761223,0.003781272476022394,0.07599812306974629
PPO,line,934,18.68,4.394522551966994,0.0006304212970835138,0.0028762677702697382,0.08540407443551344
PPO,line,935,18.7,4.397423618647511,0.0005913535633278658,0.0005988941223880065,0.08381909359727915
PPO,line,936,18.72,4.400277425381198,0.0008028729606664802,0.003055898590013705,0.07801008694343727
PPO,line,937,18.740000000000002,4.403701497157961,0.0011171360320425352,0.003811469956469938,0.07380061840526117
PPO,line,938,18.76,4.407945781612759,0.0014234249306362295,0.0015447929825192811,0.06705252859370858
PPO,line,939,18.78,4.413023708771919,0.001686253693037864,0.004654736185683774,0.06562848030650785
PPO,line,940,18.8,4.418782807338922,0.0018946390009968537,0.0023680333601434544,0.060759939045690825
PPO,line,941,18.82,4.425025664012684,0.0020016506161619372,0.0030894385333059254,0.06425359237687302
PPO,line,942,18.84,4.431402567919037,0.0020191768974452324,0.004501828102389788,0.06423215957793314
PPO,line,943,18.86,4.437208776225579,0.0022341236247345906,0.002241926337680212,0.06575392362229948
PPO,line,944,18.88,4.442217719709744,0.002697356814277681,0.005525214846681345,0.05125150611006856
PPO,line,945,18.900000000000002,4.447372077101219,0.0031669318144590566,0.003167187923035548,0.04217749087381398
PPO,line,946,18.92,4.452957484342231,0.0034303316558207553,0.005635783931013634,0.034922727758358946
PPO,line,947,18.94,4.458776885578051,0.0032467431507643535,0.003515395583397396,0.02710038144287624
PPO,line,948,18.96,4.464064397194232,0.002638171684348477,0.004288758404335186,0.042794768799833516
PPO,line,949,18.98,4.468663535048152,0.0018942178932858204,0.002251905666663907,0.054334770986184125
PPO,line,950,19.0,4.472175188763964,0.0014686959181586295,0.004952244524898243,0.059507949254805334
PPO,line,951,19.02,4.47510504239646,0.0014309212768745462,0.002757688684906829,0.06231832921500066
PPO,line,952,19.04,4.47815386483906,0.0016341626686326924,0.0017744180840602378,0.05706655290014617
PPO,line,953,19.06,4.481852746564309,0.0019378117519893003,0.004798950821010499,0.04972472264091713
PPO,line,954,19.080000000000002,4.48639767431542,0.0022315894371370357,0.002479826988710985,0.0491891756843882
PPO,line,955,19.1,4.49177681727,0.0024794422896683107,0.004961626116863242,0.0423475127601
PPO,line,956,19.12,4.497772734622371,0.0026484073512776617,0.0026628442828097584,0.04600819634194808
PPO,line,957,19.14,4.504163292432791,0.002679499724977184,0.004289178229932163,0.05345311332670257
PPO,line,958,19.16,4.510491061781722,0.002623189267330149,0.003968983233307637,0.05553001898236866
PPO,line,959,19.18,4.516086394514097,0.0028031346042026225,0.0031526648409821788,0.06009475344149311
PPO,line,960,19.2,4.521335726996831,0.003043892279497957,0.004873890751612677,0.048690168483800714
PPO,line,961,19.22,4.526739284884234,0.003182010858959711,0.003282656994193977,0.0466725833552083
PPO,line,962,19.240000000000002,4.532522354566967,0.0030613923122668595,0.005842698427364849,0.03798789287309298
PPO,line,963,19.26,4.5383487910992955,0.002528466657475461,0.002647873346209124,0.050204499654875626
PPO,line,964,19.28,4.543276513991935,0.001749461461479536,0.004644843676573611,0.06927451737263285
PPO,line,965,19.3,4.547031469267041,0.0012486059082514576,0.001363500621815123,0.07775158419717293
PPO,line,966,19.32,4.549824446656933,0.0011438108297868385,0.002519720614056035,0.07693620235852942
PPO,line,967,19.34,4.552329409606153,0.0012871051926913978,0.004921401441623771,0.07090444676381699
PPO,line,968,19.36,4.555249721537192,0.0015419295370265869,0.0028075857932209993,0.06797756319698348
PPO,line,969,19.38,4.558947300143169,0.0018050610588603482,0.0022548338188439223,0.06166316514083714
PPO,line,970,19.400000000000002,4.563497040643758,0.001999069055928861,0.004575459399037415,0.062931770852657
PPO,line,971,19.42,4.5688604219214195,0.00212473983116961,0.0024640129373481668,0.05996904742909389
PPO,line,972,19.44,4.574764838824854,0.002171877422770891,0.0035948102707296288,0.06589836972025259
PPO,line,973,19.46,4.580955467707364,0.0021227779014017204,0.003945761033085155,0.06785298030931639
PPO,line,974,19.48,4.586665127530583,0.0021808113544657497,0.0023912757311642992,0.07407386649754844
PPO,line,975,19.5,4.591312552464054,0.002471616234077118,0.00442175651102911,0.06545272917421398
PPO,line,976,19.52,4.595915029497045,0.002739382709889434,0.003249433641462918,0.060661445426969995
PPO,line,977,19.54,4.600878998853066,0.002829302731054428,0.004283581878577372,0.04891838319945485
PPO,line,978,19.56,4.606147573562271,0.002564725230768672,0.0029873917159835665,0.052372849223223175
PPO,line,979,19.580000000000002,4.611271140011846,0.001916720378136464,0.0040711105146251335,0.059883649158534724
PPO,line,980,19.6,4.615836453079322,0.0010797973523381007,0.0021504588223058606,0.07891453570131403
PPO,line,981,19.62,4.619429157353126,0.0005754235334383387,0.0018260315284705784,0.08655476007163418
PPO,line,982,19.64,4.622334556174139,0.0004976239727588963,0.004665012991256288,0.08605649858822143
PPO,line,983,19.66,4.625187795206673,0.0006791644330897553,0.002614802108108151,0.08305766900492961
PPO,line,984,19.68,4.628610750643839,0.0009724953354438889,0.0013236178449204748,0.07652608278809707
PPO,line,985,19.7,4.632858446764648,0.0012682016523669934,0.005033485357252071,0.07352604844580858
PPO,line,986,19.72,4.637941750604307,0.0015304982415826232,0.00154513892022325,0.0676255405277078
PPO,line,987,19.740000000000002,4.6437077358215815,0.0017494424787073439,0.004401147031164668,0.06759030136724008
PPO,line,988,19.76,4.649962175264733,0.001875122619891602,0.0029028326448242697,0.06474836881739937
PPO,line,989,19.78,4.656349487891077,0.0019199481682542305,0.002384123073683231,0.07012809361493114
PPO,line,990,19.8,4.66216195260719,0.002165387713417069,0.004903083870051747,0.0638814253860345
PPO,line,991,19.82,4.667171165921159,0.0026595329984781427,0.0027282499183081533,0.056538810897039854
PPO,line,992,19.84,4.67232743477111,0.003157473166074725,0.005536437507967416,0.037187956865099014
PPO,line,993,19.86,4.67791568813293,0.003448788567961519,0.003450853461963069,0.029359413471705523
PPO,line,994,19.88,4.683738981231225,0.0032902399009395278,0.0052367436800051705,0.030938319529696584
PPO,line,995,19.900000000000002,4.6890198088479975,0.0026961639911162348,0.0029539186652164495,0.03722674525054401
PPO,line,996,19.92,4.693601316346726,0.0019561204805728476,0.004658945438619699,0.05554853921172795
PPO,line,997,19.94,4.697096643575081,0.0015279404887163744,0.0016946969053971356,0.060250959275795775
PPO,line,998,19.96,4.700014060282442,0.0014856202981378323,0.0026416712074843747,0.058411655604386395
PPO,line,999,19.98,4.703052783014692,0.0016851663734834962,0.005081205756788542,0.05809267421498438
PPO,line,1000,20.0,4.706736409684478,0.0019843048253073625,0.0022736683706580346,0.05164399293224188
PPO,line,1001,20.02,4.711264851933484,0.0022725686345528317,0.004104912760544893,0.04442583518122726
PPO,line,1002,20.04,4.716632247394357,0.0025174535237361814,0.0028022460850288355,0.045458189309520995
PPO,line,1003,20.06,4.722620238800419,0.002683136816113479,0.005461642930592783,0.040767653968533185
PPO,line,1004,20.080000000000002,4.72900223133147,0.0027130305541657076,0.0029360496643005616,0.048670019508468144
PPO,line,1005,20.1,4.735323114872649,0.0026572448635618054,0.003699085184972059,0.059211379937500544
PPO,line,1006,20.12,4.7409158792591715,0.0028283113218500263,0.0041371525629296324,0.05543521943445172
PPO,line,1007,20.14,4.746148398890884,0.003055742777551044,0.003528745784054331,0.05372033003554387
PPO,line,1008,20.16,4.751531629807028,0.003185095185528491,0.004820575459845231,0.04190480503295402
PPO,line,1009,20.18,4.757297637352531,0.003060756694392603,0.003125374581746226,0.04341689093171759
PPO,line,1010,20.2,4.763108785477283,0.002533743553771027,0.005461143589321272,0.05384566172170197
PPO,line,1011,20.22,4.768017308359369,0.0017565358576400584,0.001757959344052005,0.06618567844876166
PPO,line,1012,20.240000000000002,4.7717551378044165,0.0012514502923360764,0.004008897409643672,0.07516515432216317
PPO,line,1013,20.26,4.774514179922916,0.001147057570168024,0.003634828476647436,0.07807876793981013
PPO,line,1014,20.28,4.776974571467658,0.001282793608665152,0.0016195951416229457,0.07251263482579318
PPO,line,1015,20.3,4.7798516538280325,0.0015284601063102062,0.002429439394399136,0.06524859484256046
PPO,line,1016,20.32,4.783513191184252,0.0017851376095779563,0.004810280552971123,0.06425669900733705
PPO,line,1017,20.34,4.7880305109550525,0.0019742258092112215,0.0019748727241190992,0.060061497934871005
PPO,line,1018,20.36,4.793373205299782,0.0020987889209378996,0.005077524838757744,0.06334843765146368
PPO,line,1019,20.38,4.799268182524536,0.0021486896319586673,0.0024967246269600295,0.06281242693284671
PPO,line,1020,20.400000000000002,4.805459391522215,0.002104494550168345,0.0033093246720120413,0.07132239921299974
PPO,line,1021,20.42,4.81117295550429,0.002159299375401138,0.0038269629465429522,0.07089177820854801
PPO,line,1022,20.44,4.815814118780028,0.0024400740229256106,0.003296105698994244,0.07002363920010728
PPO,line,1023,20.46,4.820407533220211,0.0026970433983222273,0.0035953399224427094,0.05743915743777174
PPO,line,1024,20.48,4.825350035211063,0.0027814931040509045,0.0038741380044603627,0.054609571158081474
PPO,line,1025,20.5,4.830597327178198,0.002517478897217093,0.0035837371021448456,0.049658395131359015
PPO,line,1026,20.52,4.8357128217906595,0.001873788823949558,0.003006074870607381,0.06397259558161839
PPO,line,1027,20.54,4.840264541810935,0.0010497690779512423,0.0024386201866439076,0.07781717738465427
PPO,line,1028,20.56,4.843878415855476,0.0005405542368208618,0.004236346364170707,0.08777454914701321
PPO,line,1029,20.580000000000002,4.846785379129359,0.0004466370591614438,0.001369625382261093,0.08758360178758173
PPO,line,1030,20.6,4.8496233450721675,0.0006122421320810592,0.0016602235428259176,0.08317472795514272
PPO,line,1031,20.62,4.853023812208335,0.0008902208099357853,0.005023191386829392,0.07661249259110461
PPO,line,1032,20.64,4.857247722829247,0.0011725500870101515,0.0014477062467672642,0.07364344368885578
PPO,line,1033,20.66,4.862309768263854,0.001424174512854076,0.004447149459597778,0.06765505065670976
PPO,line,1034,20.68,4.868062341297891,0.001639809809646245,0.001640608341776411,0.06751368004974434
PPO,line,1035,20.7,4.874308035620626,0.0017711769217864108,0.004212616574298808,0.06997223431178179
PPO,line,1036,20.72,4.880691433744954,0.0018266886038089125,0.003145889750856101,0.0693149825237808
PPO,line,1037,20.740000000000002,4.886501537120197,0.0020876260259161524,0.002658089414781214,0.06909198748980527
PPO,line,1038,20.76,4.891506645111935,0.0026023310968554406,0.004249698454222675,0.05370759883099777
PPO,line,1039,20.78,4.896654957005123,0.0031230953314541777,0.0034683924618355315,0.04334877148623221
PPO,line,1040,20.8,4.902235762775881,0.0034412581825049478,0.005331483715105053,0.02420102763325728
PPO,line,1041,20.82,4.908051100463052,0.0033086660991963014,0.003311187703186579,0.02572106290551393
PPO,line,1042,20.84,4.913330382013417,0.0027359802129486442,0.005582966022248517,0.040361591763541566
PPO,line,1043,20.86,4.917926428674265,0.00201129161683634,0.002029408805554122,0.05110678844255418
PPO,line,1044,20.88,4.921442922635772,0.0015898338617263235,0.0036143627348054807,0.055914324209881315
PPO,line,1045,20.900000000000002,4.924380250207773,0.0015502562424041094,0.004135039430272432,0.0589669338765021
PPO,line,1046,20.92,4.927434902057228,0.0017492858720893516,0.001914813546016324,0.05399500945374449
PPO,line,1047,20.94,4.931135554252735,0.002045789698628308,0.003566868265961569,0.047069669285980206
PPO,line,1048,20.96,4.935679534260564,0.0023297700181043675,0.0034546581009073053,0.047064911658653404
PPO,line,1049,20.98,4.941055987946751,0.0025666699556367413,0.0038173069664375284,0.040695098368128235
PPO,line,1050,21.0,4.947045506894463,0.00272341639316583,0.0029767047363719414,0.044806792523903974
PPO,line,1051,21.02,4.95342649042033,0.0027411672941893466,0.0055599730623656345,0.05264646664679415
PPO,line,1052,21.04,4.959741253589035,0.0026714417983433247,0.003052793852540313,0.05520302046284915
PPO,line,1053,21.06,4.965323963988546,0.0028371411568666265,0.004097594737941312,0.060134551043410776
PPO,line,1054,21.080000000000002,4.970564737182045,0.003062244598657516,0.0038203704283999687,0.04932612011179094
PPO,line,1055,21.1,4.975963320934931,0.0031838189188335133,0.0039475963229297605,0.047567004446857145
PPO,line,1056,21.12,4.981740220358123,0.0030483859420717316,0.004598620243737619,0.03940498407638883
PPO,line,1057,21.14,4.987556663420955,0.002506192134826673,0.002618079499488813,0.051399357239180384
PPO,line,1058,21.16,4.992478344012847,0.0017240030511648415,0.004507232340355343,0.06467871422342428
PPO,line,1059,21.18,4.996218893144104,0.0012319246155175546,0.0024447365529239413,0.07810133148230165
PPO,line,1060,21.2,4.998999818832255,0.0011419673179517244,0.001323634729091756,0.07696627624117205
PPO,line,1061,21.22,5.001501090239071,0.0012975123197673695,0.0034257638279888408,0.07075999157766755
PPO,line,1062,21.240000000000002,5.004422609950392,0.0015624276939174037,0.004224209249290899,0.0676401256961429
PPO,line,1063,21.26,5.008123016154857,0.0018337869212682767,0.001847445054943309,0.061309122438621376
PPO,line,1064,21.28,5.012675107577632,0.0020345365627042924,0.004782230648508072,0.05618507241850755
PPO,line,1065,21.3,5.0180412309930125,0.0021667067002288675,0.0021906069851432147,0.059613896638529285
PPO,line,1066,21.32,5.0239468816298745,0.002215907844884012,0.004956653217718158,0.06557626551193674
PPO,line,1067,21.34,5.03013705499936,0.002164782168412226,0.002787704286930437,0.06762715158158067
PPO,line,1068,21.36,5.03584625256688,0.0022192642283795153,0.003381290297833896,0.07389905976428165
PPO,line,1069,21.38,5.04049495905279,0.0025051436090742373,0.00326738379100458,0.06562989046765885
PPO,line,1070,21.400000000000002,5.04510076699395,0.002767148563703073,0.004316801941506996,0.06098365819933041
PPO,line,1071,21.42,5.05006988465732,0.0028489717659615815,0.003295226353153528,0.04960934709324638
PPO,line,1072,21.44,5.055339827695959,0.002574064273599705,0.004022363597436854,0.053081918622660255
PPO,line,1073,21.46,5.060455181908094,0.0019151638477552912,0.002786809507878282,0.060782142908120174
PPO,line,1074,21.48,5.0650107274638225,0.0010739056463043373,0.003600566118128068,0.07940136863105562
PPO,line,1075,21.5,5.0686359879123835,0.0005527906034309288,0.0005840703660433916,0.08705797657828772
PPO,line,1076,21.52,5.071566919689829,0.00045970363058428585,0.003153197337107407,0.08695523457774867
PPO,line,1077,21.54,5.074433897245208,0.0006313935193565398,0.0040793684796126585,0.08419406064262726
PPO,line,1078,21.56,5.077867667304504,0.0009186806483544195,0.0010953146848371835,0.07801458647378888
PPO,line,1079,21.580000000000002,5.082124998925764,0.001211950983741807,0.0038562878543860184,0.0713285205401096
PPO,line,1080,21.6,5.087218355727083,0.0014771629897360782,0.0019431364884141176,0.06933035113686806
PPO,line,1081,21.62,5.092992512724316,0.0017018434569003984,0.004822013148803289,0.06384392085929164
PPO,line,1082,21.64,5.099253633243937,0.0018385744459799493,0.0019879888801612416,0.06630883752179936
PPO,line,1083,21.66,5.105638749356246,0.0018986533667066062,0.0034457285625553737,0.07131455670150515
PPO,line,1084,21.68,5.1114475369053505,0.002161636165226595,0.003643788292019301,0.06492343455595243
PPO,line,1085,21.7,5.116469346517345,0.002673310291540804,0.0033758744109859554,0.057188527866627564
PPO,line,1086,21.72,5.121645873126493,0.003184607877522521,0.004454759203126766,0.037803980751998714
PPO,line,1087,21.740000000000002,5.127259082822648,0.0034880647663924776,0.0037184430859817912,0.029539775323190312
PPO,line,1088,21.76,5.133096687804036,0.003335301384547849,0.005640799900536524,0.020496145535593285
PPO,line,1089,21.78,5.138369468984692,0.002738619022283497,0.002745538756100066,0.03714766505304438
PPO,line,1090,21.8,5.142942181771512,0.0020007551270089905,0.0048134290662594685,0.048956567905570306
PPO,line,1091,21.82,5.14642244256791,0.0015540695092238449,0.002659767901767276,0.0598520606900892
PPO,line,1092,21.84,5.149355336374795,0.0014905316232801077,0.0016796816560021477,0.058624655424498635
PPO,line,1093,21.86,5.1524135413460765,0.0016694708521961875,0.004180400606349363,0.05386891591437734
PPO,line,1094,21.88,5.156124211057591,0.0019480383788282585,0.0031484626256896363,0.05336254071600106
PPO,line,1095,21.900000000000002,5.160681487602229,0.0022169704688354878,0.003042578509380934,0.04695731826522582
PPO,line,1096,21.92,5.16607620612856,0.0024480462719830977,0.0035263496319108694,0.04816958344838206
PPO,line,1097,21.94,5.172081310391736,0.002606963727782936,0.0043377441004564385,0.04397713149563326
PPO,line,1098,21.96,5.178466138915511,0.0026375923562767024,0.0026427428330868447,0.05165707094391186
PPO,line,1099,21.98,5.1847585855711085,0.002594356610078794,0.004675067588580671,0.06164239260661707
PPO,line,1100,22.0,5.190263153963324,0.0027654419272104638,0.003202688113642443,0.05780410287577438
PPO,line,1101,22.02,5.1954539789108845,0.002953706315530151,0.004362504569586506,0.056300585278906135
PPO,line,1102,22.04,5.200819815674399,0.0030243697579168476,0.003713819269148781,0.04601652688572652
PPO,line,1103,22.06,5.206548862661415,0.0028268984990806253,0.0035408955662546986,0.04903956181564008
PPO,line,1104,22.080000000000002,5.212278743547246,0.0022386646161686743,0.004237263846078309,0.05400384041100881
PPO,line,1105,22.1,5.217142452734666,0.001437931205509235,0.002118217105596806,0.07386513467470154
PPO,line,1106,22.12,5.220840567651531,0.0009625736596524029,0.0023490155192744835,0.08215318111918246
PPO,line,1107,22.14,5.223630339048737,0.0008963822808563615,0.005013297269169374,0.08075369549142554
PPO,line,1108,22.16,5.226172770635444,0.0010807073372094789,0.002761962991654873,0.07744940711654984
PPO,line,1109,22.18,5.2291504671952485,0.001368535337522464,0.0014362921913875797,0.0695941726580375
PPO,line,1110,22.2,5.232912603446355,0.0016584019501723292,0.004513775174744946,0.06229992022664759
PPO,line,1111,22.22,5.237520281505513,0.0018778631167520943,0.0022344437269692795,0.06264738315454796
PPO,line,1112,22.240000000000002,5.2429193441206525,0.0020289561857532398,0.004653714404752976,0.05879149188828913
PPO,line,1113,22.26,5.248846513708224,0.0020956091188446694,0.0020979274633422256,0.06413639149482711
PPO,line,1114,22.28,5.255040264881238,0.002066684385892785,0.0042593325333444496,0.07201674408812725
PPO,line,1115,22.3,5.260737788799859,0.0021616377789252512,0.002926793744210874,0.07022050358669762
PPO,line,1116,22.32,5.265413748992885,0.002484526217396695,0.004184887683981607,0.06768063350291725
PPO,line,1117,22.34,5.270093765271436,0.0027787779889446385,0.0030731362650764055,0.0541887076628848
PPO,line,1118,22.36,5.275151862140496,0.002871035867578058,0.004640812848550847,0.05116668889434512
PPO,line,1119,22.38,5.280493736146784,0.002580270927039504,0.003087609181911984,0.04673434657734361
PPO,line,1120,22.400000000000002,5.285630349811913,0.0018917848593331865,0.003703900609314439,0.0623147863988807
PPO,line,1121,22.42,5.290222997901705,0.0010337640035898302,0.0017469962554649738,0.07684022187833388
PPO,line,1122,22.44,5.2938666879281175,0.0005225566130699227,0.004992122675918636,0.08681390554999341
PPO,line,1123,22.46,5.296832885193273,0.0004518569008556584,0.0020489457546172757,0.08617169019650121
PPO,line,1124,22.48,5.2997710616346785,0.000649944830837775,0.0011425494531800396,0.08104238413221623
PPO,line,1125,22.5,5.30330101883131,0.0009692721678437309,0.0045735226440613,0.07351444679511925
PPO,line,1126,22.52,5.307657489907812,0.0012951434388569602,0.0017592332457214352,0.06970118478982623
PPO,line,1127,22.54,5.312840549579991,0.0015863778361430905,0.004296092052054017,0.06262185949904883
PPO,line,1128,22.56,5.318679295542238,0.0018236678989526213,0.001833075856471909,0.06235326098437594
PPO,line,1129,22.580000000000002,5.324980433235995,0.0019554367320348464,0.004363692672929196,0.0651983395942895
PPO,line,1130,22.6,5.331361267011848,0.0020035304658038056,0.003188029475344547,0.06462094459011875
PPO,line,1131,22.62,5.337110369320412,0.002273499226285903,0.0028922322070575263,0.06506155018098354
PPO,line,1132,22.64,5.342161145830111,0.0027705049952147626,0.004280508255255026,0.04980264446260046
PPO,line,1133,22.66,5.347385415218846,0.003245799755380473,0.00358809302680932,0.040354844916956
PPO,line,1134,22.68,5.353068203959327,0.0035028900358221966,0.005433278978351959,0.02216867136744781
PPO,line,1135,22.7,5.358966277772872,0.0032974904720164816,0.0032976733087934067,0.0256787725317993
PPO,line,1136,22.72,5.364204358664409,0.002666872867563147,0.005442121661332736,0.04180194799316771
PPO,line,1137,22.740000000000002,5.36865084695415,0.0019513776076898056,0.001973910180766873,0.05257350166429866
PPO,line,1138,22.76,5.372001333046663,0.00152636328180941,0.0034133735214990505,0.057362056787191563
PPO,line,1139,22.78,5.374847943115336,0.001457229814177872,0.004367286915365467,0.061017426902665046
PPO,line,1140,22.8,5.377864167250018,0.0016037202551357139,0.0019451536594016178,0.057396591174750135
PPO,line,1141,22.82,5.38156693187956,0.0018321687131999244,0.003182325528353027,0.052329648692856674
PPO,line,1142,22.84,5.3861344332997225,0.0020454771490764976,0.003505786691470963,0.053507806966836
PPO,line,1143,22.86,5.391555032915919,0.002228639494857802,0.0034042921989130815,0.048965489171395246
PPO,line,1144,22.88,5.39758108474294,0.002359222041651446,0.0027521835552963936,0.053319472538049896
PPO,line,1145,22.900000000000002,5.403962537658987,0.002383048873091813,0.005506566456817134,0.0533300568351344
PPO,line,1146,22.92,5.410144493867171,0.002383921993961528,0.002637950701003185,0.0623512432116275
PPO,line,1147,22.94,5.415379188404417,0.0025936005252423506,0.0044797039329118205,0.06467363996661679
PPO,line,1148,22.96,5.420398908392892,0.0027743004274003494,0.003092886716533035,0.05420264247237727
PPO,line,1149,22.98,5.425644697315853,0.0028142354388609506,0.004416470143721443,0.052806690945779944
PPO,line,1150,23.0,5.431212448542934,0.0025524272123039504,0.003346330837793142,0.048516753391146444
PPO,line,1151,23.02,5.436711410811057,0.0019181556395581147,0.0030363158490680055,0.06251213302458172
PPO,line,1152,23.04,5.441441561953564,0.0011119754651710751,0.0026237416764336497,0.07666844565403658
PPO,line,1153,23.06,5.445068950882353,0.0006570530321065932,0.004066288337697378,0.0868768132382499
PPO,line,1154,23.080000000000002,5.44786618301245,0.0005980306906062158,0.0013547592676241337,0.08574469063592495
PPO,line,1155,23.1,5.450489338294158,0.0007821572477174751,0.0016102563616891327,0.0799869238681793
PPO,line,1156,23.12,5.453590155828254,0.0010642574049637334,0.004632266076434675,0.0724511171839515
PPO,line,1157,23.14,5.4574825721278115,0.001347325804695222,0.0021039252883574477,0.06981727623260003
PPO,line,1158,23.16,5.462210477755412,0.001571057857855874,0.0034860642462214955,0.06464064420697777
PPO,line,1159,23.18,5.467695739394134,0.001745489453866358,0.0022497953453465987,0.06589104649245428
PPO,line,1160,23.2,5.473702167249331,0.0018424362824030424,0.00494316836808254,0.06381156844582012
PPO,line,1161,23.22,5.479947357912733,0.0018590604357576499,0.0020300491042193366,0.0700771017246409
PPO,line,1162,23.240000000000002,5.485655056682561,0.0020277520892372997,0.004039367582966174,0.07215418358537924
PPO,line,1163,23.26,5.490370376922256,0.0024400210927908094,0.0027288254408102796,0.06033279846201332
PPO,line,1164,23.28,5.49514432045729,0.0028546557765724324,0.004931241094216566,0.05233736492873837
PPO,line,1165,23.3,5.500327510875448,0.0030588581453757637,0.003272217033839373,0.03802811703465825
PPO,line,1166,23.32,5.505783943704031,0.0028515033604511065,0.004435950155535455,0.04038234072710643
PPO,line,1167,23.34,5.510964511834602,0.002221129642690477,0.0028479593501830286,0.047730582753083076
PPO,line,1168,23.36,5.515585602794773,0.0013925077632628525,0.003872117292679445,0.06671368987723317
PPO,line,1169,23.38,5.5192329780781995,0.0008859076053924575,0.0008865718871068837,0.07385908067518739
PPO,line,1170,23.400000000000002,5.522204958931788,0.0008092877405870557,0.0031133186817285125,0.07333629473154696
PPO,line,1171,23.42,5.525177055081335,0.0010013206016443502,0.004160593819872137,0.07129227244777692
PPO,line,1172,23.44,5.528760035929725,0.001312809615662905,0.0013895280216570957,0.06467276172741881
PPO,line,1173,23.46,5.533178888165017,0.0016268174958687855,0.004284401842659902,0.057318796859038144
PPO,line,1174,23.48,5.538432865689423,0.0019070879333802078,0.0020677730576973545,0.0561023879521638
PPO,line,1175,23.5,5.5443346872945165,0.002126867916113259,0.005354582980641596,0.05714317274901657
PPO,line,1176,23.52,5.550680124401581,0.002232367561376632,0.0026518490870730007,0.05481767635603484
PPO,line,1177,23.54,5.557057401775637,0.0022586952103005264,0.0031586622911550888,0.06180390667063472
PPO,line,1178,23.56,5.562761841142117,0.0025054617765424116,0.004301411727511564,0.056297835216848356
PPO,line,1179,23.580000000000002,5.567871710943502,0.0029384762646971854,0.0032594392343398815,0.05074412393006031
PPO,line,1180,23.6,5.573171839211151,0.0033306571850595414,0.005120845769403793,0.03316298213462012
PPO,line,1181,23.62,5.578910211873655,0.003497743808763837,0.0035192665254059957,0.028096701336907184
PPO,line,1182,23.64,5.584806411945501,0.0032123959126095134,0.0055363883481673055,0.03317170724656985
PPO,line,1183,23.66,5.58995292261473,0.002553726954287542,0.0026320706599578295,0.04156420719697554
PPO,line,1184,23.68,5.594225081080593,0.0019092047211258384,0.005267712498759716,0.05164869873041389
PPO,line,1185,23.7,5.597389080361492,0.0015702306230127886,0.0024982828685988327,0.06033338472533057
PPO,line,1186,23.72,5.600110899387646,0.0015340355308345421,0.0017203505534114849,0.05856751981619483
PPO,line,1187,23.740000000000002,5.603088935394421,0.0016654475223785111,0.004109333674083284,0.05466369145179686
PPO,line,1188,23.76,5.606788804270942,0.0018463908846319526,0.003156473588882413,0.05630084697769758
PPO,line,1189,23.78,5.6113565023698735,0.0019913905368689594,0.0028277276898198154,0.05309059070714423
PPO,line,1190,23.8,5.616784060601395,0.002104370716774925,0.003330581037813039,0.05685689428057138
PPO,line,1191,23.82,5.622808586662657,0.0021680261424368167,0.004068713572769076,0.055981877137377664
PPO,line,1192,23.84,5.629169283108586,0.0021342513654353645,0.0021448558745894232,0.06497677520495092
PPO,line,1193,23.86,5.635250735389918,0.002112196981567302,0.00465504688629107,0.07373777097355821
PPO,line,1194,23.88,5.640308156549604,0.00229597700749154,0.00246942889879451,0.06892918669999652
PPO,line,1195,23.900000000000002,5.645189738017561,0.002452864202522414,0.004886229302830515,0.06636901972324083
PPO,line,1196,23.92,5.650328999052853,0.002472258259639698,0.002635562401997878,0.057471103215297484
PPO,line,1197,23.94,5.655789308897628,0.002191058812158866,0.004251206776076937,0.06114504752588972
PPO,line,1198,23.96,5.661177135620823,0.0015683951569096224,0.0023460626651282224,0.06837051588988743
PPO,line,1199,23.98,5.6658723448880846,0.0008049922675656865,0.003666205055557036,0.08497697934793869
PPO,line,1200,24.0,5.669536946731139,0.000394775330078683,0.0004044351701258888,0.09091872509710225
PPO,line,1201,24.02,5.67241090251594,0.0003799274512698708,0.002986088880760936,0.08868886112668223
PPO,line,1202,24.04,5.6751431849846945,0.0006011533681473849,0.004364193052304657,0.08378959909558456
PPO,line,1203,24.060000000000002,5.678376598205212,0.0009125099634399751,0.0014209093363361511,0.07645798076138327
PPO,line,1204,24.080000000000002,5.682402139911761,0.0012120147899142891,0.0031766666724294054,0.0696478493496204
PPO,line,1205,24.1,5.68725575634397,0.0014513787013327234,0.0026579611236766786,0.06838691589479337
PPO,line,1206,24.12,5.692829551178826,0.0016393851403595158,0.003727000241959377,0.06412495371894406
PPO,line,1207,24.14,5.698911937631903,0.0017422553655292218,0.001838556516420591,0.06741783042797424
PPO,line,1208,24.16,5.705192209538041,0.0017637159038637407,0.0046695444194982325,0.07304763405870807
PPO,line,1209,24.18,5.710939172027906,0.0019494511651742994,0.002413747633764299,0.06862407584996869
PPO,line,1210,24.2,5.715765096117824,0.00239298457597562,0.004463195717422495,0.062467349037731296
PPO,line,1211,24.22,5.720701340329725,0.002861988534185383,0.0030914461427271065,0.04538387994213825
PPO,line,1212,24.240000000000002,5.726050393787831,0.0031304368482791656,0.004694850465431197,0.03809352833956346
PPO,line,1213,24.26,5.731660997977651,0.0029715760264872842,0.003645510785952087,0.029979374955520832
PPO,line,1214,24.28,5.7369010336866255,0.0023796639634568583,0.003572750131184691,0.04484756573077678
PPO,line,1215,24.3,5.741546816961281,0.0016128387018559747,0.002554429365414788,0.05716518450934161
PPO,line,1216,24.32,5.74516869207448,0.001178676796994508,0.004568609770781363,0.06691687721656618
PPO,line,1217,24.34,5.74814008909198,0.001160090015684407,0.0018511497552178495,0.06486434064555233
PPO,line,1218,24.36,5.75116597541579,0.00139721915569228,0.002111676963388105,0.05871476089038992
PPO,line,1219,24.38,5.754821749659597,0.0017442618018739442,0.005086034246684849,0.05577223582886669
PPO,line,1220,24.400000000000002,5.759309708460894,0.002081233790862737,0.002101289131528577,0.048207068482758166
PPO,line,1221,24.42,5.764621858276616,0.002365801882999262,0.005526186470112249,0.04785736121226866
PPO,line,1222,24.44,5.770557291066438,0.002564335910140469,0.0027316290462844205,0.04297256089265644
PPO,line,1223,24.46,5.776907493147173,0.002623750202514365,0.0037829793914356266,0.049332269501191094
PPO,line,1224,24.48,5.7832468195376165,0.002585920400777967,0.004443949943309655,0.05077846583472677
PPO,line,1225,24.5,5.7888935827479795,0.002767244181245028,0.002868610081405755,0.05549997293757561
PPO,line,1226,24.52,5.794092222391513,0.0030668988693619025,0.005398555365728406,0.0431850667515227
PPO,line,1227,24.54,5.799450860533036,0.0032906564750888726,0.003297688955788448,0.03929450554343472
PPO,line,1228,24.560000000000002,5.805230075804483,0.003269358328712639,0.00552408347792003,0.038050507802218025
PPO,line,1229,24.580000000000002,5.8111165524969515,0.0028116183902130026,0.003156078387919211,0.03806265511911891
PPO,line,1230,24.6,5.816148376583091,0.002045171664673439,0.004097950552615557,0.057431983237109865
PPO,line,1231,24.62,5.820211309126734,0.0014397121226572477,0.0015279791990646207,0.06754092781286172
PPO,line,1232,24.64,5.823192805977723,0.0012173320748436359,0.00369933640891705,0.0688033129958632
PPO,line,1233,24.66,5.825799707135778,0.001265602627398683,0.0041158980398313064,0.06888600029814396
PPO,line,1234,24.68,5.828754124397164,0.001444019592126521,0.0017351570077150404,0.06380568202481197
PPO,line,1235,24.7,5.832463252258118,0.0016458649398432307,0.003202374488276449,0.059111913661176255
PPO,line,1236,24.72,5.837038275933013,0.0017951369170011164,0.0032378158585796273,0.061272326982602876
PPO,line,1237,24.740000000000002,5.842462006011543,0.0018983771851111373,0.0033244428489598936,0.05913407126944042
PPO,line,1238,24.76,5.848458462666624,0.001942407586287685,0.0023323674691297365,0.06514437489839386
PPO,line,1239,24.78,5.854770342563446,0.0018904526179243976,0.005341645184714873,0.07376585932658622
PPO,line,1240,24.8,5.860692347390624,0.0018949309142574687,0.0021091157626151416,0.0755396182749172
PPO,line,1241,24.82,5.86553904746178,0.002111082108295871,0.004739995772498077,0.0756840251311925
PPO,line,1242,24.84,5.870262796364807,0.0022890871642707485,0.0023388355718108175,0.06543043489101379
PPO,line,1243,24.86,5.875299467766427,0.002309080171114458,0.005058026924580032,0.06329840817867952
PPO,line,1244,24.88,5.8806431177186385,0.0020143249296340417,0.002183784682140365,0.06007629826112285
PPO,line,1245,24.900000000000002,5.885878489259203,0.00135863291243389,0.004165658902899435,0.07333478013776482
PPO,line,1246,24.92,5.890484759100347,0.000556222587986471,0.0008695631784487337,0.08708422936031997
PPO,line,1247,24.94,5.894045144519522,0.0001280743555488383,0.004230722925232544,0.09413991142358201
PPO,line,1248,24.96,5.896872620448094,0.000127202185261091,0.0029631661572892235,0.0921832665342975
PPO,line,1249,24.98,5.899624390876737,0.00037195860818428633,0.0004264902822551759,0.08551815970104082
PPO,line,1250,25.0,5.902928168901548,0.0007180948137688376,0.003177324292031861,0.0771945765992092
PPO,line,1251,25.02,5.907047114170149,0.0010576802642227126,0.0029955721985394706,0.07249479674131334
PPO,line,1252,25.04,5.912000281963835,0.0013429255549765825,0.0025353971225011204,0.06611206116686683
PPO,line,1253,25.060000000000002,5.917656229804835,0.0015729348445030946,0.002712779227705292,0.06560813629275174
PPO,line,1254,25.080000000000002,5.923808424947708,0.0017042056849280085,0.004294593138995984,0.0628617077458314
PPO,line,1255,25.1,5.930124143409574,0.0017466637235768556,0.0017632122670618786,0.06194600221000887
PPO,line,1256,25.12,5.935880550856743,0.0019787384548351794,0.0044799592925166346,0.05423526428772148
PPO,line,1257,25.14,5.9407911289067385,0.002447935735472221,0.002605148299073234,0.0348444447215701
PPO,line,1258,25.16,5.945825946755062,0.0029147995566391727,0.0050228386059915,0.008398080748273515
PPO,line,1259,25.18,5.951300507106241,0.003169954361045799,0.003458903016062728,-0.018594756230036785
PPO,line,1260,25.2,5.957017883669808,0.002987430883174315,0.004174199453234078,-0.033012136279024704
PPO,line,1261,25.22,5.962329161904514,0.0024228627981672294,0.003407461223372915,-0.02442815475179118
PPO,line,1262,25.240000000000002,5.967026921786244,0.0017454255095566097,0.003404468896478276,-0.003719567537645588
PPO,line,1263,25.26,5.97060557159812,0.001462731291173743,0.001602955520826456,0.0007152695558342858
PPO,line,1264,25.28,5.973515771896719,0.0015914553997722523,0.003904875773097425,-0.019814928364718612
PPO,line,1265,25.3,5.9765404761192915,0.0019363429096211746,0.0039354573063727655,-0.06140760511192048
PPO,line,1266,25.32,5.980248433477986,0.002332482547561387,0.0023494464738372032,-0.12564330304858626
PPO,line,1267,25.34,5.984846916069771,0.002634741895730191,0.005546101536386343,-0.2
PPO,line,1268,25.36,5.990337963155308,0.0027707920010897487,0.00279339763715415,-0.2
PPO,line,1269,25.38,5.996476401340142,0.002708046580532225,0.004444014378699274,-0.2
PPO,line,1270,25.400000000000002,6.002799544045857,0.0024344300451151833,0.0037099725752694998,-0.2
PPO,line,1271,25.42,6.00883092032026,0.002090766206040872,0.009075045841817977,-0.2
PPO,line,1272,25.44,6.0141052870591984,0.0016636624746072172,0.014203059383520417,-0.2
PPO,line,1273,25.46,6.019559944662158,0.0011935959265318664,0.019596328901672667,-0.2
PPO,line,1274,25.48,6.025278966851032,0.0006908941531243485,0.025288406430346876,-0.2
PPO,line,1275,25.5,6.03090548764755,8.967944235075805e-05,0.030905617760129362,-0.2
PPO,line,1276,25.52,6.036001638291074,-0.00038548217423149656,0.03600370197837956,-0.2
PPO,line,1277,25.54,6.040122746315523,-0.0003045226027112338,0.040123901927846026,-0.2
PPO,line,1278,25.560000000000002,6.043131666295736,0.00047998967940050753,0.04313433698967722,-0.2
PPO,line,1279,25.580000000000002,6.045918297067476,0.0015721179723151308,0.045945201713517785,-0.2
PPO,line,1280,25.6,6.0490308609162815,0.002637491879802973,0.04910174829481907,-0.2
PPO,line,1281,25.62,6.052826582990571,0.0034264982396239162,0.0529375930756757,-0.2
PPO,line,1282,25.64,6.057460206486042,0.0037835923084057073,0.0575846411829999,-0.2
PPO,line,1283,25.66,6.0628956642562875,0.003634367825714264,0.06300058104281438,-0.2
PPO,line,1284,25.68,6.068788045538935,0.0029984079305009096,0.06885336345585649,-0.2
PPO,line,1285,25.7,6.074776838849358,0.0019048472109503816,0.07480109672457959,-0.2
PPO,line,1286,25.72,6.080523259809782,0.00047178664255079764,0.0805246418994195,-0.2
PPO,line,1287,25.740000000000002,6.085855990325717,-0.0013252596290109107,0.08586621796663632,-0.2
PPO,line,1288,25.76,6.091385372777847,-0.0033036873169857177,0.09144506934567007,-0.2
PPO,line,1289,25.78,6.09709712089752,-0.005407622678239704,0.09724758747453773,-0.2
PPO,line,1290,25.8,6.102519956102835,-0.007518370870446739,0.10279526885938296,-0.2
PPO,line,1291,25.82,6.107626858024557,-0.009196162826818994,0.10801902600456786,-0.2
PPO,line,1292,25.84,6.111660153707112,-0.00984817843740137,0.11209360617105099,-0.2
PPO,line,1293,25.86,6.115037157552997,-0.009676537172844979,0.11544341899619306,-0.2
PPO,line,1294,25.88,6.1185021591191955,-0.009226003228629482,0.11886076245542852,-0.2
PPO,line,1295,25.900000000000002,6.122513130571735,-0.008850003334480279,0.12283236430805757,-0.2
PPO,line,1296,25.92,6.127329771849996,-0.008774521282420364,0.12763174770842742,-0.2
PPO,line,1297,25.94,6.132937541615074,-0.009105752604317742,0.13324903264620913,-0.2
PPO,line,1298,25.96,6.139026258902068,-0.00983348753042984,0.13937359197967164,-0.2
PPO,line,1299,25.98,6.145221600714446,-0.010917813065395651,0.1456314250297537,-0.2
PPO,line,1300,26.0,6.151062536442554,-0.012197197614864867,0.1515541538398536,-0.2
PPO,line,1301,26.02,6.156346189963879,-0.013665349879579316,0.15694225977585763,-0.2
PPO,line,1302,26.04,6.161867783361327,-0.015321455164459378,0.16259128598626066,-0.2
PPO,line,1303,26.060000000000002,6.16762367592033,-0.01716144486073089,0.16849988699922563,-0.2
PPO,line,1304,26.080000000000002,6.173180021736383,-0.01913748831619602,0.1742342199100583,-0.2
PPO,line,1305,26.1,6.178207533383093,-0.02086616723194432,0.1794249756567842,-0.2
PPO,line,1306,26.12,6.182135611916088,-0.0217036881955792,0.18342418381810727,-0.2
PPO,line,1307,26.14,6.185115567746606,-0.021598440521547073,0.18637131231793974,-0.2
PPO,line,1308,26.16,6.188051765614594,-0.02113334148055104,0.1892355269839669,-0.2
PPO,line,1309,26.18,6.191381345683909,-0.020691339255752783,0.19249662593401598,-0.2
PPO,line,1310,26.2,6.195443898139694,-0.020578251150591025,0.19652425229588324,-0.2
PPO,line,1311,26.22,6.200330070330354,-0.020959683882953713,0.20142354734995102,-0.2
PPO,line,1312,26.240000000000002,6.205942639048613,-0.021909020106518358,0.20710474581799254,-0.2
PPO,line,1313,26.26,6.211923657982848,-0.023366000742569403,0.21320789573449905,-0.2
PPO,line,1314,26.28,6.217889205815274,-0.025225279358617625,0.21934452518704678,-0.2
PPO,line,1315,26.3,6.223238001142244,-0.02731512988150915,0.22490291566457782,-0.2
PPO,line,1316,26.32,6.228146608494975,-0.02967343420659273,0.2300682239366671,-0.2
PPO,line,1317,26.34,6.233287940612515,-0.03226445159439559,0.23550850955308456,-0.2
PPO,line,1318,26.36,6.2386026829389465,-0.03503678506877412,0.24116139121679261,-0.2
PPO,line,1319,26.38,6.243603083916407,-0.037769674968819084,0.2465137132916432,-0.2
PPO,line,1320,26.400000000000002,6.248350044573649,-0.04001957204031269,0.25155379302650804,-0.2
PPO,line,1321,26.42,6.2521857581667195,-0.04112172751721624,0.2555164438859529,-0.2
PPO,line,1322,26.44,6.25550627229818,-0.04139058561540947,0.2588370834353112,-0.2
PPO,line,1323,26.46,6.259012930390505,-0.04146086007426027,0.26231031437511976,-0.2
PPO,line,1324,26.48,6.26311298964586,-0.041733721422550954,0.26640223126722773,-0.2
PPO,line,1325,26.5,6.267979332400313,-0.0424477901203671,0.2713203595011259,-0.2
PPO,line,1326,26.52,6.27356145794556,-0.04368329986620759,0.277027258515297,-0.2
PPO,line,1327,26.54,6.279536080664636,-0.0453644391508566,0.283193136803874,-0.2
PPO,line,1328,26.560000000000002,6.285507510794154,-0.04736585721203087,0.28940985323465446,-0.2
PPO,line,1329,26.580000000000002,6.290787792780989,-0.049421744415102345,0.2949577075641035,-0.2
PPO,line,1330,26.6,6.295577094248291,-0.05162113375020598,0.30005092916689924,-0.2
PPO,line,1331,26.62,6.300608599014782,-0.054062483524602176,0.3054313047584972,-0.2
PPO,line,1332,26.64,6.3058682118368115,-0.05674205380233562,0.3110868426693031,-0.2
PPO,line,1333,26.66,6.3108781574722235,-0.059476407394784575,0.3165164637580721,-0.2
PPO,line,1334,26.68,6.3155530643007465,-0.06184642261171112,0.3215567078750767,-0.2
PPO,line,1335,26.7,6.319252422086214,-0.0631027075021017,0.32542904096286446,-0.2
PPO,line,1336,26.72,6.3224180021469945,-0.06353003778911263,0.3286174581636609,-0.2
PPO,line,1337,26.740000000000002,6.325725229516614,-0.0637720070557272,0.33190931596983925,-0.2
PPO,line,1338,26.76,6.329557439955043,-0.06424548641141341,0.3357612079349863,-0.2
PPO,line,1339,26.78,6.33412224381664,-0.06522579871864742,0.3404292564271635,-0.2
PPO,line,1340,26.8,6.339406461022334,-0.06679857680219395,0.3459173248718601,-0.2
PPO,line,1341,26.82,6.345127486513278,-0.06886737650268404,0.3519313817967013,-0.2
PPO,line,1342,26.84,6.350930789801092,-0.07132327224045595,0.35810533142289913,-0.2
PPO,line,1343,26.86,6.356404708105074,-0.07390940343785231,0.36398752159380676,-0.2
PPO,line,1344,26.88,6.361247705640005,-0.0765140503754555,0.3692618376369609,-0.2
PPO,line,1345,26.900000000000002,6.366302285373508,-0.07931808466197078,0.3747915725097064,-0.2
PPO,line,1346,26.92,6.371576854994376,-0.08229940245516662,0.38058185822762086,-0.2
PPO,line,1347,26.94,6.376633466689886,-0.08530311505087255,0.38617274589000156,-0.2
PPO,line,1348,26.96,6.381214868033594,-0.08789914029124135,0.39121737496411124,-0.2
PPO,line,1349,26.98,6.384964741740957,-0.08943314744969173,0.39521657385089487,-0.2
PPO,line,1350,27.0,6.38791234945642,-0.08980727091342032,0.3981724962496988,-0.2
PPO,line,1351,27.02,6.390856799149337,-0.08979817136709345,0.40103958535553474,-0.2
PPO,line,1352,27.04,6.394156330577764,-0.08989304135478357,0.40427709781601584,-0.2
PPO,line,1353,27.060000000000002,6.398072507307391,-0.09045684539339441,0.408220727000133,-0.2
PPO,line,1354,27.080000000000002,6.402686428719513,-0.09169062685958125,0.4129933787953248,-0.2
PPO,line,1355,27.1,6.407893926285246,-0.09365711407345502,0.41850819599735695,-0.2
PPO,line,1356,27.12,6.413366492699711,-0.09622703972757844,0.42441901519794484,-0.2
PPO,line,1357,27.14,6.418765452462062,-0.09923394032522578,0.4303624973068937,-0.2
PPO,line,1358,27.16,6.423543394636125,-0.10240365031910294,0.4357470765691602,-0.2
PPO,line,1359,27.18,6.427818645417698,-0.10581383526986257,0.44071006467013185,-0.2
PPO,line,1360,27.2,6.432238637064774,-0.10953189211891377,0.44590074541624497,-0.2
PPO,line,1361,27.22,6.436756492994911,-0.11346664492219546,0.45125482122977145,-0.2
PPO,line,1362,27.240000000000002,6.440954377821325,-0.11729258254597699,0.4562875335137885,-0.2
PPO,line,1363,27.26,6.445003700933848,-0.12057260630144079,0.4610488555838129,-0.2
PPO,line,1364,27.28,6.448398925641984,-0.12250100134248329,0.46483125093607486,-0.2
PPO,line,1365,27.3,6.4514801225275855,-0.1234466312385238,0.4680527446791266,-0.2
PPO,line,1366,27.32,6.4547873720167255,-0.12418275279134734,0.471437068797858,-0.2
PPO,line,1367,27.34,6.4586178581598155,-0.12518563268892385,0.4753964476674418,-0.2
PPO,line,1368,27.36,6.463138794347437,-0.12675792093651794,0.48017196226950454,-0.2
PPO,line,1369,27.38,6.468292986904431,-0.128990488681476,0.4857333298777834,-0.2
PPO,line,1370,27.400000000000002,6.473777756483353,-0.1317589361736415,0.4917578467091394,-0.2
PPO,line,1371,27.42,6.47925249027296,-0.13489300320706993,0.4978745542273234,-0.2
PPO,line,1372,27.44,6.484201658117367,-0.13803645874201764,0.5034931078631014,-0.2
PPO,line,1373,27.46,6.48860147307553,-0.14120794500935394,0.5085971718613292,-0.2
PPO,line,1374,27.48,6.493122744857655,-0.14461930948100343,0.5138918039536244,-0.2
PPO,line,1375,27.5,6.497777744936863,-0.1482736810688653,0.5193917287097867,-0.2
PPO,line,1376,27.52,6.50218141096729,-0.1519562688937443,0.524668349700271,-0.2
PPO,line,1377,27.54,6.506175859608001,-0.15516949920987633,0.5294257023746978,-0.2
PPO,line,1378,27.560000000000002,6.509474651070762,-0.15718180429711165,0.5331702726951024,-0.2
PPO,line,1379,27.580000000000002,6.512212068207953,-0.15798281104970952,0.536022174359454,-0.2
PPO,line,1380,27.6,6.515062754093765,-0.1584511351639207,0.5388844058695602,-0.2
PPO,line,1381,27.62,6.518280207126235,-0.159075941897296,0.5421434573886557,-0.2
PPO,line,1382,27.64,6.5220741638036905,-0.1602524412042482,0.54611562642287,-0.2
PPO,line,1383,27.66,6.526495955443137,-0.1621880272772104,0.5509110157639385,-0.2
PPO,line,1384,27.68,6.531424715108275,-0.16492188879700842,0.556427405177247,-0.2
PPO,line,1385,27.7,6.536549357477605,-0.16828049793973962,0.5623197835720145,-0.2
PPO,line,1386,27.72,6.541551951777836,-0.17204945308138173,0.568224894544393,-0.2
PPO,line,1387,27.740000000000002,6.545880849967927,-0.17585024068265168,0.5735060675440605,-0.2
PPO,line,1388,27.76,6.549680733310751,-0.17980860536442544,0.578342496394779,-0.2
PPO,line,1389,27.78,6.553576454196218,-0.18407533353422315,0.5833786240994719,-0.2
PPO,line,1390,27.8,6.557535652854333,-0.1885501067207755,0.5885551350112604,-0.2
PPO,line,1391,27.82,6.561193932082859,-0.19284703732810812,0.5934042544613659,-0.2
PPO,line,1392,27.84,6.564783817369822,-0.1965679276304528,0.5980131357551933,-0.2
PPO,line,1393,27.86,6.567903569089658,-0.1988548452896995,0.601712317706695,-0.2
PPO,line,1394,27.88,6.5708390494402265,-0.20014806602552598,0.6049102980604476,-0.2
PPO,line,1395,27.900000000000002,6.574028231204502,-0.20129851257308057,0.6083005025346468,-0.2
PPO,line,1396,27.92,6.577701748597984,-0.2028141112506207,0.612268628998373,-0.2
PPO,line,1397,27.94,6.581973252237129,-0.20500765393522363,0.617025935023387,-0.2
PPO,line,1398,27.96,6.586765917590108,-0.20795053464066987,0.6225252339485536,-0.2
PPO,line,1399,27.98,6.59180232620417,-0.21147686428775436,0.6284524305225081,-0.2
PPO,line,1400,28.0,6.596758720670539,-0.21535212670887402,0.6344269139738422,-0.2
PPO,line,1401,28.02,6.601076085215004,-0.21908941549091276,0.6397598238382467,-0.2
PPO,line,1402,28.04,6.604888407068362,-0.22283658552689664,0.6446286751727589,-0.2
PPO,line,1403,28.060000000000002,6.608800243885468,-0.2268758140015241,0.6497002169723043,-0.2
PPO,line,1404,28.080000000000002,6.612805363934725,-0.2311878830784281,0.6549643130350352,-0.2
PPO,line,1405,28.1,6.6165389028296175,-0.23544619863820232,0.6599660075757905,-0.2
PPO,line,1406,28.12,6.620050289769862,-0.23921029704409738,0.6645930544744021,-0.2
PPO,line,1407,28.14,6.623019410735384,-0.24159525524662587,0.668222607751898,-0.2
PPO,line,1408,28.16,6.625726099742685,-0.24295658436225404,0.671238447784515,-0.2
PPO,line,1409,28.18,6.628629273502624,-0.2441462484505829,0.67437538073163,-0.2
PPO,line,1410,28.2,6.631919715511406,-0.24565738801119963,0.6779897337987507,-0.2
PPO,line,1411,28.22,6.635744514372943,-0.24787007784410095,0.6823566978096793,-0.2
PPO,line,1412,28.240000000000002,6.640081752397168,-0.2509138090993581,0.6875044649662856,-0.2
PPO,line,1413,28.26,6.644721468055191,-0.2546508565744364,0.6931903274897411,-0.2
PPO,line,1414,28.28,6.649395280957717,-0.25889917605986384,0.6991015765213439,-0.2
PPO,line,1415,28.3,6.653810848235208,-0.26329260070650606,0.7048344620241254,-0.2
PPO,line,1416,28.32,6.657526048664725,-0.26745068400318467,0.7098382724581834,-0.2
PPO,line,1417,28.34,6.66129155652168,-0.2718258968705764,0.7149796087556337,-0.2
PPO,line,1418,28.36,6.665160366960122,-0.27645085170571176,0.7203217247753518,-0.2
PPO,line,1419,28.38,6.668839873467393,-0.28106989345104044,0.7254978024394403,-0.2
PPO,line,1420,28.400000000000002,6.672113238294452,-0.2850761896892273,0.7300716670426153,-0.2
PPO,line,1421,28.42,6.675351080315145,-0.288295261312338,0.7343114049080147,-0.2
PPO,line,1422,28.44,6.678334932043424,-0.2902368287288891,0.7378182003589769,-0.2
PPO,line,1423,28.46,6.6812428385731115,-0.2916030037921286,0.7410290931722875,-0.2
PPO,line,1424,28.48,6.684385359229515,-0.29310534631052376,0.7445092772850617,-0.2
PPO,line,1425,28.5,6.687933332285869,-0.2952162488734296,0.7486019658462292,-0.2
PPO,line,1426,28.52,6.691924770769882,-0.29819202323487415,0.7534443384390523,-0.2
PPO,line,1427,28.54,6.696245941252248,-0.30201379761514385,0.7589273645482483,-0.2
PPO,line,1428,28.560000000000002,6.70062201464009,-0.3064484554634139,0.7647103132914127,-0.2
PPO,line,1429,28.580000000000002,6.704771792382012,-0.31116105510905223,0.7704054007819078,-0.2
PPO,line,1430,28.6,6.708080027249007,-0.31560890855599416,0.7752330669862199,-0.2
PPO,line,1431,28.62,6.711032317445433,-0.3201907451139033,0.7798006602385121,-0.2
PPO,line,1432,28.64,6.71404759197791,-0.32512989882640136,0.784584867761492,-0.2
PPO,line,1433,28.66,6.716989217015267,-0.33021502407468073,0.7893766524548389,-0.2
PPO,line,1434,28.68,6.719636768257026,-0.33483263450756034,0.7937190758440235,-0.2
PPO,line,1435,28.7,6.722420184375858,-0.33883814681235996,0.7979362208402895,-0.2
PPO,line,1436,28.72,6.725134908069483,-0.341446835473963,0.8015026989075716,-0.2
PPO,line,1437,28.740000000000002,6.727840057985532,-0.34322334754476397,0.8047070375659809,-0.2
PPO,line,1438,28.76,6.7308105903607585,-0.3450391934426563,0.8081684007649638,-0.2
PPO,line,1439,28.78,6.7342015026975846,-0.34743761620775493,0.8122590373270823,-0.2
PPO,line,1440,28.8,6.738024002246501,-0.35068339249800345,0.8171035856400656,-0.2
PPO,line,1441,28.82,6.742141871355825,-0.35473907671598476,0.8225657236773455,-0.2
PPO,line,1442,28.84,6.746319686797634,-0.359388029325575,0.8283434254729365,-0.2
PPO,line,1443,28.86,6.750271420659087,-0.3642331406842428,0.8340101830496507,-0.2
PPO,line,1444,28.88,6.753427699453512,-0.3686811642913521,0.8387962203104155,-0.2
PPO,line,1445,28.900000000000002,6.756344363187269,-0.373264363795639,0.8434352856057888,-0.2
PPO,line,1446,28.92,6.759309079785587,-0.3782038932025586,0.8482856025410354,-0.2
PPO,line,1447,28.94,6.762177557969475,-0.3832908808106904,0.8531274987860537,-0.2
PPO,line,1448,28.96,6.7647484045603,-0.38793752932777964,0.8575171420668313,-0.2
PPO,line,1449,28.98,6.7674260858969655,-0.39199571737012834,0.8617444167220686,-0.2
PPO,line,1450,29.0,6.77004842103324,-0.39469929882153015,0.8653104109081285,-0.2
PPO,line,1451,29.02,6.772654816251198,-0.39660666044291176,0.8685000334967479,-0.2
PPO,line,1452,29.04,6.77548716778216,-0.3985931437960043,0.871927085068458,-0.2
PPO,line,1453,29.060000000000002,6.778662557385992,-0.40120093652250644,0.8759438165438637,-0.2
PPO,line,1454,29.080000000000002,6.782179951107644,-0.40469811063384986,0.8806736266434716,-0.2
PPO,line,1455,29.1,6.785929177426754,-0.40903881227599226,0.8860008024143364,-0.2
PPO,line,1456,29.12,6.7896916076631975,-0.41398757246281803,0.8916269092884884,-0.2
PPO,line,1457,29.14,6.793216908728629,-0.41913411426851527,0.8971435058209224,-0.2
PPO,line,1458,29.16,6.795981419851501,-0.42384112120926926,0.9017913931596057,-0.2
PPO,line,1459,29.18,6.798470198256449,-0.4286545296286271,0.9062556831682943,-0.2
PPO,line,1460,29.2,6.800997555333036,-0.43382763871722557,0.9109355102115978,-0.2
PPO,line,1461,29.22,6.803437304202841,-0.4391305571373868,0.9156129902947646,-0.2
PPO,line,1462,29.240000000000002,6.805631494273828,-0.44395988697990596,0.9198600359908522,-0.2
PPO,line,1463,29.26,6.807993762889587,-0.44819618318375964,0.9239771314751053,-0.2
PPO,line,1464,29.28,6.8104223564721,-0.451077502629494,0.927499492856062,-0.2
PPO,line,1465,29.3,6.812902976329476,-0.4531600516564909,0.9306800101767709,-0.2
PPO,line,1466,29.32,6.815607868268109,-0.4553341598733033,0.9341013820396455,-0.2
PPO,line,1467,29.34,6.818617817951774,-0.4581517902118189,0.9381035096099032,-0.2
PPO,line,1468,29.36,6.821913862237056,-0.4618811151920916,0.9428025039787098,-0.2
PPO,line,1469,29.38,6.825378003982208,-0.4664545581726288,0.9480657700274154,-0.2
PPO,line,1470,29.400000000000002,6.828812724575056,-0.4716371425957448,0.9536100495975316,-0.2
PPO,line,1471,29.42,6.831993197683824,-0.47698812061883256,0.9590257286452956,-0.2
PPO,line,1472,29.44,6.834445914768859,-0.481850998440767,0.9635768622029084,-0.2
PPO,line,1473,29.46,6.83667013144298,-0.48682447940666734,0.9679953422400265,-0.2
PPO,line,1474,29.48,6.838882798114418,-0.4921383183251358,0.9725864863014333,-0.2
PPO,line,1475,29.5,6.840982268245943,-0.49756386654896717,0.9771494137537257,-0.2
PPO,line,1476,29.52,6.842861953743289,-0.5024861110987852,0.9812790453867517,-0.2
PPO,line,1477,29.54,6.844956081804214,-0.5068095865342839,0.9852952538102379,-0.2
PPO,line,1478,29.560000000000002,6.847216193165084,-0.5098255139845791,0.9887857870493375,-0.2
PPO,line,1479,29.580000000000002,6.849572073449275,-0.5120809129272771,0.9919675243521505,-0.2
PPO,line,1480,29.6,6.852131209891232,-0.5144541396046228,0.9953846797228839,-0.2
PPO,line,1481,29.62,6.854937199647012,-0.517492850220463,0.9993580266198766,-0.2
PPO,line,1482,29.64,6.857956233016186,-0.521464788354603,1.0039992147731165,-0.2
PPO,line,1483,29.66,6.861074573811144,-0.5262811270410442,1.0091685916355277,-0.2
PPO,line,1484,29.68,6.864115055258974,-0.5317058131810226,1.0145964224733461,-0.2
PPO,line,1485,29.7,6.8668837692560185,-0.5372709915638604,1.0198762610118621,-0.2
PPO,line,1486,29.72,6.8689530732231905,-0.5423034395622691,1.0242912007945275,-0.2
PPO,line,1487,29.740000000000002,6.870800042603612,-0.5474546384798125,1.0285909271384397,-0.2
PPO,line,1488,29.76,6.8726175118572455,-0.5529383774996084,1.0330547765301845,-0.2
PPO,line,1489,29.78,6.874308361353861,-0.5585018465944903,1.0374677939014438,-0.2
PPO,line,1490,29.8,6.875816128889717,-0.5634923457737255,1.0414305139417346,-0.2
PPO,line,1491,29.82,6.877569687232059,-0.5679173775044117,1.0453031634985435,-0.2
PPO,line,1492,29.84,6.879575470931438,-0.571049460639892,1.048689894850414,-0.2
PPO,line,1493,29.86,6.881730648644832,-0.5734382070397049,1.0517986090752107,-0.2
PPO,line,1494,29.88,6.884083184492175,-0.5759547278433856,1.0551430830114812,-0.2
PPO,line,1495,29.900000000000002,6.886643575581539,-0.5791582985007769,1.0590378486354166,-0.2
PPO,line,1496,29.92,6.889365076710764,-0.5833229071221412,1.0635957190804073,-0.2
PPO,line,1497,29.94,6.892137858478244,-0.5883477331431272,1.0686734831672413,-0.2
PPO,line,1498,29.96,6.894800945161208,-0.5939842111680805,1.0740046436484145,-0.2
PPO,line,1499,29.98,6.897183398400979,-0.599742309622121,1.0791797293857988,-0.2
PPO,line,1500,30.0,6.898911532732351,-0.6049149390189169,1.0834962054052077,-0.2
PPO,line,1501,30.02,6.900400614847438,-0.6101661023706195,1.0876690395978907,-0.2
PPO,line,1502,30.04,6.901829167175438,-0.6157393518250441,1.0919847966680991,-0.2
PPO,line,1503,30.060000000000002,6.903136345742838,-0.6213990060686636,1.0962627348153589,-0.2
PPO,line,1504,30.080000000000002,6.904304564965876,-0.6265014720653908,1.1001231025290865,-0.2
PPO,line,1505,30.1,6.905746156866721,-0.6310646163368537,1.103910617156668,-0.2
PPO,line,1506,30.12,6.90752057476969,-0.6343428479745262,1.1072418174936955,-0.2
PPO,line,1507,30.14,6.909495473133175,-0.6368745208747664,1.1103112946328166,-0.2
PPO,line,1508,30.16,6.911655666718346,-0.6395424170814443,1.1136114932533914,-0.2
PPO,line,1509,30.18,6.913973978381927,-0.6429049646596702,1.1174413750811891,-0.2
PPO,line,1510,30.2,6.916385243523633,-0.6472341721985724,1.1219064079545316,-0.2
PPO,line,1511,30.22,6.918791224461643,-0.6524269082137233,1.126870970745561,-0.2
PPO,line,1512,30.240000000000002,6.921050214491497,-0.6582294714897874,1.1320775303628974,-0.2
PPO,line,1513,30.26,6.923021564573883,-0.6641343663951915,1.1371206027926684,-0.2
PPO,line,1514,30.28,6.924377304258773,-0.669411748930629,1.1413086743887821,-0.2
PPO,line,1515,30.3,6.925467746564654,-0.6747448144119536,1.1453257678526578,-0.2
PPO,line,1516,30.32,6.926484955757846,-0.6804036279628429,1.1494883514810472,-0.2
PPO,line,1517,30.34,6.9273821591372995,-0.6861438346212967,1.1536165007813373,-0.2
PPO,line,1518,30.36,6.928181602593919,-0.6913156713537749,1.157341109981468,-0.2
PPO,line,1519,30.38,6.9292920513976375,-0.6959614831375232,1.1610108108031596,-0.2
PPO,line,1520,30.400000000000002,6.93083095476741,-0.6993549822345014,1.1642781701678635,-0.2
PPO,line,1521,30.42,6.932625196900111,-0.7020152840984242,1.167311105490204,-0.2
PPO,line,1522,30.44,6.934595118239298,-0.7048210352990254,1.170572819963251,-0.2
PPO,line,1523,30.46,6.936675295776748,-0.7083297400627175,1.1743473210152844,-0.2
PPO,line,1524,30.48,6.938782119949342,-0.7128103840585087,1.1787325872979924,-0.2
PPO,line,1525,30.5,6.940822248123855,-0.7181458106441143,1.1835877271712967,-0.2
PPO,line,1526,30.52,6.942673769022578,-0.7240829397358635,1.1886672950913402,-0.2
PPO,line,1527,30.54,6.944230741915023,-0.7300945022916325,1.1935701388078797,-0.2
PPO,line,1528,30.560000000000002,6.945218318307995,-0.7354422481320994,1.197628059792601,-0.2
PPO,line,1529,30.580000000000002,6.945940748788729,-0.74083375105746,1.2015151047426944,-0.2
PPO,line,1530,30.6,6.946568417681259,-0.7465414947576621,1.2055355543270416,-0.2
PPO,line,1531,30.62,6.947070899223415,-0.7523220173204982,1.209517137497866,-0.2
PPO,line,1532,30.64,6.947513518339982,-0.7575223899296651,1.2131042983526863,-0.2
PPO,line,1533,30.66,6.94830083251705,-0.7622149979537197,1.2166536779454202,-0.2
PPO,line,1534,30.68,6.949603351945084,-0.7657005270681129,1.2198540171584982,-0.2
PPO,line,1535,30.7,6.951208312654318,-0.7684747989743882,1.2228453584658203,-0.2
PPO,line,1536,30.72,6.952975512245568,-0.7714049775654638,1.226061974923159,-0.2
PPO,line,1537,30.740000000000002,6.9548024661416585,-0.7750446188835967,1.2297731134687457,-0.2
PPO,line,1538,30.76,6.9565879016409236,-0.7796588698948157,1.2340698387739029,-0.2
PPO,line,1539,30.78,6.958246488548996,-0.7851195265130821,1.2388095106708727,-0.2
PPO,line,1540,30.8,6.959674944848333,-0.7911714459778574,1.2437557061981037,-0.2
PPO,line,1541,30.82,6.960803337809444,-0.7972719414867209,1.2485133570081552,-0.2
PPO,line,1542,30.84,6.961410986647113,-0.8026761759865666,1.252437674593907,-0.2
PPO,line,1543,30.86,6.961752892621583,-0.8081047347274238,1.2561854515774578,-0.2
PPO,line,1544,30.88,6.961979189274165,-0.8138355781331023,1.26005250241084,-0.2
PPO,line,1545,30.900000000000002,6.962078262825494,-0.8196312795414843,1.2638789571015614,-0.2
PPO,line,1546,30.92,6.96215916560289,-0.8248402529082777,1.2673246240689247,-0.2
PPO,line,1547,30.94,6.962619409432307,-0.8295626890826977,1.2707518965297355,-0.2
PPO,line,1548,30.96,6.963672655015291,-0.8331239425677875,1.2738761673349235,-0.2
PPO,line,1549,30.98,6.965068188836369,-0.8360073331110971,1.2768182604111828,-0.2
PPO,line,1550,31.0,6.966613966827012,-0.839055370828858,1.2799829983956053,-0.2
PPO,line,1551,31.02,6.968169802341482,-0.8428109088402637,1.2836210477497223,-0.2
PPO,line,1552,31.04,6.969618879178058,-0.8475404145524571,1.287822008337435,-0.2
PPO,line,1553,31.060000000000002,6.970884878072044,-0.8531029688941135,1.2924403746420643,-0.2
PPO,line,1554,31.080000000000002,6.9718829457521965,-0.8592425087444857,1.297248684361439,-0.2
PPO,line,1555,31.1,6.972579188830055,-0.8654014665897296,1.301856358021492,-0.2
PPO,line,1556,31.12,6.972808033931311,-0.8708319229101752,1.305643025041966,-0.2
PPO,line,1557,31.14,6.972773352604351,-0.876264478827567,1.309246895124085,-0.2
PPO,line,1558,31.16,6.972604120271869,-0.8819827700148649,1.3129555900231016,-0.2
PPO,line,1559,31.18,6.972307081134051,-0.8877609345903864,1.3166246758314288,-0.2
PPO,line,1560,31.2,6.97203337492597,-0.892954497820942,1.3199305349709212,-0.2
PPO,line,1561,31.220000000000002,6.972170088808035,-0.8976877504870877,1.3232376880015133,-0.2
PPO,line,1562,31.240000000000002,6.9729781139351905,-0.9013133469280409,1.326292637221329,-0.2
PPO,line,1563,31.26,6.974172455320943,-0.9042854154227823,1.3291892586281264,-0.2
PPO,line,1564,31.28,6.975502467393075,-0.9074286627260845,1.3323032094184968,-0.2
PPO,line,1565,31.3,6.976791220287373,-0.9112762418024023,1.3358688097653921,-0.2
PPO,line,1566,31.32,6.977903759955125,-0.9160879415473892,1.3399674922858775,-0.2
PPO,line,1567,31.34,6.978773844303795,-0.9217149216576119,1.3444540286300337,-0.2
PPO,line,1568,31.36,6.979335363479695,-0.92790083151881,1.349109968570096,-0.2
PPO,line,1569,31.38,6.9795937367536505,-0.9340811464242694,1.353555125287573,-0.2
PPO,line,1570,31.400000000000002,6.979437964342181,-0.9395087348633118,1.3571939393024184,-0.2
PPO,line,1571,31.42,6.979021189414036,-0.9449166745097535,1.3606432343153898,-0.2
PPO,line,1572,31.44,6.978451497177564,-0.9505939876053268,1.3641833680266051,-0.2
PPO,line,1573,31.46,6.977749926099738,-0.9563263917484269,1.3676823774336677,-0.2
PPO,line,1574,31.48,6.977111448103565,-0.9614769980693512,1.370833614933445,-0.2
PPO,line,1575,31.5,6.976914630117658,-0.9661970916602995,1.374008374963829,-0.2
PPO,line,1576,31.52,6.977466611394169,-0.9698702074858505,1.3769855466776133,-0.2
PPO,line,1577,31.54,6.978450159193465,-0.9729170418005076,1.3798305273661573,-0.2
PPO,line,1578,31.560000000000002,6.979557111401927,-0.9761405026226174,1.382889155123585,-0.2
PPO,line,1579,31.580000000000002,6.980574141213124,-0.9800623773538145,1.3863794249484034,-0.2
PPO,line,1580,31.6,6.981348271964045,-0.9849346526084773,1.390374302407736,-0.2
PPO,line,1581,31.62,6.981823118096621,-0.9906019204939517,1.3947289342790865,-0.2
PPO,line,1582,31.64,6.981950917404572,-0.9968071088188523,1.3992326527005723,-0.2
PPO,line,1583,31.66,6.981781383895416,-1.0029918835507263,1.4035267736071981,-0.2
PPO,line,1584,31.68,6.981257622121901,-1.0084104071506168,1.4070387593175961,-0.2
PPO,line,1585,31.7,6.980468116134419,-1.0137710194041194,1.4103366288017352,-0.2
PPO,line,1586,31.720000000000002,6.9795001162013,-1.0193778837772525,1.4137014350889476,-0.2
PPO,line,1587,31.740000000000002,6.978396809185415,-1.025033993618513,1.4170232899630544,-0.2
PPO,line,1588,31.76,6.977397282070151,-1.0301081503042586,1.4200099465571991,-0.2
PPO,line,1589,31.78,6.976869530563553,-1.0347801020799878,1.423040385724919,-0.2
PPO,line,1590,31.8,6.977165142335312,-1.0384733498014154,1.4259307885177888,-0.2
PPO,line,1591,31.82,6.977935114460174,-1.0415731533017798,1.428716809508885,-0.2
PPO,line,1592,31.84,6.978815016116213,-1.0448563391151353,1.4317135206331137,-0.2
PPO,line,1593,31.86,6.979555733098863,-1.0488308503514951,1.435122150513987,-0.2
PPO,line,1594,31.88,6.979986039583931,-1.053737460374698,1.439004959399486,-0.2
PPO,line,1595,31.900000000000002,6.980058927846792,-1.0594138537338924,1.4432162746918775,-0.2
PPO,line,1596,31.92,6.979745506016244,-1.0656030941750165,1.4475535260826784,-0.2
PPO,line,1597,31.94,6.979134528538748,-1.0717471645277596,1.4516702138054942,-0.2
PPO,line,1598,31.96,6.9782222505563,-1.0771084806589908,1.4550193986991897,-0.2
PPO,line,1599,31.98,6.977033529319863,-1.0823816388225178,1.4581304912371003,-0.2
PPO,line,1600,32.0,6.975653247221683,-1.0879014065697328,1.46131062037837,-0.2
PPO,line,1601,32.02,6.974135532960981,-1.093467900260537,1.4644494137652422,-0.2
PPO,line,1602,32.04,6.972763300027059,-1.0984582326435666,1.4672692073174445,-0.2
PPO,line,1603,32.06,6.971894074461125,-1.1030790854503472,1.4701569850633711,-0.2
PPO,line,1604,32.08,6.971926607602897,-1.1067971216732937,1.4729701962737614,-0.2
PPO,line,1605,32.1,6.972489064251797,-1.1099465865937626,1.4757087806137363,-0.2
PPO,line,1606,32.12,6.973151141642149,-1.1132831694273837,1.4786556596482154,-0.2
PPO,line,1607,32.14,6.973626758036071,-1.1173048071014022,1.4819983454564756,-0.2
PPO,line,1608,32.160000000000004,6.973726418874242,-1.1222332960484929,1.485782860842566,-0.2
PPO,line,1609,32.18,6.973411570438475,-1.1278996111923192,1.4898616104830953,-0.2
PPO,line,1610,32.2,6.972673107375554,-1.1340473501461623,1.4940402826514245,-0.2
PPO,line,1611,32.22,6.971636306755735,-1.1401198094180007,1.4979820734685922,-0.2
PPO,line,1612,32.24,6.970345179387319,-1.145397234539434,1.5011677428091745,-0.2
PPO,line,1613,32.26,6.968783555937387,-1.150571420119655,1.5041130845288355,-0.2
PPO,line,1614,32.28,6.967014117510583,-1.1559765051751691,1.5071157832037225,-0.2
PPO,line,1615,32.3,6.965110784658962,-1.1614154736500022,1.5100744117753588,-0.2
PPO,line,1616,32.32,6.963395735664133,-1.1662684883239884,1.5127172671564764,-0.2
PPO,line,1617,32.34,6.962203562417899,-1.1707810564500527,1.5154418423918474,-0.2
PPO,line,1618,32.36,6.961959798546422,-1.1744644371318596,1.518134831991852,-0.2
PPO,line,1619,32.38,6.962277350617598,-1.1776146709034985,1.5207741491223408,-0.2
PPO,line,1620,32.4,6.962688068278664,-1.180956545104297,1.5236228792686142,-0.2
PPO,line,1621,32.42,6.9628706795314175,-1.1849716067848184,1.5268522045003203,-0.2
PPO,line,1622,32.44,6.962618406908357,-1.189876016897659,1.530502901959686,-0.2
PPO,line,1623,32.46,6.961902280002213,-1.1954940675037264,1.5344256455462608,-0.2
PPO,line,1624,32.480000000000004,6.9607355683670455,-1.2015639115805632,1.5384305853493467,-0.2
PPO,line,1625,32.5,6.9592726689367534,-1.2075348500229701,1.5421882075119882,-0.2
PPO,line,1626,32.52,6.957618134790367,-1.212708255984522,1.5452164269811537,-0.2
PPO,line,1627,32.54,6.955694686225653,-1.2177174238626984,1.5479625504703773,-0.2
PPO,line,1628,32.56,6.953546258080987,-1.2229467949879826,1.5507576631026625,-0.2
PPO,line,1629,32.58,6.951243124152345,-1.2282263835640823,1.5535132862418712,-0.2
PPO,line,1630,32.6,6.949147159601154,-1.2329676031260037,1.5559850387896474,-0.2
PPO,line,1631,32.62,6.947592758946691,-1.2374147704353635,1.5585657993488131,-0.2
PPO,line,1632,32.64,6.9470606522007685,-1.241104128098433,1.5611737045344816,-0.2
PPO,line,1633,32.660000000000004,6.947148015924897,-1.244292886016263,1.5637628177767722,-0.2
PPO,line,1634,32.68,6.947320755332175,-1.2476723513172785,1.5665576624320947,-0.2
PPO,line,1635,32.7,6.947222051046496,-1.251704405019734,1.5697112892294993,-0.2
PPO,line,1636,32.72,6.946629233039138,-1.256586078280555,1.5732499728182967,-0.2
PPO,line,1637,32.74,6.9455216758467655,-1.2621467656829175,1.5770306584273894,-0.2
PPO,line,1638,32.76,6.943937033658567,-1.2681223413888585,1.5808704552371438,-0.2
PPO,line,1639,32.78,6.942057894131719,-1.2739700986130795,1.5844471868939365,-0.2
PPO,line,1640,32.8,6.940033424049357,-1.2790167322254846,1.5873079851253553,-0.2
PPO,line,1641,32.82,6.9377545133376355,-1.2838770786419709,1.5898817189801722,-0.2
PPO,line,1642,32.84,6.935236823936888,-1.2889395313036327,1.5924927102516941,-0.2
PPO,line,1643,32.86,6.9325665485498185,-1.294045833211882,1.5950658249511696,-0.2
PPO,line,1644,32.88,6.930144734450685,-1.2986147015819236,1.5973632555530515,-0.2
PPO,line,1645,32.9,6.928279472074472,-1.3029230818674622,1.5997847778804077,-0.2
PPO,line,1646,32.92,6.927478187894165,-1.3065569587258479,1.6022817715415665,-0.2
PPO,line,1647,32.94,6.927337573484287,-1.3097229820773415,1.6047832454812363,-0.2
PPO,line,1648,32.96,6.9272761437822306,-1.3130819299962544,1.6074903426491658,-0.2
PPO,line,1649,32.980000000000004,6.926901930719858,-1.3170782094722477,1.610540964719253,-0.2
PPO,line,1650,33.0,6.925977006186767,-1.3218928731490946,1.613949870370507,-0.2
PPO,line,1651,33.02,6.924489901696246,-1.327349899867521,1.6175720494051116,-0.2
PPO,line,1652,33.04,6.922500624145499,-1.333184169361895,1.6212302214633187,-0.2
PPO,line,1653,33.06,6.920223293569628,-1.338866593154462,1.624615235769125,-0.2
PPO,line,1654,33.08,6.9178588475825755,-1.343756680923661,1.62731277928141,-0.2
PPO,line,1655,33.1,6.915249154670287,-1.3484131552432694,1.6296929319223863,-0.2
PPO,line,1656,33.12,6.91238438552644,-1.3532570988686712,1.6320998874428343,-0.2
PPO,line,1657,33.14,6.909353939014753,-1.3581457724605839,1.6344676581854423,-0.2
PPO,line,1658,33.160000000000004,6.906586065125757,-1.3625317850568883,1.6365791025094125,-0.2
PPO,line,1659,33.18,6.904383320021162,-1.3666978372426404,1.6388325624834923,-0.2
PPO,line,1660,33.2,6.903296858169996,-1.37026288183179,1.6412085727614716,-0.2
PPO,line,1661,33.22,6.90290935179423,-1.373407759643104,1.6436222716321922,-0.2
PPO,line,1662,33.24,6.902594992055659,-1.3767463112639295,1.6462406036976465,-0.2
PPO,line,1663,33.26,6.901931604782668,-1.3806965770129316,1.6491827241033858,-0.2
PPO,line,1664,33.28,6.900666295750031,-1.3854276967375783,1.6524556512014696,-0.2
PPO,line,1665,33.3,6.898792740790548,-1.3907737271636422,1.6559226887347231,-0.2
PPO,line,1666,33.32,6.896396191499909,-1.396464452539893,1.6594092621602075,-0.2
PPO,line,1667,33.34,6.893729482904094,-1.401995376061431,1.662631475435748,-0.2
PPO,line,1668,33.36,6.891028649701177,-1.406761597326647,1.6652057669553397,-0.2
PPO,line,1669,33.38,6.888097288065506,-1.4112264352173225,1.667416218142758,-0.2
PPO,line,1670,33.4,6.884893336841567,-1.4158583538556835,1.6696380133937803,-0.2
PPO,line,1671,33.42,6.881518748162702,-1.4205525687481502,1.671838779290427,-0.2
PPO,line,1672,33.44,6.878416689066689,-1.4247879077955217,1.6738089681415926,-0.2
PPO,line,1673,33.46,6.875905073739476,-1.428841602795522,1.6759469037179648,-0.2
PPO,line,1674,33.480000000000004,6.874554748611944,-1.4323713761177521,1.6782531893135681,-0.2
PPO,line,1675,33.5,6.873947748915531,-1.435509250362636,1.6806163975491912,-0.2
PPO,line,1676,33.52,6.873406641420383,-1.438847815277075,1.6831881049974315,-0.2
PPO,line,1677,33.54,6.872475492703215,-1.4427746892488116,1.6860641415155955,-0.2
PPO,line,1678,33.56,6.870890982258273,-1.4474325674995066,1.689234187564588,-0.2
PPO,line,1679,33.58,6.868662544825276,-1.4526398324838488,1.6925534259517567,-0.2
PPO,line,1680,33.6,6.865891345994789,-1.4581398816229705,1.695859586595576,-0.2
PPO,line,1681,33.62,6.862874068578168,-1.4634376820648547,1.6988824289844178,-0.2
PPO,line,1682,33.64,6.859874403366055,-1.46796981286419,1.7012699259801938,-0.2
PPO,line,1683,33.660000000000004,6.856661503352018,-1.4722388968726878,1.7033368136661193,-0.2
PPO,line,1684,33.68,6.8531715338552734,-1.4766545067811359,1.7054061682127222,-0.2
PPO,line,1685,33.7,6.8494941568539645,-1.481110642892649,1.7074334713302608,-0.2
PPO,line,1686,33.72,6.846130741442926,-1.4850983796099502,1.7092262661025472,-0.2
PPO,line,1687,33.74,6.843345597760391,-1.4889461071136552,1.711196162674151,-0.2
PPO,line,1688,33.76,6.841741697203625,-1.492355543916111,1.71337507693686,-0.2
PPO,line,1689,33.78,6.840891648495377,-1.4954305855296057,1.715637316173407,-0.2
PPO,line,1690,33.8,6.840093100582389,-1.4987031003230944,1.7180999390501668,-0.2
PPO,line,1691,33.82,6.838864376511949,-1.5025378262051434,1.720846698970614,-0.2
PPO,line,1692,33.84,6.836930564042828,-1.5070655589379869,1.723861760109004,-0.2
PPO,line,1693,33.86,6.834306001370794,-1.5121180170877953,1.7270111179505616,-0.2
PPO,line,1694,33.88,6.831125821661657,-1.517427795108087,1.7301321466290818,-0.2
PPO,line,1695,33.9,6.827710947613357,-1.5225443691767802,1.7329878155690885,-0.2
PPO,line,1696,33.92,6.824360744501856,-1.5269592332411113,1.7352737931104523,-0.2
PPO,line,1697,33.94,6.820831767991861,-1.5310350240966195,1.737191134088354,-0.2
PPO,line,1698,33.96,6.817007848141728,-1.5352222833323483,1.7390828856513325,-0.2
PPO,line,1699,33.980000000000004,6.81299428121994,-1.5394625875987094,1.7409493846497783,-0.2
PPO,line,1700,34.0,6.8092998444435855,-1.5432773276987035,1.7426047022791094,-0.2
PPO,line,1701,34.02,6.806207607019457,-1.5469847920311983,1.7444576957873896,-0.2
PPO,line,1702,34.04,6.804336448085557,-1.5503300367694846,1.746562436510233,-0.2
PPO,line,1703,34.06,6.803262546328999,-1.5533731995594913,1.7487707155155128,-0.2
PPO,line,1704,34.08,6.8022338938764015,-1.5566194405999263,1.7511834008286287,-0.2
PPO,line,1705,34.1,6.800738822706419,-1.5603981474662132,1.753860040255565,-0.2
PPO,line,1706,34.12,6.79849551137741,-1.564811044594122,1.7567665431051498,-0.2
PPO,line,1707,34.14,6.795536879119511,-1.5696756573178257,1.7597615165741518,-0.2
PPO,line,1708,34.160000000000004,6.792016518293558,-1.5747388658279604,1.7626947157119919,-0.2
PPO,line,1709,34.18,6.788289789548403,-1.5795531988508051,1.7653297426560504,-0.2
PPO,line,1710,34.2,6.784674734595146,-1.5836456745994452,1.7673845257298977,-0.2
PPO,line,1711,34.22,6.780890320212555,-1.5874527274597192,1.769122905318047,-0.2
PPO,line,1712,34.24,6.776816051522695,-1.591354861381493,1.7708341177947244,-0.2
PPO,line,1713,34.26,6.772534492259191,-1.5952907109563381,1.7725016203642086,-0.2
PPO,line,1714,34.28,6.768600728239557,-1.598812907135162,1.7739644279050144,-0.2
PPO,line,1715,34.300000000000004,6.765289570976958,-1.602286418486426,1.7756660424505941,-0.2
PPO,line,1716,34.32,6.763192065101724,-1.605528304626232,1.7776904300778067,-0.2
PPO,line,1717,34.34,6.761889298278779,-1.6085365530692168,1.7798497536004345,-0.2
PPO,line,1718,34.36,6.760610532976647,-1.6117454325749794,1.7822041752563946,-0.2
PPO,line,1719,34.38,6.7588215406754895,-1.6154539253349964,1.7847973317644141,-0.2
PPO,line,1720,34.4,6.756237717054403,-1.6197422233214973,1.7875850622295215,-0.2
PPO,line,1721,34.42,6.752912231005687,-1.6244225488194437,1.7904260511707872,-0.2
PPO,line,1722,34.44,6.7490263205122245,-1.6292464019492063,1.7931771432528678,-0.2
PPO,line,1723,34.46,6.744963514093873,-1.6337804426666922,1.7956083014319308,-0.2
PPO,line,1724,34.480000000000004,6.741053001865275,-1.6375879114244938,1.7974575709087464,-0.2
PPO,line,1725,34.5,6.736973976486897,-1.6411088354244223,1.7989910649380707,-0.2
PPO,line,1726,34.52,6.732585607173114,-1.6447073562660168,1.800484368050095,-0.2
PPO,line,1727,34.54,6.727981654228316,-1.6483220248726582,1.8019219701677693,-0.2
PPO,line,1728,34.56,6.723792985273818,-1.6515200352234465,1.8031624198269103,-0.2
PPO,line,1729,34.58,6.720201553118084,-1.6547162171521024,1.8046539935455395,-0.2
PPO,line,1730,34.6,6.71784773579599,-1.6577526114044785,1.8065018938284558,-0.2
PPO,line,1731,34.62,6.716311007184249,-1.6606071388448835,1.8085125182303559,-0.2
PPO,line,1732,34.64,6.714799304706625,-1.663670065658596,1.8107280672087542,-0.2
PPO,line,1733,34.660000000000004,6.712744647131944,-1.667217199797091,1.8131790102784924,-0.2
PPO,line,1734,34.68,6.70985172344733,-1.6713143574181222,1.8158141839387354,-0.2
PPO,line,1735,34.7,6.706180671694726,-1.675776523381913,1.8184933591831416,-0.2
PPO,line,1736,34.72,6.701956000953227,-1.6803433053515915,1.8210699742497976,-0.2
PPO,line,1737,34.74,6.697570435418459,-1.6846351731209508,1.823348616937023,-0.2
PPO,line,1738,34.76,6.693370015664571,-1.688284352040054,1.8251208266758647,-0.2
PPO,line,1739,34.78,6.689058226755219,-1.691583399100277,1.8265419885594456,-0.2
PPO,line,1740,34.800000000000004,6.684436708313054,-1.6949184777421955,1.8278955806824224,-0.2
PPO,line,1741,34.82,6.679587745722672,-1.6982727697119084,1.8291992522635088,-0.2
PPO,line,1742,34.84,6.675128539354657,-1.701252244830097,1.8303162964882864,-0.2
PPO,line,1743,34.86,6.671272625153196,-1.7042527344679979,1.8316889256152944,-0.2
PPO,line,1744,34.88,6.668676619818566,-1.707170808295645,1.8334559145473852,-0.2
PPO,line,1745,34.9,6.66693480773641,-1.709949761015419,1.8354100966724276,-0.2
PPO,line,1746,34.92,6.665207167204261,-1.712935340447037,1.8375657963328345,-0.2
PPO,line,1747,34.94,6.6629054679080655,-1.7163645568761938,1.8399323225279849,-0.2
PPO,line,1748,34.96,6.65973554389586,-1.720270922792131,1.8424394252413445,-0.2
PPO,line,1749,34.980000000000004,6.655769979421658,-1.7244724827209057,1.8449497580075958,-0.2
PPO,line,1750,35.0,6.651252278512905,-1.7287264367280708,1.8473290511738245,-0.2
PPO,line,1751,35.02,6.6466042482218155,-1.7326746610015316,1.8493940993458564,-0.2
PPO,line,1752,35.04,6.6421803526338845,-1.7359817439536553,1.8509533275178374,-0.2
PPO,line,1753,35.06,6.637653428982569,-1.7389803888242248,1.8522026585145805,-0.2
PPO,line,1754,35.08,6.632831029097649,-1.7419974242743692,1.8533834297217957,-0.2
PPO,line,1755,35.1,6.627766090498288,-1.745020708124864,1.8545046605937952,-0.2
PPO,line,1756,35.12,6.62311385225759,-1.7476978813549722,1.8554564822080717,-0.2
PPO,line,1757,35.14,6.619080298090543,-1.7504521292663884,1.8567022034610472,-0.2
PPO,line,1758,35.160000000000004,6.6162888330640754,-1.7532154564489746,1.8583800371536134,-0.2
PPO,line,1759,35.18,6.614326313276963,-1.7558963358103648,1.8602604014752155,-0.2
PPO,line,1760,35.2,6.6123598570362585,-1.7587810317115449,1.862335982581498,-0.2
PPO,line,1761,35.22,6.609790368148617,-1.7620650275237775,1.8645957884509974,-0.2
PPO,line,1762,35.24,6.606319114226989,-1.7657672881214952,1.8669646445706838,-0.2
PPO,line,1763,35.26,6.6020361715823315,-1.7697067990421858,1.8693072798418269,-0.2
PPO,line,1764,35.28,6.597214101516107,-1.7736523362800778,1.8714986756718448,-0.2
PPO,line,1765,35.300000000000004,6.592292522876593,-1.7772703424394094,1.8733660354480155,-0.2
PPO,line,1766,35.32,6.587632979391694,-1.7802678769694107,1.8747443111629736,-0.2
PPO,line,1767,35.34,6.582880598502247,-1.782959794637979,1.8758186003464838,-0.2
PPO,line,1768,35.36,6.577826345466722,-1.7856467981648356,1.8768105320760955,-0.2
PPO,line,1769,35.38,6.572512822670756,-1.7883174380209717,1.877724737881548,-0.2
PPO,line,1770,35.4,6.567634778891868,-1.7906624329485077,1.8784784244118133,-0.2
PPO,line,1771,35.42,6.563373389079888,-1.7931305183650867,1.8795495820583195,-0.2
PPO,line,1772,35.44,6.560357393668277,-1.795696374014836,1.8810969874753227,-0.2
PPO,line,1773,35.46,6.558182146030082,-1.798236923027544,1.8828763473702452,-0.2
PPO,line,1774,35.480000000000004,6.555995555944667,-1.800985152574557,1.8848550549111782,-0.2
PPO,line,1775,35.5,6.553179424304981,-1.804100783884581,1.887004799646082,-0.2
PPO,line,1776,35.52,6.549434866526345,-1.8075804569144145,1.8892394715265044,-0.2
PPO,line,1777,35.54,6.544863198276636,-1.8112457850813024,1.8914246479336756,-0.2
PPO,line,1778,35.56,6.539767475226251,-1.814875834227952,1.8934421620363073,-0.2
PPO,line,1779,35.58,6.534600413602253,-1.8181702656503909,1.8951360682333374,-0.2
PPO,line,1780,35.6,6.5297260216144215,-1.8208781402290553,1.8963667523818977,-0.2
PPO,line,1781,35.62,6.5247854826540355,-1.8232746674865015,1.8972955267702607,-0.2
PPO,line,1782,35.64,6.519548748571685,-1.8256417102879983,1.8981302791130252,-0.2
PPO,line,1783,35.660000000000004,6.514047519654802,-1.8279790014605615,1.8988817978599948,-0.2
PPO,line,1784,35.68,6.508995215755511,-1.830017837175819,1.8994845127148736,-0.2
PPO,line,1785,35.7,6.504533926449985,-1.8322033650627787,1.9004009192500428,-0.2
PPO,line,1786,35.72,6.501328379754029,-1.8345528390585797,1.9018186726511797,-0.2
PPO,line,1787,35.74,6.498986360858813,-1.8369253852706324,1.9034921222255645,-0.2
PPO,line,1788,35.76,6.496629000051858,-1.839506029878971,1.9053668407038056,-0.2
PPO,line,1789,35.78,6.493616426895634,-1.8424195744480458,1.9073979829103656,-0.2
PPO,line,1790,35.800000000000004,6.489650200405627,-1.8456405036259556,1.9094884622280235,-0.2
PPO,line,1791,35.82,6.484835421698221,-1.8489978423486797,1.9115068420341488,-0.2
PPO,line,1792,35.84,6.479504292432712,-1.8522836942621688,1.913342428968454,-0.2
PPO,line,1793,35.86,6.474100773565395,-1.855250383068934,1.914869584951605,-0.2
PPO,line,1794,35.88,6.468994616814819,-1.8577013448278457,1.9159880576810664,-0.2
PPO,line,1795,35.9,6.46388759713075,-1.8597861123687063,1.9167670924061815,-0.2
PPO,line,1796,35.92,6.458502707830023,-1.8618065272145896,1.9174327309885775,-0.2
PPO,line,1797,35.94,6.452866829583085,-1.8637886581058387,1.9180189069507625,-0.2
PPO,line,1798,35.96,6.447678284995499,-1.8654969022415757,1.918461503165864,-0.2
PPO,line,1799,35.980000000000004,6.443050021918579,-1.8673781418333035,1.9192171441811516,-0.2
PPO,line,1800,36.0,6.439670363073877,-1.8695062426749294,1.9205112911842115,-0.2
PPO,line,1801,36.02,6.437186592860386,-1.8717151693487855,1.9220951568918814,-0.2
PPO,line,1802,36.04,6.43468773568315,-1.8741287507840796,1.923879414638256,-0.2
PPO,line,1803,36.06,6.431516157201742,-1.8768348312244953,1.9258024762741475,-0.2
PPO,line,1804,36.08,6.427377577121191,-1.8797822355297373,1.9277533157640157,-0.2
PPO,line,1805,36.1,6.422378223547496,-1.8828078756664188,1.9296032909379666,-0.2
PPO,line,1806,36.12,6.416867964507935,-1.885724775819324,1.931252658243304,-0.2
PPO,line,1807,36.14,6.411290673818483,-1.8883245225444203,1.932596574769984,-0.2
PPO,line,1808,36.160000000000004,6.406021117274675,-1.890451181507063,1.9335611749656192,-0.2
PPO,line,1809,36.18,6.400788178896874,-1.8922060427801397,1.9341858423318967,-0.2
PPO,line,1810,36.2,6.395293247801009,-1.893873402514046,1.9346868523115568,-0.2
PPO,line,1811,36.22,6.3895328687003055,-1.895489811904115,1.9351014140944105,-0.2
PPO,line,1812,36.24,6.3841999198958925,-1.8968706762011094,1.9353883178007623,-0.2
PPO,line,1813,36.26,6.379373789509399,-1.8984681222024609,1.9360025008211275,-0.2
PPO,line,1814,36.28,6.375788147781701,-1.9003878671665684,1.9371863043308715,-0.2
PPO,line,1815,36.300000000000004,6.373110851891146,-1.9024392800055063,1.938681748484471,-0.2
PPO,line,1816,36.32,6.37041724954172,-1.9046889337008777,1.9403733849237985,-0.2
PPO,line,1817,36.34,6.367036417653635,-1.9071856975333168,1.9421825395054033,-0.2
PPO,line,1818,36.36,6.362677819868952,-1.909859510484028,1.9439903679831303,-0.2
PPO,line,1819,36.38,6.357455870728714,-1.9125557035657006,1.9456731531169655,-0.2
PPO,line,1820,36.4,6.351741656750086,-1.9151091687114021,1.9471428610083474,-0.2
PPO,line,1821,36.42,6.3459797697440194,-1.9173442839025256,1.948309807008581,-0.2
PPO,line,1822,36.44,6.340548670474853,-1.9191359893439672,1.9491168109062724,-0.2
PPO,line,1823,36.46,6.335187285336427,-1.9205532926831965,1.949583408394591,-0.2
PPO,line,1824,36.480000000000004,6.329584253103617,-1.921869339374391,1.9499250081788344,-0.2
PPO,line,1825,36.5,6.323725841940106,-1.9231215319099255,1.950178157819282,-0.2
PPO,line,1826,36.52,6.318281110930351,-1.9241602808738913,1.9503065533571255,-0.2
PPO,line,1827,36.54,6.313357581956158,-1.9254529000284377,1.9507849303286438,-0.2
PPO,line,1828,36.56,6.309635501750652,-1.9271487583848128,1.9518648725996643,-0.2
PPO,line,1829,36.58,6.306805130346623,-1.929035204594897,1.9532808831741237,-0.2
PPO,line,1830,36.6,6.3039514313743075,-1.9311160355946029,1.9548901799244647,-0.2
PPO,line,1831,36.62,6.30040015763902,-1.9333972470046823,1.9565953003712424,-0.2
PPO,line,1832,36.64,6.295862199073141,-1.935790503561428,1.9582694693322984,-0.2
PPO,line,1833,36.660000000000004,6.2904597908072235,-1.9381467216857218,1.9597907043500555,-0.2
PPO,line,1834,36.68,6.28458138030144,-1.940324732573441,1.9610830247214084,-0.2
PPO,line,1835,36.7,6.27867587296037,-1.9421770002323562,1.9620682308222053,-0.2
PPO,line,1836,36.72,6.273124042094797,-1.9436078580210239,1.9627043200979797,-0.2
PPO,line,1837,36.74,6.267666734066311,-1.9446679018041972,1.9630024780507191,-0.2
PPO,line,1838,36.76,6.261992225734392,-1.9456062906384477,1.963166769410373,-0.2
PPO,line,1839,36.78,6.256060522282205,-1.9464561499561537,1.9632265622626361,-0.2
PPO,line,1840,36.800000000000004,6.250544268984049,-1.9471195935556453,1.9631727235088239,-0.2
PPO,line,1841,36.82,6.245525632196248,-1.9480774096961173,1.9634888413825278,-0.2
PPO,line,1842,36.84,6.241682250370072,-1.9495208161509592,1.964444380161944,-0.2
PPO,line,1843,36.86,6.238721580269781,-1.9512147915754277,1.9657637588859047,-0.2
PPO,line,1844,36.88,6.235728574646591,-1.9531045995462495,1.9672787137753585,-0.2
PPO,line,1845,36.9,6.232022742093407,-1.9551535900112544,1.9688728027433464,-0.2
PPO,line,1846,36.92,6.227322840236917,-1.9572534010889409,1.9704102491023552,-0.2
PPO,line,1847,36.94,6.221757376352626,-1.9592605761784745,1.9717703566424787,-0.2
PPO,line,1848,36.96,6.215732879732536,-1.961057836114453,1.9728883678463902,-0.2
PPO,line,1849,36.980000000000004,6.209693920989415,-1.962525187389716,1.9736961903086694,-0.2
PPO,line,1850,37.0,6.204027595201977,-1.9635964350749855,1.9741677282954186,-0.2
PPO,line,1851,37.02,6.198490460200382,-1.964296584307491,1.9742997578667318,-0.2
PPO,line,1852,37.04,6.192747063718475,-1.9648628043671905,1.9742941195672428,-0.2
PPO,line,1853,37.06,6.186745353241453,-1.9653307610312303,1.9741830784435546,-0.2
PPO,line,1854,37.08,6.181146430494219,-1.9656449850050763,1.973974223832825,-0.2
PPO,line,1855,37.1,6.176017166838257,-1.9662842379096785,1.9741468403525133,-0.2
PPO,line,1856,37.12,6.17203863308911,-1.9674800957051113,1.974987396990412,-0.2
PPO,line,1857,37.14,6.168940017292682,-1.968982280993551,1.976216575254195,-0.2
PPO,line,1858,37.160000000000004,6.165808834506813,-1.9706772495442233,1.977640359486955,-0.2
PPO,line,1859,37.18,6.161959860165971,-1.972485369073817,1.9791234240226792,-0.2
PPO,line,1860,37.2,6.15711831880861,-1.9742791232842067,1.9805211997706818,-0.2
PPO,line,1861,37.22,6.151417446114676,-1.9759228776259532,1.9817160395257234,-0.2
PPO,line,1862,37.24,6.145276544414188,-1.9773254779930722,1.982655118843784,-0.2
PPO,line,1863,37.26,6.139121331645077,-1.9784014077297698,1.9832868867175606,-0.2
PPO,line,1864,37.28,6.133338106438962,-1.9791269425911404,1.9836134970096577,-0.2
PPO,line,1865,37.300000000000004,6.127724702489906,-1.979484293047915,1.9836006821055339,-0.2
PPO,line,1866,37.32,6.121919515770615,-1.9796863073694735,1.9834369775498093,-0.2
PPO,line,1867,37.34,6.115862290033273,-1.9797676336614796,1.983155050303765,-0.2
PPO,line,1868,37.36,6.11019418674009,-1.9797141909207052,1.9827786151066216,-0.2
PPO,line,1869,37.38,6.104953515782347,-1.9799910705525101,1.9827707582932401,-0.2
PPO,line,1870,37.4,6.100856869395262,-1.9808949170602648,1.9834608089244936,-0.2
PPO,line,1871,37.42,6.097655251734564,-1.9821693988086575,1.9845735244038745,-0.2
PPO,line,1872,37.44,6.094424427469032,-1.9836427941241292,1.9858888959817054,-0.2
PPO,line,1873,37.46,6.090472336881322,-1.9851906185028743,1.9872511254324632,-0.2
PPO,line,1874,37.480000000000004,6.08553281640297,-1.9866653295644798,1.9885057189697413,-0.2
PPO,line,1875,37.5,6.0797358366807135,-1.9879385357149542,1.9895369877013318,-0.2
PPO,line,1876,37.52,6.073509779499909,-1.9889451756408933,1.9903031425859001,-0.2
PPO,line,1877,37.54,6.067261782011192,-1.9896295532297332,1.9907661606538496,-0.2
PPO,line,1878,37.56,6.061439910750188,-1.9899817028661722,1.9909299436130699,-0.2
PPO,line,1879,37.58,6.055822867672067,-1.9899741221189657,1.9907569412809494,-0.2
PPO,line,1880,37.6,6.050019995681914,-1.989834499161801,1.9904630953681395,-0.2
PPO,line,1881,37.62,6.043969695743548,-1.9895911139078974,1.990076916776095,-0.2
PPO,line,1882,37.64,6.038232154263137,-1.989231843755584,1.9895992123618367,-0.2
PPO,line,1883,37.660000000000004,6.032893437069949,-1.9891920602363793,1.9894640058844306,-0.2
PPO,line,1884,37.68,6.028686408474522,-1.9898269660260655,1.990033734577297,-0.2
PPO,line,1885,37.7,6.025377625669133,-1.9908873936863811,1.991049130037718,-0.2
PPO,line,1886,37.72,6.022045896221192,-1.9921421660798966,1.9922641469980074,-0.2
PPO,line,1887,37.74,6.0180031166933725,-1.993423041721185,1.993504335454432,-0.2
PPO,line,1888,37.76,6.012988480415006,-1.994566639548397,1.9946089291444768,-0.2
PPO,line,1889,37.78,6.007125027503794,-1.9954582439197723,1.9954709642699167,-0.2
PPO,line,1890,37.800000000000004,6.000845456637764,-1.9960617676770191,1.9960619467288165,-0.2
PPO,line,1891,37.82,5.994533142628749,-1.9963545334866148,1.9963597181846697,-0.2
PPO,line,1892,37.84,5.988637994669933,-1.9963563005524647,1.9963567538435552,-0.2
PPO,line,1893,37.86,5.982996287733992,-1.9960039311388293,1.9960062304668944,-0.2
PPO,line,1894,37.88,5.97718614483781,-1.9955054484156478,1.9955073855159535,-0.2
PPO,line,1895,37.9,5.971131650640208,-1.9948874009848747,1.9948877510034748,-0.2
PPO,line,1896,37.92,5.9653340680480245,-1.9941595243088825,1.9941648664162688,-0.2
PPO,line,1897,37.94,5.959902457596051,-1.9937309394793041,1.993730939716661,-0.2
PPO,line,1898,37.96,5.955632444275755,-1.9940551235882655,1.9940597615412539,-0.2
PPO,line,1899,37.980000000000004,5.952271926282078,-1.9948820877866225,1.9948834783202551,-0.2
PPO,line,1900,38.0,5.9488830439583955,-1.9959105724826909,1.9959108400518568,-0.2
PPO,line,1901,38.02,5.944786237871761,-1.9969275172636796,1.9969334956770384,-0.2
PPO,line,1902,38.04,5.939728142511582,-1.997753067869023,1.997753075246722,-0.2
PPO,line,1903,38.06,5.933823400069903,-1.9982804820550741,1.9982843668064343,-0.2
PPO,line,1904,38.08,5.927509104343234,-1.9985011495501925,1.998502559616055,-0.2
PPO,line,1905,38.1,5.921152291749609,-1.9984149487266656,1.9984153624055354,-0.2
PPO,line,1906,38.12,5.915211039994595,-1.998071501485119,1.9980769249040775,-0.2
PPO,line,1907,38.14,5.909563169099624,-1.9973839129719224,1.9973839335309078,-0.2
PPO,line,1908,38.160000000000004,5.90375332275895,-1.9965293246577707,1.9965331734576803,-0.2
PPO,line,1909,38.18,5.897696990777695,-1.9955313164084467,1.9955324596552124,-0.2
PPO,line,1910,38.2,5.891842467138375,-1.994424070674439,1.9944250998203217,-0.2
PPO,line,1911,38.22,5.8863461069663465,-1.9936099585107168,1.9936129788234704,-0.2
PPO,line,1912,38.24,5.881991015991334,-1.9936123322420845,1.9936135365917902,-0.2
PPO,line,1913,38.26,5.878544983865857,-1.9941916256628052,1.9941920203659416,-0.2
PPO,line,1914,38.28,5.875084705336557,-1.9949846243181604,1.994990195996203,-0.2
PPO,line,1915,38.300000000000004,5.870938266899988,-1.9957295055054145,1.9957298398961898,-0.2
PPO,line,1916,38.32,5.865860320712762,-1.9962267692003046,1.9962306232652631,-0.2
PPO,line,1917,38.34,5.859957547687788,-1.9963772966480215,1.9963773058107253,-0.2
PPO,line,1918,38.36,5.853662458677733,-1.9962000626862941,1.9962038976185947,-0.2
PPO,line,1919,38.38,5.847319234834039,-1.9957229241174703,1.995724403929168,-0.2
PPO,line,1920,38.4,5.841412438580792,-1.9950152756087887,1.9950159825931397,-0.2
PPO,line,1921,38.42,5.8358088394539225,-1.994011347271044,1.9940152083682383,-0.2
PPO,line,1922,38.44,5.8300655097594625,-1.9928551711696028,1.9928552017844063,-0.2
PPO,line,1923,38.46,5.824107156396168,-1.991541556396685,1.9915464338792594,-0.2
PPO,line,1924,38.480000000000004,5.8183167537163705,-1.9901223929782736,1.9901228733469063,-0.2
PPO,line,1925,38.5,5.812862904436798,-1.9889721707338421,1.9889747130087376,-0.2
PPO,line,1926,38.52,5.80853816420723,-1.9886748937335232,1.9886752231492801,-0.2
PPO,line,1927,38.54,5.805102393818381,-1.9889976236621532,1.9890028977096295,-0.2
PPO,line,1928,38.56,5.80166272297082,-1.9895328170246251,1.989533818883349,-0.2
PPO,line,1929,38.58,5.797570531684378,-1.9899813920277525,1.9899824954169718,-0.2
PPO,line,1930,38.6,5.792576288924292,-1.9901298763966744,1.990132028663816,-0.2
PPO,line,1931,38.62,5.786750096266145,-1.9898844285754438,1.9898865407706436,-0.2
PPO,line,1932,38.64,5.780496487046712,-1.989285699257723,1.9892858867851857,-0.2
PPO,line,1933,38.660000000000004,5.774144795936551,-1.988393213045599,1.98839837040682,-0.2
PPO,line,1934,38.68,5.768224873035913,-1.9873156928531974,1.987316179768366,-0.2
PPO,line,1935,38.7,5.762649460358617,-1.986024438871248,1.9860267810569714,-0.2
PPO,line,1936,38.72,5.756889913371011,-1.9845867967576734,1.9845886462477265,-0.2
PPO,line,1937,38.74,5.750985098259434,-1.9830035354879751,1.9830040314263981,-0.2
PPO,line,1938,38.76,5.745160717419896,-1.9813040179297385,1.981308952395802,-0.2
PPO,line,1939,38.78,5.739781487986937,-1.9798029069458662,1.9798029186792407,-0.2
PPO,line,1940,38.800000000000004,5.735467618390166,-1.9791053675996864,1.979109610993907,-0.2
PPO,line,1941,38.82,5.732446827841047,-1.9793126014705147,1.9793147223987844,-0.2
PPO,line,1942,38.84,5.729591086105808,-1.9798456731764498,1.9798456736184955,-0.2
PPO,line,1943,38.86,5.726246541009574,-1.9803413961157679,1.9803441501537438,-0.2
PPO,line,1944,38.88,5.722055014420769,-1.9805336551934885,1.9805352615289022,-0.2
PPO,line,1945,38.9,5.716935737614354,-1.9802678334119703,1.9802695360740203,-0.2
PPO,line,1946,38.92,5.7110769810890325,-1.979505963917375,1.9795065795001139,-0.2
PPO,line,1947,38.94,5.704884336075973,-1.9783262474152654,1.9783316689129404,-0.2
PPO,line,1948,38.96,5.698794075015132,-1.9768133221282054,1.9768134478740849,-0.2
PPO,line,1949,38.980000000000004,5.693243486859534,-1.9750883593733237,1.9750919402837739,-0.2
PPO,line,1950,39.0,5.687920990508586,-1.9730695699890965,1.9730701878639825,-0.2
PPO,line,1951,39.02,5.682473709622832,-1.970813645483639,1.9708159408954002,-0.2
PPO,line,1952,39.04,5.676921583038451,-1.9683269546260787,1.9683285988947308,-0.2
PPO,line,1953,39.06,5.671856224210546,-1.9659192763097721,1.9659207500051747,-0.2
PPO,line,1954,39.08,5.667063042797332,-1.964053647347463,1.9640550966917931,-0.2
PPO,line,1955,39.1,5.663028698388084,-1.963298111305922,1.9633014051109816,-0.2
PPO,line,1956,39.12,5.6596460824247865,-1.9632916047408955,1.9632916163707523,-0.2
PPO,line,1957,39.14,5.656155773443075,-1.9634978934144933,1.9635006273596145,-0.2
PPO,line,1958,39.160000000000004,5.651942877115473,-1.9635214460849357,1.9635230724124262,-0.2
PPO,line,1959,39.18,5.646812713702931,-1.9631191685098113,1.9631208942067078,-0.2
PPO,line,1960,39.2,5.640904093908392,-1.9621899469591109,1.9621905241999558,-0.2
PPO,line,1961,39.22,5.634644014137284,-1.9608270604246745,1.9608328258085512,-0.2
PPO,line,1962,39.24,5.628403673681217,-1.9591036957683274,1.9591039401956463,-0.2
PPO,line,1963,39.26,5.622648218756377,-1.9572052551053891,1.9572080078869167,-0.2
PPO,line,1964,39.28,5.617264465283836,-1.9550819523159808,1.955083081374817,-0.2
PPO,line,1965,39.300000000000004,5.611767134073489,-1.9527714367989488,1.9527729341021718,-0.2
PPO,line,1966,39.32,5.606104652161571,-1.950248140065917,1.9502508385002717,-0.2
PPO,line,1967,39.34,5.600564339644495,-1.9476011102269968,1.9476014999674198,-0.2
PPO,line,1968,39.36,5.595324670022027,-1.94520581969801,1.9452099479096792,-0.2
PPO,line,1969,39.38,5.591103152511991,-1.9438682584340599,1.9438690804054817,-0.2
PPO,line,1970,39.4,5.587705672389676,-1.9433840928964947,1.943384759678685,-0.2
PPO,line,1971,39.42,5.584317840566062,-1.9431626064959433,1.943169033342846,-0.2
PPO,line,1972,39.44,5.58033211258012,-1.9427729182569295,1.9427731930368437,-0.2
PPO,line,1973,39.46,5.575519385256046,-1.9419433094663636,1.9419469872770008,-0.2
PPO,line,1974,39.480000000000004,5.569923242695603,-1.9405800772760857,1.9405801831765435,-0.2
PPO,line,1975,39.5,5.563861785824822,-1.9387808998581615,1.9387863482157246,-0.2
PPO,line,1976,39.52,5.557704621967608,-1.9366820204219948,1.9366826493739893,-0.2
PPO,line,1977,39.54,5.551962850348869,-1.9344798634627496,1.9344817674237433,-0.2
PPO,line,1978,39.56,5.546806408970073,-1.932276169211423,1.9322777127322783,-0.2
PPO,line,1979,39.58,5.541494494642772,-1.9298485578955846,1.929849884071801,-0.2
PPO,line,1980,39.6,5.536043338768014,-1.9271442146207822,1.9271468526937687,-0.2
PPO,line,1981,39.62,5.530583512696085,-1.9242078412768435,1.924208327670373,-0.2
PPO,line,1982,39.64,5.525606802568267,-1.9214226610019143,1.9214260495503606,-0.2
PPO,line,1983,39.660000000000004,5.52122071637994,-1.9193774360450233,1.9193785011541658,-0.2
PPO,line,1984,39.68,5.517638491897147,-1.9184688804637537,1.9184695148597526,-0.2
PPO,line,1985,39.7,5.514422662409029,-1.918226198866629,1.9182321445053836,-0.2
PPO,line,1986,39.72,5.510990639341979,-1.9181021280293222,1.9181029807691723,-0.2
PPO,line,1987,39.74,5.50687298757657,-1.9176497561565562,1.91765114624295,-0.2
PPO,line,1988,39.76,5.501918931283325,-1.9166099844867968,1.9166119626191624,-0.2
PPO,line,1989,39.78,5.496261644557519,-1.9148933800487618,1.9148955814944542,-0.2
PPO,line,1990,39.800000000000004,5.490272611039651,-1.912624414624638,1.9126247449151756,-0.2
PPO,line,1991,39.82,5.484290485706671,-1.909964722254906,1.9099709006547276,-0.2
PPO,line,1992,39.84,5.4788185198087,-1.9071714319758788,1.9071714577204624,-0.2
PPO,line,1993,39.86,5.473833109515504,-1.9043686836595566,1.9043745277778321,-0.2
PPO,line,1994,39.88,5.468673785391824,-1.901356028929731,1.9013560801667895,-0.2
PPO,line,1995,39.9,5.463380204047137,-1.8980834735375938,1.8980883028793811,-0.2
PPO,line,1996,39.92,5.458140456768208,-1.8946177762560366,1.8946180184795574,-0.2
PPO,line,1997,39.94,5.453334180750893,-1.8913884358971012,1.891393216166796,-0.2
PPO,line,1998,39.96,5.449299085225041,-1.8891626067060967,1.8891626192014643,-0.2
PPO,line,1999,39.980000000000004,5.446187939407435,-1.888235731755868,1.88823794928662,-0.2
PPO,line,2000,40.0,5.443233574059789,-1.8878469408338259,1.8878515429240297,-0.2
PPO,line,2001,40.02,5.439892775611908,-1.8874336491443482,1.8874338306163676,-0.2
PPO,line,2002,40.04,5.435812066729276,-1.8865827176306684,1.8865855222447703,-0.2
PPO,line,2003,40.06,5.4309242111838065,-1.8850876064750848,1.8850885397511044,-0.2
PPO,line,2004,40.08,5.425388912219394,-1.8829060837730944,1.8829096399623602,-0.2
PPO,line,2005,40.1,5.419595465168349,-1.8802176543779299,1.8802177388918515,-0.2
PPO,line,2006,40.12,5.413855465165635,-1.8771844851793096,1.877190725860988,-0.2
PPO,line,2007,40.14,5.408605314047545,-1.874105083428731,1.8741051282135988,-0.2
PPO,line,2008,40.160000000000004,5.403775496798557,-1.8708985742361812,1.870904673252043,-0.2
PPO,line,2009,40.18,5.398828013776216,-1.8674887413009982,1.8674887490675252,-0.2
PPO,line,2010,40.2,5.393780706520351,-1.8638589552880154,1.863865133609354,-0.2
PPO,line,2011,40.22,5.388928543998758,-1.8601622710049424,1.8601622717626092,-0.2
PPO,line,2012,40.24,5.384334598382207,-1.8567966999009542,1.8568025150032124,-0.2
PPO,line,2013,40.26,5.380491554304829,-1.8546830784507353,1.8546837067376045,-0.2
PPO,line,2014,40.28,5.377273779336734,-1.8535828022088217,1.8535835736955601,-0.2
PPO,line,2015,40.300000000000004,5.37400678507912,-1.85274645711153,1.8527530913899746,-0.2
PPO,line,2016,40.32,5.370165611160924,-1.8516217252288476,1.8516221254118679,-0.2
PPO,line,2017,40.34,5.365587258925238,-1.8499042073886236,1.849907260582405,-0.2
PPO,line,2018,40.36,5.360331625243353,-1.8475093876007418,1.847509918099578,-0.2
PPO,line,2019,40.38,5.354660679956748,-1.8445749539804188,1.8445798982979549,-0.2
PPO,line,2020,40.4,5.348939918616021,-1.8413184379850749,1.841318438155613,-0.2
PPO,line,2021,40.42,5.343571970129778,-1.8380011882720422,1.838007130714367,-0.2
PPO,line,2022,40.44,5.338864611498637,-1.8347999147826137,1.8347999150893894,-0.2
PPO,line,2023,40.46,5.334147502822985,-1.831330715515115,1.8313368773568064,-0.2
PPO,line,2024,40.480000000000004,5.3293112497428075,-1.827475367412139,1.8274754179494508,-0.2
PPO,line,2025,40.5,5.324496438008626,-1.8233089114000731,1.8233141843600968,-0.2
PPO,line,2026,40.52,5.320198657538751,-1.8194138607822945,1.8194143497428956,-0.2
PPO,line,2027,40.54,5.31635481410809,-1.8164065463917995,1.816408280557204,-0.2
PPO,line,2028,40.56,5.313026813028716,-1.8147088129725477,1.814713624153641,-0.2
PPO,line,2029,40.58,5.309924819077093,-1.8138013959831827,1.813801715578992,-0.2
PPO,line,2030,40.6,5.3065904752909665,-1.8130182501852206,1.8130196557909417,-0.2
PPO,line,2031,40.62,5.302630587471032,-1.8118056101353914,1.8118095934321052,-0.2
PPO,line,2032,40.64,5.2979535218590055,-1.8098750268435968,1.8098752397435942,-0.2
PPO,line,2033,40.660000000000004,5.292699523599687,-1.807151981874089,1.8071561574790915,-0.2
PPO,line,2034,40.68,5.287195797956146,-1.8038162406408471,1.8038169671047166,-0.2
PPO,line,2035,40.7,5.281769383087212,-1.800108258092328,1.8001107104812994,-0.2
PPO,line,2036,40.72,5.276821774648596,-1.7963504269747876,1.7963515140266797,-0.2
PPO,line,2037,40.74,5.272450031524887,-1.792727107300618,1.792730861235316,-0.2
PPO,line,2038,40.76,5.2679829908623805,-1.7888333783879384,1.7888335565210505,-0.2
PPO,line,2039,40.78,5.263419908669714,-1.7845700487688396,1.7845761207609296,-0.2
PPO,line,2040,40.800000000000004,5.258935810348097,-1.7800413877156782,1.7800413959487322,-0.2
PPO,line,2041,40.82,5.254889600812128,-1.7757906951053286,1.7757949229854464,-0.2
PPO,line,2042,40.84,5.251428230590814,-1.7726440541681323,1.7726460805471036,-0.2
PPO,line,2043,40.86,5.24860892337229,-1.7709514420834247,1.7709514475376027,-0.2
PPO,line,2044,40.88,5.245862923072331,-1.7698872224260156,1.7698895737516642,-0.2
PPO,line,2045,40.9,5.242748648983419,-1.7687931985655114,1.7687977609205956,-0.2
PPO,line,2046,40.92,5.238975938347479,-1.7671673254453963,1.7671673423899452,-0.2
PPO,line,2047,40.94,5.234511147411359,-1.7647826799902682,1.764787725647279,-0.2
PPO,line,2048,40.96,5.229493232743678,-1.761606174529828,1.7616063466417802,-0.2
PPO,line,2049,40.980000000000004,5.224251567156399,-1.7578661755894505,1.7578718409676846,-0.2
PPO,line,2050,41.0,5.219086634148638,-1.7538052462930869,1.7538052893904847,-0.2
PPO,line,2051,41.02,5.214400983970762,-1.7498172199441324,1.7498224955967312,-0.2
PPO,line,2052,41.04,5.2102097116565345,-1.7459942716628378,1.7459949407788526,-0.2
PPO,line,2053,41.06,5.2058838469694075,-1.7418984061772629,1.7419006522372267,-0.2
PPO,line,2054,41.08,5.2015321200468785,-1.737499938008273,1.7375023045059221,-0.2
PPO,line,2055,41.1,5.197324214194738,-1.732906834376556,1.732907352640687,-0.2
PPO,line,2056,41.12,5.1934982993459755,-1.7286111185306416,1.7286179239418853,-0.2
PPO,line,2057,41.14,5.190251517427332,-1.725505325312682,1.7255060706252046,-0.2
PPO,line,2058,41.160000000000004,5.187647103298219,-1.7238461551499191,1.723846445572071,-0.2
PPO,line,2059,41.18,5.185053246412672,-1.7226585547021,1.7226623048402039,-0.2
PPO,line,2060,41.2,5.182054692594845,-1.721282317133629,1.7212857219513351,-0.2
PPO,line,2061,41.22,5.178437798106803,-1.7192631300713452,1.7192631409326762,-0.2
PPO,line,2062,41.24,5.174207034882678,-1.7164259466679825,1.7164316480187458,-0.2
PPO,line,2063,41.26,5.16947482873579,-1.7127782593731824,1.712778475516488,-0.2
PPO,line,2064,41.28,5.164562102942074,-1.7086073015067225,1.7086121068069131,-0.2
PPO,line,2065,41.300000000000004,5.159751113754389,-1.7041655333717383,1.7041659237237878,-0.2
PPO,line,2066,41.32,5.155385470155013,-1.6998999089301337,1.6999029438653492,-0.2
PPO,line,2067,41.34,5.15147823933905,-1.6957604400835329,1.6957629151304978,-0.2
PPO,line,2068,41.36,5.147494652404657,-1.6913779078595739,1.6913782567118483,-0.2
PPO,line,2069,41.38,5.143487281016405,-1.686722304770074,1.6867294891028095,-0.2
PPO,line,2070,41.4,5.13965454148403,-1.6819711832580095,1.681971536618261,-0.2
PPO,line,2071,41.42,5.136075291576632,-1.6775729343770498,1.6775747808031933,-0.2
PPO,line,2072,41.44,5.133012272134667,-1.674565294416257,1.6745712462435045,-0.2
PPO,line,2073,41.46,5.1303432450844575,-1.6726870800828582,1.6726880439256244,-0.2
PPO,line,2074,41.480000000000004,5.127573800546993,-1.6710461151596379,1.6710463988875879,-0.2
PPO,line,2075,41.5,5.124343488983611,-1.6690021903778378,1.6690074852622439,-0.2
PPO,line,2076,41.52,5.1205630230851655,-1.666210657719343,1.6662118969337312,-0.2
PPO,line,2077,41.54,5.116271938460858,-1.6625934418564625,1.6625949764578016,-0.2
PPO,line,2078,41.56,5.111616569661734,-1.658311529533999,1.6583144315065792,-0.2
PPO,line,2079,41.58,5.106933882457353,-1.6537012537670452,1.6537020088527525,-0.2
PPO,line,2080,41.6,5.102475197672626,-1.649056012642532,1.6490608099595552,-0.2
PPO,line,2081,41.62,5.098592701994755,-1.6447041293756495,1.6447041321312255,-0.2
PPO,line,2082,41.64,5.094972211918005,-1.6401852027004418,1.6401889911787981,-0.2
PPO,line,2083,41.660000000000004,5.091335081369921,-1.6352219576759277,1.635224448747024,-0.2
PPO,line,2084,41.68,5.087810334478744,-1.6298632660898738,1.6298634039927875,-0.2
PPO,line,2085,41.7,5.084822357599018,-1.6249342160666809,1.6249383344468222,-0.2
PPO,line,2086,41.72,5.082010446206178,-1.6208832198884098,1.6208870994115183,-0.2
PPO,line,2087,41.74,5.079266916141301,-1.6181549553299308,1.6181551544773378,-0.2
PPO,line,2088,41.76,5.076571031293023,-1.6163124377252995,1.616313546339492,-0.2
PPO,line,2089,41.78,5.073627652870725,-1.6145712304051334,1.6145784741965903,-0.2
PPO,line,2090,41.800000000000004,5.070158847125483,-1.612274183286617,1.6122750916334052,-0.2
PPO,line,2091,41.82,5.066137899683666,-1.609130183474854,1.6091318408441837,-0.2
PPO,line,2092,41.84,5.061690938481853,-1.6050989906640993,1.6051023016834138,-0.2
PPO,line,2093,41.86,5.057076175244408,-1.6004352582807804,1.6004358314952756,-0.2
PPO,line,2094,41.88,5.052612287033357,-1.5955220845088485,1.5955276079006684,-0.2
PPO,line,2095,41.9,5.0485554512596655,-1.590716389297959,1.5907163955850154,-0.2
PPO,line,2096,41.92,5.045061694970905,-1.5862132432842313,1.5862167857124672,-0.2
PPO,line,2097,41.94,5.041615631526784,-1.5813677945225602,1.5813710693651453,-0.2
PPO,line,2098,41.96,5.038188371390455,-1.5760006117215706,1.5760006255741137,-0.2
PPO,line,2099,41.980000000000004,5.0349648017226825,-1.570344256374556,1.5703480078540721,-0.2
PPO,line,2100,42.0,5.0321488106223455,-1.5651087158122918,1.565113251960929,-0.2
PPO,line,2101,42.02,5.029712262877663,-1.5611991466888142,1.561199714596537,-0.2
PPO,line,2102,42.04,5.027565120446728,-1.5588857722585872,1.558885985572147,-0.2
PPO,line,2103,42.06,5.025295118390771,-1.557137680354479,1.557140737373701,-0.2
PPO,line,2104,42.08,5.022642427202088,-1.5552060273866726,1.5552119125937247,-0.2
PPO,line,2105,42.1,5.01946596457331,-1.55257105754634,1.552571448658303,-0.2
PPO,line,2106,42.12,5.015798758149252,-1.549036144738892,1.5490382686896225,-0.2
PPO,line,2107,42.14,5.0117566890319365,-1.5446109711583471,1.5446147340125143,-0.2
PPO,line,2108,42.160000000000004,5.007612130112952,-1.5396356191457334,1.5396357946400065,-0.2
PPO,line,2109,42.18,5.003622095572085,-1.5344572323281715,1.5344645075351901,-0.2
PPO,line,2110,42.2,5.000038931532887,-1.5295674175179046,1.5295683715665398,-0.2
PPO,line,2111,42.22,4.99693149576225,-1.5249779979870461,1.5249786397520158,-0.2
PPO,line,2112,42.24,4.993779820159219,-1.5200653490366753,1.5200721609490881,-0.2
PPO,line,2113,42.26,4.990659681935407,-1.5147827719668874,1.51478458836397,-0.2
PPO,line,2114,42.28,4.98776674166059,-1.5093607232814694,1.5093608224408532,-0.2
PPO,line,2115,42.300000000000004,4.985143598681957,-1.5043007604658452,1.5043041010621132,-0.2
PPO,line,2116,42.32,4.982857356308092,-1.5006924192061875,1.5006993477827681,-0.2
PPO,line,2117,42.34,4.980766962672374,-1.4982208615610668,1.4982228972794602,-0.2
PPO,line,2118,42.36,4.978528031170446,-1.4959704703056766,1.495970488120401,-0.2
PPO,line,2119,42.38,4.975910720503592,-1.4932713633029426,1.4932732702232843,-0.2
PPO,line,2120,42.4,4.972877567908429,-1.4897596190150162,1.4897667118647906,-0.2
PPO,line,2121,42.42,4.969461591331,-1.4853705385637639,1.4853710081615428,-0.2
PPO,line,2122,42.44,4.965737431195808,-1.4802539510493977,1.4802561354815325,-0.2
PPO,line,2123,42.46,4.961992077384403,-1.4748310801737414,1.474835792656377,-0.2
PPO,line,2124,42.480000000000004,4.95841251869811,-1.469407707275031,1.4694077148036753,-0.2
PPO,line,2125,42.5,4.955281876666031,-1.464404753073002,1.4644077890151628,-0.2
PPO,line,2126,42.52,4.952477223575327,-1.4593207798131163,1.4593269107783984,-0.2
PPO,line,2127,42.54,4.949741030797824,-1.453756051747355,1.4537568193771726,-0.2
PPO,line,2128,42.56,4.947200641124575,-1.44779616346415,1.447796541635812,-0.2
PPO,line,2129,42.58,4.945158605424976,-1.4423491547756677,1.4423524614142675,-0.2
PPO,line,2130,42.6,4.943186386385067,-1.4377326730394628,1.437741214921901,-0.2
PPO,line,2131,42.62,4.941047611824582,-1.4344080362138087,1.4344108027784515,-0.2
PPO,line,2132,42.64,4.938813190599749,-1.431996883975804,1.4319970025736701,-0.2
PPO,line,2133,42.660000000000004,4.9363225958032535,-1.4296360976719729,1.4296373706022267,-0.2
PPO,line,2134,42.68,4.933414144273278,-1.4266289656375177,1.4266370953262157,-0.2
PPO,line,2135,42.7,4.930117695518323,-1.4227057179594484,1.42270699202383,-0.2
PPO,line,2136,42.72,4.926540985053436,-1.4178530866248733,1.4178540733064835,-0.2
PPO,line,2137,42.74,4.922877613874723,-1.412377297124563,1.4123850528896198,-0.2
PPO,line,2138,42.76,4.919393324703753,-1.4067558176355597,1.4067563263253064,-0.2
PPO,line,2139,42.78,4.916237775474797,-1.4013557019054943,1.4013570714861205,-0.2
PPO,line,2140,42.800000000000004,4.913566050904836,-1.3963603229461448,1.3963680020472384,-0.2
PPO,line,2141,42.82,4.91101106576459,-1.3910018604034569,1.3910047407819488,-0.2
PPO,line,2142,42.84,4.908588839930692,-1.3850781418536033,1.3850782021045225,-0.2
PPO,line,2143,42.86,4.90647424342902,-1.378924024633281,1.378925080032116,-0.2
PPO,line,2144,42.88,4.904693852171598,-1.3732619743589511,1.3732664000630748,-0.2
PPO,line,2145,42.9,4.9031002270441295,-1.369070235552669,1.3690791358075234,-0.2
PPO,line,2146,42.92,4.90154014220847,-1.366445077450053,1.3664492492164428,-0.2
PPO,line,2147,42.94,4.899752521311366,-1.3642244586227679,1.3642253839290703,-0.2
PPO,line,2148,42.96,4.897610232168784,-1.3616791428621726,1.36167925530518,-0.2
PPO,line,2149,42.980000000000004,4.895086394388415,-1.3583230428237674,1.3583265284523387,-0.2
PPO,line,2150,43.0,4.8922473560119695,-1.3540159836972785,1.3540221924890106,-0.2
PPO,line,2151,43.02,4.889168182401087,-1.348797856978092,1.3487982436164825,-0.2
PPO,line,2152,43.04,4.886053132883662,-1.343092435329792,1.3430940673493745,-0.2
PPO,line,2153,43.06,4.883098464598042,-1.337308912481461,1.3373181412387485,-0.2
PPO,line,2154,43.08,4.88041194947929,-1.3319086656429364,1.3319106200934525,-0.2
PPO,line,2155,43.1,4.878183005893182,-1.3267719844177996,1.3267719854679667,-0.2
PPO,line,2156,43.12,4.876057383130937,-1.3213449683226757,1.3213465941803533,-0.2
PPO,line,2157,43.14,4.874023328999557,-1.31552680541833,1.3155332159635642,-0.2
PPO,line,2158,43.160000000000004,4.872314950561759,-1.3097983983626267,1.3098051367859054,-0.2
PPO,line,2159,43.18,4.870731621050316,-1.3045154784988586,1.3045181056937956,-0.2
PPO,line,2160,43.2,4.869063951543803,-1.3006063182346879,1.3006066655016366,-0.2
PPO,line,2161,43.22,4.867320139200481,-1.297709370881162,1.297709613407368,-0.2
PPO,line,2162,43.24,4.8653671165200585,-1.294860235900707,1.2948631484689213,-0.2
PPO,line,2163,43.26,4.863111354842044,-1.2913545704047382,1.2913642585215297,-0.2
PPO,line,2164,43.28,4.860599616147579,-1.286929166197435,1.2869315998754178,-0.2
PPO,line,2165,43.300000000000004,4.857875856585197,-1.2815836670999166,1.2815836861499357,-0.2
PPO,line,2166,43.32,4.855054329204919,-1.2756304262030773,1.2756340545212201,-0.2
PPO,line,2167,43.34,4.852334376898153,-1.269576941471229,1.2695840692533344,-0.2
PPO,line,2168,43.36,4.849808159810437,-1.2638141032823307,1.263815284655973,-0.2
PPO,line,2169,43.38,4.84768904184412,-1.2585658754867344,1.2585659362514214,-0.2
PPO,line,2170,43.4,4.845650076473382,-1.2529455393912683,1.2529478959070488,-0.2
PPO,line,2171,43.42,4.843797139981949,-1.2468197135428634,1.2468270698509327,-0.2
PPO,line,2172,43.44,4.842298449387715,-1.24053974389488,1.2405469727080902,-0.2
PPO,line,2173,43.46,4.841084886150469,-1.234851486117485,1.2348551825655716,-0.2
PPO,line,2174,43.480000000000004,4.839874503809312,-1.230566935436318,1.2305682681365706,-0.2
PPO,line,2175,43.5,4.838521730797445,-1.2277618115410691,1.227761897075292,-0.2
PPO,line,2176,43.52,4.836935818432524,-1.2253526072935639,1.2253531261352484,-0.2
PPO,line,2177,43.54,4.83507639002678,-1.2226103991378696,1.2226140480715975,-0.2
PPO,line,2178,43.56,4.832972723272024,-1.2190308886368528,1.2190408412833778,-0.2
PPO,line,2179,43.58,4.8307043301476815,-1.2144646613352676,1.2144675690990132,-0.2
PPO,line,2180,43.6,4.828336306864756,-1.2089454462637717,1.2089454809412334,-0.2
PPO,line,2181,43.62,4.826006136772353,-1.2028806556784797,1.2028823865555978,-0.2
PPO,line,2182,43.64,4.823856317490648,-1.1967328552090089,1.1967401916940243,-0.2
PPO,line,2183,43.660000000000004,4.821915944642293,-1.190999333724901,1.1910056729964305,-0.2
PPO,line,2184,43.68,4.820357630339847,-1.1857584411040973,1.1857607255595324,-0.2
PPO,line,2185,43.7,4.818875391602099,-1.1801661828866525,1.1801664856415535,-0.2
PPO,line,2186,43.72,4.817529026059083,-1.1741394273786727,1.1741395342761398,-0.2
PPO,line,2187,43.74,4.8164841103393625,-1.168076061435635,1.1680770844549075,-0.2
PPO,line,2188,43.76,4.815593153564993,-1.1624867113117865,1.1624892655165184,-0.2
PPO,line,2189,43.78,4.814565332599084,-1.158370720688743,1.158375902208003,-0.2
PPO,line,2190,43.800000000000004,4.813351893700249,-1.1552705582227887,1.155280030054852,-0.2
PPO,line,2191,43.82,4.811922130896959,-1.152255652756289,1.1522622825699023,-0.2
PPO,line,2192,43.84,4.8102787931479325,-1.1486575327904087,1.148659766790613,-0.2
PPO,line,2193,43.86,4.808487163492477,-1.1441566745485592,1.144156772653094,-0.2
PPO,line,2194,43.88,4.80658142862157,-1.1387271175475049,1.1387280178571613,-0.2
PPO,line,2195,43.9,4.804602621186967,-1.132594267819204,1.1325994034106257,-0.2
PPO,line,2196,43.92,4.802693417890057,-1.1262929001097324,1.1263026930456659,-0.2
PPO,line,2197,43.94,4.80090213428809,-1.1201935653669806,1.1201973333587363,-0.2
PPO,line,2198,43.96,4.799452986166591,-1.114701655760207,1.1147026070828223,-0.2
PPO,line,2199,43.980000000000004,4.798236531902479,-1.1089812491344215,1.1089812750762489,-0.2
PPO,line,2200,44.0,4.797316522155848,-1.1026964999460993,1.102696709699618,-0.2
PPO,line,2201,44.02,4.7968013583555,-1.0961751707719796,1.0961758224690208,-0.2
PPO,line,2202,44.04,4.796559426623651,-1.0903983190804012,1.090399266276491,-0.2
PPO,line,2203,44.06,4.796111196163923,-1.0857963219957476,1.0857979590317552,-0.2
PPO,line,2204,44.08,4.795141020342766,-1.0824876078525845,1.082491374486908,-0.2
PPO,line,2205,44.1,4.7937711995460806,-1.0797726502638778,1.0797809179566185,-0.2
PPO,line,2206,44.12,4.7921253142427895,-1.076877445713527,1.076885424264568,-0.2
PPO,line,2207,44.14,4.79030001204842,-1.0732100419159716,1.0732125496285037,-0.2
PPO,line,2208,44.160000000000004,4.788412843505182,-1.0685548261264346,1.0685549138067265,-0.2
PPO,line,2209,44.18,4.786567982759401,-1.062928469041306,1.0629294068737074,-0.2
PPO,line,2210,44.2,4.784859502960171,-1.0566710515876765,1.0566756591105912,-0.2
PPO,line,2211,44.22,4.783377404988858,-1.0503295823260257,1.0503396665282376,-0.2
PPO,line,2212,44.24,4.782107365755726,-1.0442729621304332,1.0442811848102642,-0.2
PPO,line,2213,44.26,4.781152376342961,-1.0387778536198025,1.0387827489695365,-0.2
PPO,line,2214,44.28,4.780403512317364,-1.0329506307215321,1.0329535131264285,-0.2
PPO,line,2215,44.300000000000004,4.779954930151574,-1.026565668867102,1.0265676008905964,-0.2
PPO,line,2216,44.32,4.779895268244207,-1.0200459107790065,1.0200477404053185,-0.2
PPO,line,2217,44.34,4.780026947800215,-1.0141417715665477,1.0141438712497592,-0.2
PPO,line,2218,44.36,4.779891774360238,-1.0097615665207986,1.0097634081028224,-0.2
PPO,line,2219,44.38,4.779321527249764,-1.0067293269715696,1.00673024323382,-0.2
PPO,line,2220,44.4,4.778425490856763,-1.003919180211954,1.0039192866180042,-0.2
PPO,line,2221,44.42,4.777294506675012,-1.0006655035818588,1.0006657270567207,-0.2
PPO,line,2222,44.44,4.776052028128662,-0.9965268841606757,0.9965287169512879,-0.2
PPO,line,2223,44.46,4.774785296728458,-0.9914201611652401,0.9914252546170595,-0.2
PPO,line,2224,44.480000000000004,4.7735278121919205,-0.9854049075396717,0.985414889834756,-0.2
PPO,line,2225,44.5,4.7723428851635195,-0.9789635414632238,0.978973412833133,-0.2
PPO,line,2226,44.52,4.771277521963257,-0.9725500553422164,0.9725557594998364,-0.2
PPO,line,2227,44.54,4.770311231369682,-0.9665695563797171,0.9665724488662992,-0.2
PPO,line,2228,44.56,4.769716862366391,-0.960905999092731,0.9609076297961473,-0.2
PPO,line,2229,44.58,4.769387862356358,-0.9549213352526539,0.9549224229341228,-0.2
PPO,line,2230,44.6,4.769353078030213,-0.9485781511573985,0.9485791938982037,-0.2
PPO,line,2231,44.62,4.769619789114929,-0.942629738430987,0.9426312234437952,-0.2
PPO,line,2232,44.64,4.769794647894948,-0.9372912323528608,0.9372930542841182,-0.2
PPO,line,2233,44.660000000000004,4.769408777171735,-0.9331354946001694,0.9331366402141782,-0.2
PPO,line,2234,44.68,4.7686022880034455,-0.9298246384946152,0.9298248696973729,-0.2
PPO,line,2235,44.7,4.767575015693976,-0.9264585539138135,0.9264586284224171,-0.2
PPO,line,2236,44.72,4.766471488235606,-0.9223845311272129,0.9223857106175746,-0.2
PPO,line,2237,44.74,4.765413984997381,-0.9173768809176154,0.9173803767617729,-0.2
PPO,line,2238,44.76,4.76445629832693,-0.911449919098627,0.911456601860178,-0.2
PPO,line,2239,44.78,4.763616826727666,-0.9049487794610827,0.9049591373045383,-0.2
PPO,line,2240,44.800000000000004,4.762918868052267,-0.8984656054234138,0.8984794566929901,-0.2
PPO,line,2241,44.82,4.7622988577583785,-0.8923534245295672,0.8923641197453395,-0.2
PPO,line,2242,44.84,4.761894508201941,-0.8868679803299218,0.8868768419495278,-0.2
PPO,line,2243,44.86,4.761713829217882,-0.8810126789250294,0.8810208049045086,-0.2
PPO,line,2244,44.88,4.761867119233932,-0.8746423648865459,0.8746512266511722,-0.2
PPO,line,2245,44.9,4.762432026872337,-0.8682457593687908,0.8682574318484626,-0.2
PPO,line,2246,44.92,4.763121427291131,-0.8624490293713617,0.8624625269189327,-0.2
PPO,line,2247,44.94,4.7633940367798475,-0.8581517042674369,0.858163779919249,-0.2
PPO,line,2248,44.96,4.7631852263754135,-0.8548846329875293,0.8548978922561373,-0.2
PPO,line,2249,44.980000000000004,4.762679946833974,-0.8517349630851215,0.851748208361323,-0.2
PPO,line,2250,45.0,4.762045324119104,-0.8480901172629397,0.8481001024958853,-0.2
PPO,line,2251,45.02,4.7614442937383945,-0.8435733071900492,0.8435806278509608,-0.2
PPO,line,2252,45.04,4.760943529195956,-0.838130182270262,0.8381356003028042,-0.2
PPO,line,2253,45.06,4.76053822895619,-0.8318740107630797,0.8318780999947989,-0.19694435549163947
PPO,line,2254,45.08,4.760241550347715,-0.8253374541198706,0.825340691459203,-0.1836539186952133
PPO,line,2255,45.1,4.7600328832979155,-0.818904928575268,0.8189076288901789,-0.16774024836239798
PPO,line,2256,45.12,4.75992462754094,-0.8129881328629476,0.812990580007673,-0.15477639983782643
PPO,line,2257,45.14,4.7601843337148795,-0.8072086575025871,0.8072118057204875,-0.15113650319677507
PPO,line,2258,45.160000000000004,4.760844668514035,-0.8010067768989525,0.8010120801909503,-0.15309232271222317
PPO,line,2259,45.18,4.761951445007411,-0.7945235088884139,0.7945336865962466,-0.15525221217787166
PPO,line,2260,45.2,4.7632803891551045,-0.7887120456275117,0.7887258485892368,-0.17826794412139743
PPO,line,2261,45.22,4.764328012730767,-0.7837003986375518,0.7837087525583615,-0.17535720853505277
PPO,line,2262,45.24,4.76460799494881,-0.7796791479655354,0.779686295830944,-0.17127526202934007
PPO,line,2263,45.26,4.764324479921365,-0.7763414850288931,0.776349934609821,-0.16631836409395628
PPO,line,2264,45.28,4.763779987397851,-0.7729090079700441,0.7729202384951472,-0.15985459391264456
PPO,line,2265,45.300000000000004,4.763185961563135,-0.7687714045164012,0.7687861444299386,-0.15168629624893848
PPO,line,2266,45.32,4.762683690607688,-0.7637356400276191,0.7637504347192546,-0.11713267691335583
PPO,line,2267,45.34,4.762343257579832,-0.7578406384446813,0.7578534892393127,-0.10904297851113443
PPO,line,2268,45.36,4.762156172203873,-0.7514016369216002,0.7514135222949637,-0.10042693773892708
PPO,line,2269,45.38,4.7621278325037775,-0.7448727085141986,0.7448845378098213,-0.09031408646544882
PPO,line,2270,45.4,4.762182770832846,-0.7385634765689507,0.738575721219805,-0.07817860327008484
PPO,line,2271,45.42,4.7623421524280625,-0.732928403818241,0.7329416847497744,-0.06989113396943836
PPO,line,2272,45.44,4.762847178608049,-0.7273137267296681,0.727330349211507,-0.06936856511009859
PPO,line,2273,45.46,4.763759396632537,-0.7212366032519907,0.7212487576108328,-0.1012766725141252
PPO,line,2274,45.480000000000004,4.76516768819886,-0.7148809854535316,0.7148863864905245,-0.10524093523462731
PPO,line,2275,45.5,4.76679719027718,-0.70922380407324,0.7092247354368028,-0.10346620623003844
PPO,line,2276,45.52,4.76814637352287,-0.7044081018786709,0.7044081302133806,-0.10089584507655269
PPO,line,2277,45.54,4.768788685055328,-0.7006082022579516,0.7006087083501287,-0.09816411368631205
PPO,line,2278,45.56,4.768892666805479,-0.6974252109366295,0.6974258526429395,-0.09466103268487647
PPO,line,2279,45.58,4.768719226211147,-0.6941050437640185,0.69410547380386,-0.08959295719538973
PPO,line,2280,45.6,4.768455934361897,-0.6900641332228146,0.6900643212084184,-0.0830443126228606
PPO,line,2281,45.62,4.768233668839789,-0.6851276917075818,0.6851277518579453,-0.07624022630404692
PPO,line,2282,45.64,4.768112022083253,-0.6793027365049517,0.6793027566519829,-0.06978739719329807
PPO,line,2283,45.660000000000004,4.7680852049826985,-0.6728646265199307,0.6728646408003239,-0.06275242588481067
PPO,line,2284,45.68,4.768157227324387,-0.6662603465517126,0.6662603798519782,-0.05423629803291252
PPO,line,2285,45.7,4.768285843618727,-0.6597726113367546,0.6597726985648403,-0.04348329143744323
PPO,line,2286,45.72,4.7683918280218816,-0.6538788126300479,0.6538789642238029,-0.03621685348455195
PPO,line,2287,45.74,4.768811708147508,-0.6481644010314144,0.6481649783930211,-0.03760593589831229
PPO,line,2288,45.76,4.769638592232046,-0.6420839588922456,0.6420861882801673,-0.043040750516520454
PPO,line,2289,45.78,4.770960396112836,-0.6357237341745373,0.6357308780409121,-0.04807612528470839
PPO,line,2290,45.800000000000004,4.772603429107779,-0.6298806406254214,0.6298978549736323,-0.048590223482439576
PPO,line,2291,45.82,4.774158681217328,-0.6246973549541441,0.6247089403863547,-0.07964413138626814
PPO,line,2292,45.84,4.7750733793870985,-0.6205932601413267,0.620599988730945,-0.07794964948566996
PPO,line,2293,45.86,4.775442852922279,-0.6172271369284696,0.6172322829161231,-0.07482792622059753
PPO,line,2294,45.88,4.775526560955127,-0.6138157716272689,0.6138206082070571,-0.06984120581382047
PPO,line,2295,45.9,4.775514031193384,-0.6097327428663233,0.6097376620354097,-0.06344216382485435
PPO,line,2296,45.92,4.775540836961423,-0.6047924474104734,0.6047972988008865,-0.05702270459321879
PPO,line,2297,45.94,4.775662571166921,-0.5989997464772935,0.5990041648475729,-0.05121367963405277
PPO,line,2298,45.96,4.77585829342727,-0.5926208531745001,0.5926245915860816,-0.04499247207403512
PPO,line,2299,45.980000000000004,4.77612517651316,-0.586052565740961,0.5860554482359361,-0.0374420069772916
PPO,line,2300,46.0,4.776405527870928,-0.579579044304863,0.5795811376886626,-0.027636177843324724
PPO,line,2301,46.02,4.776552179143443,-0.57371454714565,0.5737162824863238,-0.02076208463122242
PPO,line,2302,46.04,4.77693487898701,-0.5679806577928139,0.5679815888030122,-0.022212697159797127
PPO,line,2303,46.06,4.777697994714212,-0.5619088391397261,0.5619089017585117,-0.027500659549168027
PPO,line,2304,46.08,4.778937181945799,-0.5555895993030363,0.5555904529003867,-0.033077659688383054
PPO,line,2305,46.1,4.78053486252125,-0.5497497740148558,0.549755788606701,-0.034479728089570554
PPO,line,2306,46.12,4.782127947268322,-0.5445706290989433,0.544586553815193,-0.034416736389628166
PPO,line,2307,46.14,4.78313221382626,-0.5405005697947648,0.5405223091191773,-0.0695478750012124
PPO,line,2308,46.160000000000004,4.783602709930282,-0.5371349808632772,0.5371528162851258,-0.06721479408959752
PPO,line,2309,46.18,4.783796186787832,-0.5337347096811811,0.5337511071014874,-0.06262674670129664
PPO,line,2310,46.2,4.783917708445688,-0.5296912610769643,0.5297068377911565,-0.05664032623533455
PPO,line,2311,46.22,4.784106001717716,-0.5248016330055882,0.5248159311695164,-0.05069094904487548
PPO,line,2312,46.24,4.784408554016937,-0.5190662457299997,0.519078532058641,-0.0453820014929045
PPO,line,2313,46.26,4.784791420414291,-0.5127416682618625,0.5127515823464678,-0.039660982704205594
PPO,line,2314,46.28,4.785240397811914,-0.5062266693637323,0.5062340822310392,-0.0325251621996272
PPO,line,2315,46.300000000000004,4.785691121909448,-0.49979428113130897,0.4997995220702295,-0.02300105706596023
PPO,line,2316,46.32,4.785995497171039,-0.4939429799693425,0.4939469663637509,-0.016442895184622497
PPO,line,2317,46.34,4.78653253276009,-0.48824120963427636,0.4882433551518077,-0.018048910206596602
PPO,line,2318,46.36,4.78744624776256,-0.48222098144228814,0.48222127680036353,-0.02318599272465915
PPO,line,2319,46.38,4.788824150897983,-0.47595643588740527,0.4759571845342311,-0.028590221930856252
PPO,line,2320,46.4,4.790548223245153,-0.47015767918812973,0.47016469374221104,-0.029801864448149473
PPO,line,2321,46.42,4.792271734226461,-0.46501567716686426,0.4650354817432991,-0.029356552530212188
PPO,line,2322,46.44,4.793380404244568,-0.46098480075899606,0.4610079135526673,-0.07024733504393277
PPO,line,2323,46.46,4.79393298119818,-0.457647614481712,0.45766565583967633,-0.06804301172610527
PPO,line,2324,46.480000000000004,4.794204869892431,-0.45427882516221807,0.4542946496177792,-0.06367729243814813
PPO,line,2325,46.5,4.79441909131158,-0.45027487127814775,0.4502890834898806,-0.05804255570870831
PPO,line,2326,46.52,4.794721691491213,-0.44542894279030615,0.44544098206298927,-0.052492661241255956
PPO,line,2327,46.54,4.795162180291548,-0.4397413277092164,0.4397504628501582,-0.04758855600787193
PPO,line,2328,46.56,4.795704364535865,-0.43345491736661423,0.4334609786507255,-0.04228410571915564
PPO,line,2329,46.58,4.79632313851315,-0.42696899038753994,0.42697227009538924,-0.035497093088811216
PPO,line,2330,46.6,4.796948941349507,-0.4205512579530779,0.42055256304366484,-0.026255946622940396
PPO,line,2331,46.62,4.797419444916653,-0.4146943939602297,0.4146947956757676,-0.020077916574862357
PPO,line,2332,46.64,4.798127342302941,-0.40904237272371613,0.4090423935987856,-0.02225551667681014
PPO,line,2333,46.660000000000004,4.799221815980582,-0.40308280361754284,0.40308466551911337,-0.027585289383214473
PPO,line,2334,46.68,4.800780767959984,-0.39686743938387176,0.3968772048053512,-0.032703482440572085
PPO,line,2335,46.7,4.802672986862598,-0.39109031753735735,0.39111827430342827,-0.03330248547229653
PPO,line,2336,46.72,4.804540821716801,-0.38597251297624574,0.3859881335801881,-0.08182959082723418
PPO,line,2337,46.74,4.805736823317165,-0.38197053897291766,0.381977322942688,-0.07994714395185909
PPO,line,2338,46.76,4.806357948693265,-0.3786655118117992,0.3786691302544933,-0.0773885658230049
PPO,line,2339,46.78,4.806714579968112,-0.3753185939157238,0.37532084109065794,-0.07316776742488029
PPO,line,2340,46.800000000000004,4.807041015562714,-0.3713294686604057,0.37133074171249686,-0.06777080817970971
PPO,line,2341,46.82,4.807488371929506,-0.3665011685024873,0.36650154450088634,-0.06254624048219704
PPO,line,2342,46.84,4.8081023864414485,-0.36083518742950504,0.3608351984130402,-0.0579609598426316
PPO,line,2343,46.86,4.808837084137901,-0.3545687648828831,0.35456972171815443,-0.05290952749679123
PPO,line,2344,46.88,4.809653284028742,-0.3481097956114168,0.34811365840181835,-0.046227490774877644
PPO,line,2345,46.9,4.810462507828497,-0.3417385224262217,0.34174729853611363,-0.03697162774710172
PPO,line,2346,46.92,4.811102028814304,-0.3359443358994441,0.33595853423479016,-0.030994808029555898
PPO,line,2347,46.94,4.811973297344524,-0.3303073858644626,0.33033112220209165,-0.03298397206047676
PPO,line,2348,46.96,4.81324029390463,-0.32435692281212813,0.3243922858830117,-0.0964575772164542
PPO,line,2349,46.980000000000004,4.8149906468132135,-0.3181823734677526,0.3181968899247943,-0.10160252356163069
PPO,line,2350,47.0,4.81700307533945,-0.31245625042131003,0.31245793813643025,-0.1009502586858031
PPO,line,2351,47.02,4.818901453921811,-0.30734223464364924,0.30734346998171513,-0.09895032946610138
PPO,line,2352,47.04,4.820069701736991,-0.3033092430116486,0.3033161009164647,-0.09708996064307218
PPO,line,2353,47.06,4.820647216118916,-0.29997525169575623,0.2999866683504275,-0.09538158854376677
PPO,line,2354,47.08,4.820985001117028,-0.29657474872236633,0.29658946932645036,-0.09238590817510373
PPO,line,2355,47.1,4.82135109313136,-0.29251664153556234,0.2925354934057927,-0.08823205864798346
PPO,line,2356,47.12,4.821905582550953,-0.2876236641320017,0.2876497730237676,-0.08404704710916988
PPO,line,2357,47.14,4.822696805555078,-0.28190046591774737,0.28193909145642576,-0.08023693701309309
PPO,line,2358,47.160000000000004,4.823670194016365,-0.2755932253096304,0.2756279739637303,-0.1427842791225662
PPO,line,2359,47.18,4.824735309587442,-0.2691489765211589,0.2691693466278422,-0.1361794921986368
PPO,line,2360,47.2,4.825742435523817,-0.26287159272738936,0.2628816922176867,-0.12571982427559725
PPO,line,2361,47.22,4.826626045466025,-0.2572969715820761,0.25730089384077914,-0.11963128199171578
PPO,line,2362,47.24,4.827833917258841,-0.25181449591031535,0.251814585848462,-0.12120637235595577
PPO,line,2363,47.26,4.829498759257835,-0.24595130845033442,0.24595559451875204,-0.12690234983128776
PPO,line,2364,47.28,4.831671212262802,-0.23995017893299567,0.23997755131678816,-0.1299428156131781
PPO,line,2365,47.300000000000004,4.833924957270959,-0.2346835829103585,0.2347200696983614,-0.2
PPO,line,2366,47.32,4.835753323223852,-0.23020047731494067,0.2302120683005705,-0.199472816209473
PPO,line,2367,47.34,4.836713533543078,-0.22655320540829288,0.22655722704361156,-0.19810076959581172
PPO,line,2368,47.36,4.837083941473016,-0.2233722364428896,0.223374384003697,-0.1975120233100811
PPO,line,2369,47.38,4.837305998897326,-0.21996632359879523,0.21996762769366238,-0.19588531146516086
PPO,line,2370,47.4,4.837707795205795,-0.21581681518481552,0.21581710821682207,-0.19314517788257746
PPO,line,2371,47.42,4.838464519749877,-0.2107901443301217,0.2107905259076632,-0.19032389527779525
PPO,line,2372,47.44,4.8396021298439935,-0.20492078426247454,0.20492656097260953,-0.18710701350086498
PPO,line,2373,47.46,4.841007580130091,-0.19855006269054945,0.1985718896546831,-0.18157919512942788
PPO,line,2374,47.480000000000004,4.842497842028098,-0.19227760908625016,0.19232873650487856,-0.17324647184604736
PPO,line,2375,47.5,4.84387383743885,-0.186452774798206,0.18650021489793261,-0.2
PPO,line,2376,47.52,4.8452431915627505,-0.18139856960074172,0.1814207521014831,-0.2
PPO,line,2377,47.54,4.846952486544248,-0.17606414421286767,0.1760677553250237,-0.2
PPO,line,2378,47.56,4.8490774194692055,-0.1703109370131345,0.17031385688042147,-0.2
PPO,line,2379,47.58,4.8515204615011305,-0.16469780027504613,0.1647337283977071,-0.2
PPO,line,2380,47.6,4.853881452820556,-0.15959293886117737,0.1596486001274207,-0.2
PPO,line,2381,47.62,4.855370166765314,-0.15564012863056942,0.15566401100409769,-0.2
PPO,line,2382,47.64,4.856150303209826,-0.15235937728424653,0.15237181105894923,-0.2
PPO,line,2383,47.660000000000004,4.856703753845157,-0.14901869529666628,0.14902520660496263,-0.2
PPO,line,2384,47.68,4.857398554815752,-0.1451306995343677,0.14513237933982903,-0.2
PPO,line,2385,47.7,4.858464999041403,-0.14045736635473405,0.14045784888424456,-0.2
PPO,line,2386,47.72,4.859946890653762,-0.1349898330021222,0.13500251014551812,-0.2
PPO,line,2387,47.74,4.861757198459235,-0.1289492690292811,0.12900121043905963,-0.2
PPO,line,2388,47.76,4.863698228968245,-0.1228893018600684,0.122968594888932,-0.2
PPO,line,2389,47.78,4.865568742681246,-0.1171146526627077,0.11714229711263043,-0.2
PPO,line,2390,47.800000000000004,4.86736143135313,-0.11200457782419783,0.11200710287623053,-0.2
PPO,line,2391,47.82,4.869480756711057,-0.1066994171313382,0.10670817656324409,-0.2
PPO,line,2392,47.84,4.87211270741435,-0.10106770181580836,0.10114679347368297,-0.2
PPO,line,2393,47.86,4.875116722327465,-0.09551767571494377,0.095565200383286,-0.2
PPO,line,2394,47.88,4.877949617417276,-0.09057098299080946,0.09057116304951056,-0.2
PPO,line,2395,47.9,4.879813757570105,-0.08673921584487246,0.08675555241100712,-0.2
PPO,line,2396,47.92,4.880643374708242,-0.08378464016041175,0.0838223233293705,-0.2
PPO,line,2397,47.94,4.881100096005493,-0.0808708697741063,0.08092538389874437,-0.2
PPO,line,2398,47.96,4.881598128993651,-0.07751832934889787,0.07759586199304098,-0.2
PPO,line,2399,47.980000000000004,4.882478391886991,-0.07340567092950769,0.07353433993184559,-0.2
PPO,line,2400,48.0,4.883870598490421,-0.06849244209228454,0.0686258076592549,-0.2
PPO,line,2401,48.02,4.885787135431843,-0.06284824556666736,0.06289253146432078,-0.2
PPO,line,2402,48.04,4.888062092861946,-0.05689570365598651,0.056895766878691904,-0.2
PPO,line,2403,48.06,4.890473750371153,-0.051066275120622506,0.05111925893181622,-0.2
PPO,line,2404,48.08,4.89276272728325,-0.045696168637956995,0.04592870108501076,-0.2
PPO,line,2405,48.1,4.895149856348108,-0.04084758566785551,0.04095861254873571,-0.2
PPO,line,2406,48.120000000000005,4.897915135173904,-0.03578373559148678,0.035784598232170166,-0.2
PPO,line,2407,48.14,4.901086719263023,-0.03044476359722264,0.030584771072883193,-0.2
PPO,line,2408,48.160000000000004,4.904331621392089,-0.0254457489031721,0.025735160153482244,-0.2
PPO,line,2409,48.18,4.907213546908928,-0.020898092217239896,0.020920441458719897,-0.2
PPO,line,2410,48.2,4.908987044445341,-0.01709319348890889,0.01711222076298911,-0.2
PPO,line,2411,48.22,4.909934418675875,-0.01376274452309814,0.01387407897411843,-0.2
PPO,line,2412,48.24,4.910713149007701,-0.010272459632350222,0.010580110985098342,-0.2
PPO,line,2413,48.26,4.9117764839056175,-0.006197739967874619,0.007165508760041121,-0.2
PPO,line,2414,48.28,4.913347525546127,-0.0013975587556406697,0.005046833103893035,-0.2
PPO,line,2415,48.300000000000004,4.915477167311646,0.004098493368919813,0.0049188525596939505,-0.2
PPO,line,2416,48.32,4.918037199520808,0.010007950389197981,0.010009226023282245,-0.2
PPO,line,2417,48.34,4.920766207140157,0.0158208643976716,0.01602811908345877,-0.2
PPO,line,2418,48.36,4.923390561357449,0.02126482202606542,0.021804935696089833,-0.2
PPO,line,2419,48.38,4.925885649473615,0.026073812627001664,0.026177537607476035,-0.2
PPO,line,2420,48.4,4.928753643652283,0.03107232284974676,0.031077013977928968,-0.2
PPO,line,2421,48.42,4.9321103565931805,0.036358941179903494,0.03656715217644615,-0.2
PPO,line,2422,48.44,4.935750911509994,0.04150740103433072,0.04158139156306573,-0.2
PPO,line,2423,48.46,4.939173852396944,0.04613898034296661,0.046148625545676815,-0.2
PPO,line,2424,48.480000000000004,4.941468520837832,0.04975220445382787,0.04985747063749829,-0.2
PPO,line,2425,48.5,4.942852511685877,0.05274442977241862,0.05294656680663136,-0.2
PPO,line,2426,48.52,4.943964765548018,0.055812252606806875,0.055976296277596996,-0.2
PPO,line,2427,48.54,4.945272217796664,0.05937396435203918,0.0594484435361256,-0.2
PPO,line,2428,48.56,4.947084381769631,0.06363581553554763,0.06364643652615273,-0.2
PPO,line,2429,48.58,4.949475145028667,0.06860756254172863,0.06861855277841553,-0.2
PPO,line,2430,48.6,4.95237168150616,0.07416489730409455,0.07427950149524032,-0.2
PPO,line,2431,48.620000000000005,4.955532810469534,0.07984613795879923,0.07989282760693985,-0.2
PPO,line,2432,48.64,4.958659579772848,0.08535485961978796,0.08535577733083347,-0.2
PPO,line,2433,48.660000000000004,4.961499832994379,0.09018998791827343,0.09024802493837336,-0.2
PPO,line,2434,48.68,4.964567592696999,0.09489537206636926,0.09496797922728753,-0.2
PPO,line,2435,48.7,4.96812097192913,0.09980058024472194,0.09980070769289666,-0.2
PPO,line,2436,48.72,4.9720875563360485,0.10468917683152598,0.10475837757182577,-0.2
PPO,line,2437,48.74,4.9757587376185235,0.10893193609342541,0.10896150833702938,-0.2
PPO,line,2438,48.76,4.978663528945577,0.11261796357723107,0.11261855950538455,-0.2
PPO,line,2439,48.78,4.980395941155882,0.11580074427585475,0.11581976191070918,-0.2
PPO,line,2440,48.800000000000004,4.981421912363734,0.118814897412456,0.11885597970806755,-0.2
PPO,line,2441,48.82,4.9823846479951746,0.12209222653826103,0.12216062918694147,-0.2
PPO,line,2442,48.84,4.9837613398938245,0.12595819026644897,0.12604043439304405,-0.2
PPO,line,2443,48.86,4.985781707562062,0.13049478264022013,0.130519347509074,-0.2
PPO,line,2444,48.88,4.988491376565689,0.13563474348382565,0.13563485965386143,-0.2
PPO,line,2445,48.9,4.991738809795527,0.141115359192297,0.1411569158969726,-0.2
PPO,line,2446,48.92,4.995163556728983,0.14641949510565525,0.1464537414994561,-0.2
PPO,line,2447,48.94,4.998483321552782,0.1513488460832084,0.1513489231860785,-0.2
PPO,line,2448,48.96,5.001646660280387,0.1556650433268314,0.15570036061373238,-0.2
PPO,line,2449,48.980000000000004,5.005225827031637,0.16008352246592453,0.16011395135273127,-0.2
PPO,line,2450,49.0,5.009304180147059,0.16471833722156762,0.16472111686462954,-0.2
PPO,line,2451,49.02,5.013612018251048,0.16920102688492025,0.16926774133977124,-0.2
PPO,line,2452,49.04,5.017641382639614,0.17327753260809,0.17327903911247314,-0.2
PPO,line,2453,49.06,5.0204422298922236,0.17656392021114628,0.1765761513048138,-0.2
PPO,line,2454,49.08,5.022266846750557,0.17939677591519543,0.1794392261760295,-0.2
PPO,line,2455,49.1,5.023835619949416,0.18235101963433342,0.18240765202686013,-0.2
PPO,line,2456,49.120000000000005,5.02567285586559,0.18577437931659893,0.18579411205689045,-0.2
PPO,line,2457,49.14,5.028098787771228,0.18982106566958545,0.18982127491262396,-0.2
PPO,line,2458,49.160000000000004,5.031180840733632,0.19449026607693512,0.19451042325346035,-0.2
PPO,line,2459,49.18,5.034816330942889,0.19964041334821214,0.1996725273744015,-0.2
PPO,line,2460,49.2,5.038721125473536,0.20485255674448008,0.20485281264601535,-0.2
PPO,line,2461,49.22,5.042535040366018,0.2098849923227957,0.20992577416474942,-0.2
PPO,line,2462,49.24,5.045976503559219,0.21433458434639704,0.2143484442439037,-0.2
PPO,line,2463,49.26,5.049634823509271,0.21875840089384313,0.21876180725758748,-0.2
PPO,line,2464,49.28,5.053728056134673,0.22330881301118338,0.22335832421424487,-0.2
PPO,line,2465,49.300000000000004,5.058124215540999,0.227757090495701,0.22775729673215828,-0.2
PPO,line,2466,49.32,5.062118188687569,0.231635084108106,0.23166443324526664,-0.2
PPO,line,2467,49.34,5.065158612302187,0.23501647115474084,0.23503948161916846,-0.2
PPO,line,2468,49.36,5.066983061450495,0.23799662307382702,0.2380011279765574,-0.2
PPO,line,2469,49.38,5.068227482849224,0.24091845827996772,0.24091855866450718,-0.2
PPO,line,2470,49.4,5.069536120183989,0.24410784916944264,0.24411027694644608,-0.2
PPO,line,2471,49.42,5.071384474456664,0.24778297970339708,0.24780038612659475,-0.2
PPO,line,2472,49.44,5.07399719167626,0.25198851555987933,0.2520281041971192,-0.2
PPO,line,2473,49.46,5.077405206664809,0.25665645153255245,0.25665863590160476,-0.2
PPO,line,2474,49.480000000000004,5.081392962397986,0.2615205838285292,0.2615369839255369,-0.2
PPO,line,2475,49.5,5.085571212957875,0.26615235805561865,0.2661682614495834,-0.2
PPO,line,2476,49.52,5.089569438359586,0.2704011190433551,0.27040331046506955,-0.2
PPO,line,2477,49.54,5.093361965856406,0.2740792379538509,0.2741226996154153,-0.2
PPO,line,2478,49.56,5.0975761274806395,0.2778777203998929,0.2778792479014393,-0.2
PPO,line,2479,49.58,5.102231488094696,0.2818719565739231,0.28189668781500693,-0.2
PPO,line,2480,49.6,5.10696621914697,0.28568567782203136,0.2856898715869664,-0.2
PPO,line,2481,49.620000000000005,5.111332237333048,0.28923893715793,0.2892526649094741,-0.2
PPO,line,2482,49.64,5.114363151477765,0.2923124350618171,0.29234214491393656,-0.2
PPO,line,2483,49.660000000000004,5.11639005830344,0.2951619171840362,0.29516968085133427,-0.2
PPO,line,2484,49.68,5.118248400201203,0.2981819029487563,0.29818203675556076,-0.2
PPO,line,2485,49.7,5.120510975977557,0.30161568008813155,0.30162217961560095,-0.2
PPO,line,2486,49.72,5.1234716286744915,0.30554827407014484,0.305588217602051,-0.2
PPO,line,2487,49.74,5.127186329628605,0.3099529337305175,0.3099559228806884,-0.2
PPO,line,2488,49.76,5.131482428398386,0.31463481202322213,0.3146484995612175,-0.2
PPO,line,2489,49.78,5.136028941928612,0.31922736101647786,0.31923742877236416,-0.2
PPO,line,2490,49.800000000000004,5.140427995498132,0.32356658208230615,0.32357194949351287,-0.2
PPO,line,2491,49.82,5.144427155241132,0.3273452970860072,0.3273716507077118,-0.2
PPO,line,2492,49.84,5.148736550040579,0.33120915162112613,0.3312091881625119,-0.2
PPO,line,2493,49.86,5.153458237333257,0.33521388675354574,0.33524936633173863,-0.2
PPO,line,2494,49.88,5.158353287716047,0.33904431543853614,0.33904440350838005,-0.2
PPO,line,2495,49.9,5.162804453130039,0.3424200400518228,0.34244588027046613,-0.2
PPO,line,2496,49.92,5.16590793051247,0.3452221994080782,0.34523280798600536,-0.2
PPO,line,2497,49.94,5.167748001337173,0.34767825146627807,0.3476793308714758,-0.2
PPO,line,2498,49.96,5.1692641619237945,0.3502094127980247,0.35021001564552035,-0.2
PPO,line,2499,49.980000000000004,5.171054526131226,0.3530604712959108,0.3530689037791355,-0.2
PPO,line,2500,50.0,5.173557510289141,0.3563598252891507,0.35639410747368244,-0.2
PPO,line,2501,50.02,5.176901684297632,0.36008974265151367,0.3600938953587366,-0.2
PPO,line,2502,50.04,5.181061927001309,0.3641914361934907,0.36419954880690153,-0.2
PPO,line,2503,50.06,5.18573213304336,0.36837067532309065,0.3683822135205826,-0.2
PPO,line,2504,50.08,5.190557782388433,0.37234710683017697,0.3723520057725985,-0.2
PPO,line,2505,50.1,5.195114504097711,0.37589975087900684,0.3759165130198792,-0.2
PPO,line,2506,50.120000000000005,5.199565936062219,0.3789849598591068,0.37898603205558196,-0.2
PPO,line,2507,50.14,5.204422550778658,0.38213325359432726,0.3821569821998235,-0.2
PPO,line,2508,50.160000000000004,5.209666947759919,0.38534980716723205,0.38535106813161446,-0.2
PPO,line,2509,50.18,5.214685733468024,0.3882557486419292,0.38827647787344716,-0.2
PPO,line,2510,50.2,5.219064345277004,0.3910206886118845,0.3910208603849271,-0.2
PPO,line,2511,50.22,5.222099512522034,0.393689925269929,0.3937046211374129,-0.2
PPO,line,2512,50.24,5.224218571421335,0.39636584180923223,0.39639133964378226,-0.2
PPO,line,2513,50.26,5.226301913378424,0.3992701635184624,0.39927745261543374,-0.2
PPO,line,2514,50.28,5.228917143530856,0.4025454678207065,0.402545518814434,-0.2
PPO,line,2515,50.300000000000004,5.2323252211665485,0.4062009872001917,0.40621703452088753,-0.2
PPO,line,2516,50.32,5.2365659839427545,0.41017175524543104,0.41017747017926565,-0.2
PPO,line,2517,50.34,5.241390850934718,0.41423986616708114,0.41424840418009673,-0.2
PPO,line,2518,50.36,5.246435650404605,0.41810556455787373,0.4181119582999759,-0.2
PPO,line,2519,50.38,5.251277311450259,0.42166890425089437,0.42167649053239353,-0.2
PPO,line,2520,50.4,5.255784667743724,0.42472167371368413,0.42473212753943373,-0.2
PPO,line,2521,50.42,5.260662458617493,0.42783435354860644,0.42783856291192,-0.2
PPO,line,2522,50.44,5.2659536455475155,0.43107675739392787,0.43108603132929235,-0.2
PPO,line,2523,50.46,5.271308948941266,0.43410982720606944,0.43411718587851633,-0.2
PPO,line,2524,50.480000000000004,5.276192003861807,0.43685182434868836,0.43685959716509287,-0.2
PPO,line,2525,50.5,5.27964104148134,0.43928619729055723,0.4392870062437168,-0.2
PPO,line,2526,50.52,5.282029108142483,0.44161608753511444,0.44162790769065646,-0.2
PPO,line,2527,50.54,5.284251423936651,0.4441070356467172,0.44413047915966375,-0.2
PPO,line,2528,50.56,5.286921465447229,0.4469023212272755,0.44690633137369606,-0.2
PPO,line,2529,50.58,5.290384871801342,0.4500392588693636,0.450041998030137,-0.2
PPO,line,2530,50.6,5.294704346310917,0.45348732976849976,0.45350610879481046,-0.2
PPO,line,2531,50.620000000000005,5.299728217559281,0.45713971446808527,0.4571405941845999,-0.2
PPO,line,2532,50.64,5.305068019939151,0.4606911035295656,0.4607066113334627,-0.2
PPO,line,2533,50.660000000000004,5.310305071702671,0.464065352490277,0.4640676396888254,-0.2
PPO,line,2534,50.68,5.315078667994931,0.46698304601238344,0.4669983938584943,-0.2
PPO,line,2535,50.7,5.320074111623901,0.469869302530169,0.4698708588071471,-0.2
PPO,line,2536,50.72,5.325417244691168,0.4727947315334299,0.472807422759656,-0.2
PPO,line,2537,50.74,5.330880076234699,0.4755603347086219,0.4755645343994805,-0.2
PPO,line,2538,50.76,5.335775205544837,0.4780131308097566,0.4780233321644429,-0.2
PPO,line,2539,50.78,5.339495157607977,0.48031464229841736,0.48031501330699106,-0.2
PPO,line,2540,50.800000000000004,5.3418564057793505,0.4826072609736599,0.48261632747064664,-0.2
PPO,line,2541,50.82,5.343728942459388,0.4850470938426314,0.48507114907971255,-0.2
PPO,line,2542,50.84,5.345805741347063,0.4877094129532689,0.487719323064184,-0.2
PPO,line,2543,50.86,5.348571328814326,0.49061921893909455,0.49061933920787826,-0.2
PPO,line,2544,50.88,5.352240387490653,0.4937341424605533,0.4937453418281606,-0.2
PPO,line,2545,50.9,5.356828096569122,0.49696858524510473,0.4969730367411725,-0.2
PPO,line,2546,50.92,5.362059836272271,0.5001396310010787,0.5001494143320641,-0.2
PPO,line,2547,50.94,5.3675222291024145,0.5029965868536481,0.5029986082621776,-0.2
PPO,line,2548,50.96,5.372832444091471,0.5055295289961971,0.5055444507395495,-0.2
PPO,line,2549,50.980000000000004,5.3779007462259525,0.5075911596567152,0.5075922752302066,-0.2
PPO,line,2550,51.0,5.383314214022183,0.5096415712219501,0.5096601291924331,-0.2
PPO,line,2551,51.02,5.3890658520149195,0.5117560250396329,0.5117560319690355,-0.2
PPO,line,2552,51.04,5.394743716708204,0.5137074971988899,0.5137251156185554,-0.2
PPO,line,2553,51.06,5.399927359011468,0.5156405463203404,0.5156413832339484,-0.2
PPO,line,2554,51.08,5.403684897398325,0.5176588731220415,0.5176800873423635,-0.2
PPO,line,2555,51.1,5.406436663212017,0.5198499838050418,0.5198563778697219,-0.2
PPO,line,2556,51.120000000000005,5.409102907858834,0.5222435674557533,0.5222435748501857,-0.2
PPO,line,2557,51.14,5.412288230516189,0.524868246390396,0.524878452542117,-0.2
PPO,line,2558,51.160000000000004,5.416295284866076,0.5277000296431165,0.5277071246060924,-0.2
PPO,line,2559,51.18,5.421169867267483,0.5306799569852836,0.5306842643433465,-0.2
PPO,line,2560,51.2,5.426650204192235,0.5336576697657864,0.5336630584088085,-0.2
PPO,line,2561,51.22,5.432381436253951,0.5364201389298727,0.5364304936212458,-0.2
PPO,line,2562,51.24,5.437927137523788,0.5389362976280574,0.5389374990469795,-0.2
PPO,line,2563,51.26,5.443076093411494,0.5410254983292015,0.5410403661855623,-0.2
PPO,line,2564,51.28,5.448545408412005,0.543121682456133,0.543121947331481,-0.2
PPO,line,2565,51.300000000000004,5.454347148634862,0.5452546866673295,0.5452753878992579,-0.2
PPO,line,2566,51.32,5.4601254811177595,0.5471958266422241,0.5471967903689007,-0.2
PPO,line,2567,51.34,5.465341938831438,0.5489697836805109,0.5489827509435977,-0.2
PPO,line,2568,51.36,5.469091084610367,0.5507585298525237,0.5507585303801285,-0.2
PPO,line,2569,51.38,5.471668655889644,0.552678570227933,0.5526844689034569,-0.2
PPO,line,2570,51.4,5.4740381412212775,0.5547706499968906,0.5547924923132426,-0.2
PPO,line,2571,51.42,5.476829795268539,0.5570428244789946,0.5570475813855313,-0.2
PPO,line,2572,51.44,5.480452271607095,0.5594630505446089,0.5594646086586444,-0.2
PPO,line,2573,51.46,5.484996507892837,0.5619676995585763,0.5619830380518456,-0.2
PPO,line,2574,51.480000000000004,5.490374603542655,0.5644921866680973,0.5644935180679074,-0.2
PPO,line,2575,51.5,5.4961803617795795,0.5668346948805053,0.5668425540041517,-0.2
PPO,line,2576,51.52,5.501990826378506,0.5689120774201752,0.5689190940481236,-0.2
PPO,line,2577,51.54,5.507257507643808,0.570418177603901,0.5704214239455976,-0.2
PPO,line,2578,51.56,5.512517580338901,0.5716603813644255,0.5716701128434016,-0.2
PPO,line,2579,51.58,5.518110266021216,0.5728598108310823,0.5728608447751888,-0.2
PPO,line,2580,51.6,5.52393401170033,0.5739440001495255,0.5739635344003201,-0.2
PPO,line,2581,51.620000000000005,5.529305291231972,0.5748851676622825,0.574885174696573,-0.2
PPO,line,2582,51.64,5.534038507952412,0.5760762483202967,0.5760964386674037,-0.2
PPO,line,2583,51.660000000000004,5.537419294919448,0.5776654930510292,0.5776683373314471,-0.2
PPO,line,2584,51.68,5.540070674213065,0.5795589841043274,0.5795595908453854,-0.2
PPO,line,2585,51.7,5.542874555023128,0.5816900968721319,0.581701501302018,-0.2
PPO,line,2586,51.72,5.546362126648807,0.5839883116104929,0.5839954457699119,-0.2
PPO,line,2587,51.74,5.55075429711818,0.5863630834785752,0.5863650163037621,-0.2
PPO,line,2588,51.76,5.556049750615799,0.5887242363121495,0.5887330185194308,-0.2
PPO,line,2589,51.78,5.5618948019585925,0.5909265057073018,0.59093235541736,-0.2
PPO,line,2590,51.800000000000004,5.567884233971562,0.5928251773127142,0.592826825462912,-0.2
PPO,line,2591,51.82,5.573555761361845,0.5943865939896041,0.5944019574165681,-0.2
PPO,line,2592,51.84,5.578905089293019,0.5955115968577988,0.5955117270255565,-0.2
PPO,line,2593,51.86,5.584608431417289,0.5965531148884097,0.5965716852326397,-0.2
PPO,line,2594,51.88,5.590674532750802,0.5975712345936239,0.5975727799301375,-0.2
PPO,line,2595,51.9,5.59655423711374,0.5984208478638694,0.5984272957921198,-0.2
PPO,line,2596,51.92,5.60192724250314,0.5993786175302603,0.5993842351049715,-0.2
PPO,line,2597,51.94,5.605875114455282,0.6006833962905694,0.6006934408401775,-0.2
PPO,line,2598,51.96,5.608934517130579,0.6023165529899334,0.6023166955440898,-0.2
PPO,line,2599,51.980000000000004,5.61203473516878,0.6041581010417187,0.6041640709981659,-0.2
PPO,line,2600,52.0,5.615735743835822,0.6061052579974564,0.6061161272361975,-0.2
PPO,line,2601,52.02,5.620305051222839,0.6080678300208583,0.6080685557215649,-0.2
PPO,line,2602,52.04,5.625752871062208,0.609982955956282,0.609993753524944,-0.2
PPO,line,2603,52.06,5.6317301922690515,0.6117465259841287,0.6117510315755313,-0.2
PPO,line,2604,52.08,5.6378419959363875,0.6132428532419038,0.6132448298263317,-0.2
PPO,line,2605,52.1,5.643570667997318,0.6144354107179124,0.6144495721960415,-0.2
PPO,line,2606,52.120000000000005,5.648906415131349,0.6152517503684526,0.6152519611469843,-0.2
PPO,line,2607,52.14,5.6545875305967686,0.6160094607818998,0.6160285126594384,-0.2
PPO,line,2608,52.160000000000004,5.660640200386417,0.616725334217097,0.616726516924327,-0.2
PPO,line,2609,52.18,5.666549892603597,0.6172798627607491,0.6172866710596813,-0.2
PPO,line,2610,52.2,5.67195695175711,0.6179370613981338,0.6179421504162567,-0.2
PPO,line,2611,52.22,5.675943026667479,0.6190101849155895,0.6190202087122537,-0.2
PPO,line,2612,52.24,5.6790377608657785,0.6204817257072522,0.6204818733322163,-0.2
PPO,line,2613,52.26,5.682156383233703,0.6221567336993814,0.6221625516319573,-0.2
PPO,line,2614,52.28,5.685866487699451,0.6238964895957123,0.6239069682761407,-0.2
PPO,line,2615,52.300000000000004,5.690442751074483,0.6255849300344831,0.6255856670548681,-0.2
PPO,line,2616,52.32,5.6959023604785175,0.6271554279390049,0.6271657418881421,-0.2
PPO,line,2617,52.34,5.701917750455346,0.6285369271728453,0.6285415804655687,-0.2
PPO,line,2618,52.36,5.708098413658963,0.629631050641174,0.6296326461397754,-0.2
PPO,line,2619,52.38,5.713980631508142,0.6304542702096467,0.6304700793949584,-0.2
PPO,line,2620,52.4,5.719442994524796,0.6309074374271578,0.6309074437838317,-0.2
PPO,line,2621,52.42,5.725222190284017,0.6312743766054576,0.6312892063021187,-0.2
PPO,line,2622,52.44,5.7313632146767075,0.6315905950148557,0.6315931999187533,-0.2
PPO,line,2623,52.46,5.737365189540659,0.6317530345391918,0.6317568677634751,-0.2
PPO,line,2624,52.480000000000004,5.742857439802236,0.6320361892803191,0.6320447598941193,-0.2
PPO,line,2625,52.5,5.746937856428699,0.6328081897417746,0.6328137165646704,-0.2
PPO,line,2626,52.52,5.750114564367898,0.634030141933428,0.634030365066273,-0.2
PPO,line,2627,52.54,5.753285999057892,0.6354639674690877,0.6354747586149131,-0.2
PPO,line,2628,52.56,5.757014668905157,0.6369339381510558,0.6369391823816981,-0.2
PPO,line,2629,52.58,5.761599663152273,0.6383063400839303,0.6383094744049936,-0.2
PPO,line,2630,52.6,5.767064802155772,0.6395082134189766,0.6395133022674848,-0.2
PPO,line,2631,52.620000000000005,5.773111096929131,0.6404904240533482,0.6404999600467327,-0.2
PPO,line,2632,52.64,5.779360435415364,0.6411712172003041,0.6411712750160203,-0.2
PPO,line,2633,52.660000000000004,5.7853851516923065,0.6416091215408887,0.641623291964948,-0.2
PPO,line,2634,52.68,5.790910255791793,0.6417196386734592,0.6417208773111174,-0.2
PPO,line,2635,52.7,5.796736703590366,0.641742271002841,0.6417489570033382,-0.2
PPO,line,2636,52.72,5.8028778719821,0.6417083818536877,0.6417164192656507,-0.2
PPO,line,2637,52.74,5.80889097362466,0.6415305320181793,0.6415310206903012,-0.2
PPO,line,2638,52.76,5.814329784093939,0.6414693299282693,0.6414861617029224,-0.2
PPO,line,2639,52.78,5.818412282413569,0.6419508158920432,0.6419521064311774,-0.2
PPO,line,2640,52.800000000000004,5.821480536644252,0.6429486343564564,0.6429511011852564,-0.2
PPO,line,2641,52.82,5.824427648107932,0.6441968291619156,0.6442141802961886,-0.2
PPO,line,2642,52.84,5.82780451919385,0.6454866947164474,0.645489525519364,-0.2
PPO,line,2643,52.86,5.832000940908933,0.646647534580487,0.6466515708239109,-0.2
PPO,line,2644,52.88,5.837093650692819,0.6475747395556518,0.6475801177344077,-0.2
PPO,line,2645,52.9,5.842958476739517,0.6482171691222084,0.648225194486128,-0.2
PPO,line,2646,52.92,5.849178185224087,0.6485182082547354,0.6485184599785395,-0.2
PPO,line,2647,52.94,5.855349677057096,0.6485353917521703,0.6485504303532087,-0.2
PPO,line,2648,52.96,5.860810822142782,0.6481662399822848,0.6481670816441233,-0.2
PPO,line,2649,52.980000000000004,5.866248713824594,0.6475783288910608,0.6475879731955334,-0.2
PPO,line,2650,53.0,5.871971560175362,0.646861737766193,0.6468654401850253,-0.2
PPO,line,2651,53.02,5.877774523651952,0.6460008416942159,0.6460040159872162,-0.2
PPO,line,2652,53.04,5.8830880907142795,0.6451832377591715,0.64519161806535,-0.2
PPO,line,2653,53.06,5.887988060212757,0.6448410425705752,0.6448436344307169,-0.2
PPO,line,2654,53.08,5.891748541821997,0.6453100752327869,0.6453129678855183,-0.2
PPO,line,2655,53.1,5.8949075558052995,0.6462655468224144,0.646284316344514,-0.2
PPO,line,2656,53.120000000000005,5.898283406064141,0.6473685631820167,0.6473704179281424,-0.2
PPO,line,2657,53.14,5.902354644560979,0.6483809438261869,0.648385847108331,-0.2
PPO,line,2658,53.160000000000004,5.9073023230648545,0.6491423098452124,0.6491473082537131,-0.2
PPO,line,2659,53.18,5.913088238162364,0.6495674734948149,0.6495755463614052,-0.2
PPO,line,2660,53.2,5.919346351482609,0.649633596424066,0.649633804615469,-0.2
PPO,line,2661,53.22,5.9256380212677495,0.6493623692253777,0.6493762450127484,-0.2
PPO,line,2662,53.24,5.931347937721175,0.648776024584847,0.6487776781862089,-0.2
PPO,line,2663,53.26,5.936632469105724,0.6478586680957721,0.6478669072379029,-0.2
PPO,line,2664,53.28,5.942243714315846,0.6467687662412789,0.6467730133243274,-0.2
PPO,line,2665,53.300000000000004,5.948147007001744,0.6455411240805339,0.6455435493304194,-0.2
PPO,line,2666,53.32,5.953776463197725,0.6442608560146381,0.6442724188539739,-0.2
PPO,line,2667,53.34,5.959020815936203,0.643354645926181,0.6433552929134057,-0.2
PPO,line,2668,53.36,5.963090142385772,0.6433018960524542,0.6433096420937376,-0.2
PPO,line,2669,53.38,5.9664646646909665,0.6438737133995822,0.6438831460655976,-0.2
PPO,line,2670,53.4,5.969983107128893,0.6446408763962929,0.6446408772507345,-0.2
PPO,line,2671,53.42,5.974123340288055,0.6453136823405138,0.6453271775477601,-0.2
PPO,line,2672,53.44,5.979090373260043,0.6457085893711421,0.6457091839057884,-0.2
PPO,line,2673,53.46,5.984854584633854,0.6457519258145547,0.6457704251351805,-0.2
PPO,line,2674,53.480000000000004,5.991063842777344,0.6454531549907652,0.6454540594405775,-0.2
PPO,line,2675,53.5,5.997299355282377,0.6448560210630451,0.6448616761625343,-0.2
PPO,line,2676,53.52,6.0028836463331,0.6440462707354014,0.6440527263076777,-0.2
PPO,line,2677,53.54,6.0080352939157935,0.6429705658172412,0.6430207729581188,-0.2
PPO,line,2678,53.56,6.013494796028251,0.6417079894065586,0.6418498681062823,-0.2
PPO,line,2679,53.58,6.01924651458735,0.6402689768376639,0.6405581870716431,-0.2
PPO,line,2680,53.6,6.024768139260877,0.6387461222564105,0.6392261488863292,-0.2
PPO,line,2681,53.620000000000005,6.029908622565166,0.6375288302215953,0.6382300016980252,-0.2
PPO,line,2682,53.64,6.033876169911094,0.6371887297815372,0.6380886084615945,-0.2
PPO,line,2683,53.660000000000004,6.03716903218274,0.6375065704520311,0.6385891984076398,-0.2
PPO,line,2684,53.68,6.04059201017473,0.6380165305175058,0.6393065027853391,-0.2
PPO,line,2685,53.7,6.044619920155093,0.638400101771573,0.6399575198531553,-0.2
PPO,line,2686,53.72,6.049472549981451,0.6384535004354017,0.6403673987797042,-0.2
PPO,line,2687,53.74,6.055135793064867,0.6381097603935943,0.640487331636202,-0.2
PPO,line,2688,53.76,6.061271867215825,0.637406842629355,0.6403450044646534,-0.2
PPO,line,2689,53.78,6.067475973664651,0.6363919354100008,0.6399591412558143,-0.2
PPO,line,2690,53.800000000000004,6.073178197277579,0.6352018389360907,0.63940317855371,-0.2
PPO,line,2691,53.82,6.078358445480619,0.633805936989485,0.6386313582507972,-0.2
PPO,line,2692,53.84,6.0838076508825925,0.6322437001160129,0.6377741125844207,-0.2
PPO,line,2693,53.86,6.0895595359016195,0.6305257662461641,0.6368544985875705,-0.2
PPO,line,2694,53.88,6.095100502148596,0.6287290403584949,0.635880737008937,-0.2
PPO,line,2695,53.9,6.100229629626698,0.6272328019847805,0.6351904962613845,-0.2
PPO,line,2696,53.92,6.104187510385716,0.6266633260328346,0.6352652686200533,-0.2
PPO,line,2697,53.94,6.1074470500262095,0.6268057668763624,0.635948376795475,-0.2
PPO,line,2698,53.96,6.110794318189324,0.6271466438893543,0.636858142669714,-0.2
PPO,line,2699,53.980000000000004,6.11468436230675,0.6273401581955208,0.6377367615580014,-0.2
PPO,line,2700,54.0,6.11936770063593,0.6271528383897493,0.6384115683909778,-0.2
PPO,line,2701,54.02,6.124844982998732,0.6265009630188191,0.638819009143796,-0.2
PPO,line,2702,54.04,6.130821243831632,0.6254337932272139,0.6389691913920708,-0.2
PPO,line,2703,54.06,6.136921321868514,0.6240011378963353,0.6388465140220635,-0.2
PPO,line,2704,54.08,6.142723745260342,0.6223855615686572,0.6385404096142011,-0.2
PPO,line,2705,54.1,6.1479447801253935,0.6206152399448144,0.6380054341603295,-0.2
PPO,line,2706,54.120000000000005,6.153394283020175,0.618672611642939,0.6374053705926616,-0.2
PPO,line,2707,54.14,6.159091658686586,0.6165840004514861,0.6367778148431424,-0.2
PPO,line,2708,54.160000000000004,6.164587865307828,0.6144317256129612,0.6360939481289765,-0.2
PPO,line,2709,54.18,6.16959331376288,0.6125902089988928,0.6356324851943784,-0.2
PPO,line,2710,54.2,6.173514949255352,0.6117093124923907,0.6358425281506425,-0.2
PPO,line,2711,54.22,6.176519856597703,0.6117913742021014,0.6367479448897886,-0.2
PPO,line,2712,54.24,6.179504573303193,0.6122010834706303,0.637974966937869,-0.2
PPO,line,2713,54.26,6.1828760196326,0.6125517662445336,0.6392677880872465,-0.2
PPO,line,2714,54.28,6.186963310500478,0.6125327710191687,0.640430851103942,-0.2
PPO,line,2715,54.300000000000004,6.191851464431236,0.611979925346556,0.641347342265941,-0.2
PPO,line,2716,54.32,6.197429945330099,0.6108334000494007,0.6419470585094671,-0.2
PPO,line,2717,54.34,6.2033334578658375,0.6091692682470253,0.6422084493871866,-0.2
PPO,line,2718,54.36,6.209180438987239,0.6071140130380316,0.642140078862889,-0.2
PPO,line,2719,54.38,6.214309142399739,0.604836700457005,0.6416820417744512,-0.2
PPO,line,2720,54.4,6.219040148496525,0.6022631756968995,0.6408584238768296,-0.2
PPO,line,2721,54.42,6.2240039464581045,0.5994259877219251,0.6399134963299422,-0.2
PPO,line,2722,54.44,6.229095860697138,0.5964007261091843,0.6388886753512888,-0.2
PPO,line,2723,54.46,6.233845316521486,0.5934641540008854,0.6378740738915641,-0.2
PPO,line,2724,54.480000000000004,6.2383993437103635,0.5910562196132129,0.6373238594505893,-0.2
PPO,line,2725,54.5,6.242125525822011,0.5898598013471178,0.6376200714374092,-0.2
PPO,line,2726,54.52,6.245403077707229,0.5894914332487953,0.6385317693129285,-0.2
PPO,line,2727,54.54,6.24891248862286,0.5892946703597954,0.6397074608810541,-0.2
PPO,line,2728,54.56,6.253041068489426,0.5888603925522332,0.6409261613158264,-0.2
PPO,line,2729,54.58,6.2579364452044945,0.5879553953480009,0.6420457590262202,-0.2
PPO,line,2730,54.6,6.263530466420385,0.5865063532082131,0.6429914533532642,-0.2
PPO,line,2731,54.620000000000005,6.2694900775308975,0.5846015288081363,0.6437265330654154,-0.2
PPO,line,2732,54.64,6.275404272525654,0.5823944136573713,0.6442288152393509,-0.2
PPO,line,2733,54.660000000000004,6.280540533325902,0.5801587730927881,0.6444278026554338,-0.2
PPO,line,2734,54.68,6.285227390430296,0.5777534161881773,0.6443241995833975,-0.2
PPO,line,2735,54.7,6.290158781159771,0.5750820571105472,0.6441362361291455,-0.2
PPO,line,2736,54.72,6.295277414663543,0.5721759490360163,0.6438742643293424,-0.2
PPO,line,2737,54.74,6.300111911242415,0.5692780072107464,0.6435406815139303,-0.2
PPO,line,2738,54.76,6.304680978947444,0.5667873351780256,0.6434892246577099,-0.2
PPO,line,2739,54.78,6.3083468328210985,0.5654561670291395,0.6440640077989831,-0.2
PPO,line,2740,54.800000000000004,6.3115325499480095,0.5649294018361901,0.6451339076006659,-0.2
PPO,line,2741,54.82,6.314902794479703,0.5645439543430489,0.6464314707348435,-0.2
PPO,line,2742,54.84,6.31882577992834,0.5638720042984693,0.6477665591696498,-0.2
PPO,line,2743,54.86,6.323467699288896,0.562651639766423,0.6490055625455735,-0.2
PPO,line,2744,54.88,6.328795759278042,0.5608191839711325,0.6500959993949131,-0.2
PPO,line,2745,54.9,6.334501105823261,0.5584948093939548,0.651004947690088,-0.2
PPO,line,2746,54.92,6.340218104846143,0.555824655670461,0.6516819828077859,-0.2
PPO,line,2747,54.94,6.345377309734528,0.5531246982888771,0.652098472576513,-0.2
PPO,line,2748,54.96,6.349991605523202,0.5503616677325595,0.6522208899184947,-0.2
PPO,line,2749,54.980000000000004,6.354799109005375,0.5473758418820223,0.6523056952281352,-0.2
PPO,line,2750,55.0,6.3598196610345745,0.5441725863826411,0.6523756527012708,-0.2
PPO,line,2751,55.02,6.36459175394911,0.540970023810556,0.6523616433461443,-0.2
PPO,line,2752,55.04,6.369041295960961,0.538188726199028,0.6525630874729874,-0.2
PPO,line,2753,55.06,6.372629495558108,0.5366035867730475,0.6532963724815788,-0.2
PPO,line,2754,55.08,6.375716789689619,0.5359222887010215,0.6545042441277327,-0.2
PPO,line,2755,55.1,6.3789286682577275,0.5354444973072174,0.6559632194903565,-0.2
PPO,line,2756,55.120000000000005,6.3826007480626705,0.5347209842557163,0.6575027478433205,-0.2
PPO,line,2757,55.14,6.386945278247851,0.5334334008948723,0.6589976035985083,-0.2
PPO,line,2758,55.160000000000004,6.391952049203489,0.5314703048204776,0.6603689073395157,-0.2
PPO,line,2759,55.18,6.397376310496093,0.5289290281318064,0.6615692321623979,-0.2
PPO,line,2760,55.2,6.402898626708287,0.5259354912360177,0.6625220331016127,-0.2
PPO,line,2761,55.22,6.408163322279787,0.5227684420499179,0.6632376208100469,-0.2
PPO,line,2762,55.24,6.412734685414062,0.5196492700922497,0.6636153136051431,-0.2
PPO,line,2763,55.26,6.417464023218874,0.5163149719396344,0.6639709036781009,-0.2
PPO,line,2764,55.28,6.4223835066812205,0.5127642121834742,0.6643304629568507,-0.2
PPO,line,2765,55.300000000000004,6.427099353600488,0.5091823118666303,0.6645904637924026,-0.2
PPO,line,2766,55.32,6.431311565180815,0.5060908023610796,0.664949296182202,-0.2
PPO,line,2767,55.34,6.43506275395641,0.503971492278434,0.6657828962278072,-0.2
PPO,line,2768,55.36,6.438188719088188,0.5030889486969844,0.6671640306829979,-0.2
PPO,line,2769,55.38,6.4412307302693765,0.5026849759882939,0.6688622746263978,-0.2
PPO,line,2770,55.4,6.444587228719288,0.5021680468078157,0.670694081660986,-0.2
PPO,line,2771,55.42,6.448492292565728,0.5011447578201406,0.6725261368760844,-0.2
PPO,line,2772,55.44,6.453014443093343,0.4993953498640196,0.6742535139819281,-0.2
PPO,line,2773,55.46,6.458038661002641,0.4968765038878756,0.6757852285222951,-0.2
PPO,line,2774,55.480000000000004,6.463248288371213,0.49375452338598785,0.6770469009182324,-0.2
PPO,line,2775,55.5,6.468313671519413,0.49024947593655316,0.677983955258572,-0.2
PPO,line,2776,55.52,6.472592478299114,0.48671054392347524,0.6784031280228471,-0.2
PPO,line,2777,55.54,6.476414054958532,0.4829427347728682,0.6783833995845772,-0.2
PPO,line,2778,55.56,6.480359693954547,0.4788252152155264,0.6782470215948622,-0.2
PPO,line,2779,55.58,6.484327367219025,0.47449360761749215,0.6780244702864162,-0.2
PPO,line,2780,55.6,6.487951212342892,0.47037908390284233,0.6777557585149503,-0.2
PPO,line,2781,55.620000000000005,6.491563616351189,0.4668613410463157,0.6779338468345,-0.2
PPO,line,2782,55.64,6.494767355951188,0.46472082686318833,0.6787931816358611,-0.2
PPO,line,2783,55.660000000000004,6.497785717550505,0.46349625529220145,0.6801613038589923,-0.2
PPO,line,2784,55.68,6.501079632316101,0.4623754530389053,0.6818151197318607,-0.2
PPO,line,2785,55.7,6.504910851526261,0.46086208411747837,0.6836145321495729,-0.2
PPO,line,2786,55.72,6.509368994393031,0.4586831266018528,0.6854538518953842,-0.2
PPO,line,2787,55.74,6.514351273775847,0.45579571782193046,0.6872459306679415,-0.2
PPO,line,2788,55.76,6.5195679341816355,0.45236429352524987,0.6889007855173129,-0.2
PPO,line,2789,55.78,6.524650715866679,0.44866577376402583,0.6903327822193371,-0.2
PPO,line,2790,55.800000000000004,6.528920502718234,0.4451787562403806,0.691332787594688,-0.2
PPO,line,2791,55.82,6.5327975934342515,0.44158213402784624,0.692002931107894,-0.2
PPO,line,2792,55.84,6.53683384148305,0.4376406378129514,0.6926181496515779,-0.2
PPO,line,2793,55.86,6.5409179660709516,0.4334508666653228,0.693160803732622,-0.2
PPO,line,2794,55.88,6.544672607280177,0.4294219271404181,0.6935931376753782,-0.2
PPO,line,2795,55.9,6.548359668572441,0.4258846216559723,0.6943169572176151,-0.2
PPO,line,2796,55.92,6.551553407640506,0.4237096062219069,0.6955149113315818,-0.2
PPO,line,2797,55.94,6.5545199325361345,0.422389424810783,0.6970689935521901,-0.2
PPO,line,2798,55.96,6.557725757674251,0.4211022917506195,0.6988455915944102,-0.2
PPO,line,2799,55.980000000000004,6.561402555714503,0.41934550657651337,0.7007306782556963,-0.2
PPO,line,2800,56.0,6.56562553110674,0.41684131633089594,0.7026300053657369,-0.2
PPO,line,2801,56.02,6.570319593384686,0.413565071965009,0.7044859880422722,-0.2
PPO,line,2802,56.04,6.575206912695696,0.4097133051938361,0.7062067578731961,-0.2
PPO,line,2803,56.06,6.579967385078972,0.4055715828775403,0.7077079034411968,-0.2
PPO,line,2804,56.08,6.5839661457169845,0.40168327422778766,0.7087777593420285,-0.2
PPO,line,2805,56.1,6.587540201120715,0.39774578711867953,0.7095105348785377,-0.2
PPO,line,2806,56.120000000000005,6.591255461509596,0.39347153232414106,0.7102132549554628,-0.2
PPO,line,2807,56.14,6.595027259749461,0.3889713750710733,0.7108840766746954,-0.2
PPO,line,2808,56.160000000000004,6.598506390620299,0.38468635887494884,0.7114727642839213,-0.2
PPO,line,2809,56.18,6.601970300619202,0.38094142625013244,0.712379542842899,-0.2
PPO,line,2810,56.2,6.605067939617919,0.3785800457934013,0.7137436953321599,-0.2
PPO,line,2811,56.22,6.608002449194192,0.3771018525402421,0.7154528533840777,-0.2
PPO,line,2812,56.24,6.611167489989586,0.37564312401595124,0.7173795769609236,-0.2
PPO,line,2813,56.26,6.614760716800856,0.3736855004658039,0.7194244867808443,-0.2
PPO,line,2814,56.28,6.6188326774657495,0.3709498637177828,0.7214968358154249,-0.2
PPO,line,2815,56.300000000000004,6.623293915191881,0.36742443350963955,0.7235302475053155,-0.2
PPO,line,2816,56.32,6.627888620751555,0.3633139833939183,0.7254248207766577,-0.2
PPO,line,2817,56.34,6.632317055525058,0.35894035434249905,0.727092178945282,-0.2
PPO,line,2818,56.36,6.635962087762959,0.35486318416131735,0.7282689452015171,-0.2
PPO,line,2819,56.38,6.639216217958956,0.3506888387852243,0.7290953538120241,-0.2
PPO,line,2820,56.4,6.642590179104062,0.3461372580310694,0.7298857031606093,-0.2
PPO,line,2821,56.42,6.645966820380088,0.34137534794577973,0.7306232005740462,-0.2
PPO,line,2822,56.44,6.649042919568427,0.33691996727991447,0.7312809144192173,-0.2
PPO,line,2823,56.46,6.652162921762489,0.33302733312731925,0.7322729553463524,-0.2
PPO,line,2824,56.480000000000004,6.655039475977411,0.33052767263494953,0.7337065199834586,-0.2
PPO,line,2825,56.5,6.657813652347337,0.32888464534203776,0.7354481022861512,-0.2
PPO,line,2826,56.52,6.660835374495229,0.3272278538904447,0.7374153921271211,-0.2
PPO,line,2827,56.54,6.664273910609225,0.32502780114718094,0.7395288363780307,-0.2
PPO,line,2828,56.56,6.668161654772267,0.3220087044114638,0.7417072216344962,-0.2
PPO,line,2829,56.58,6.672395754531502,0.3181790296386425,0.7438776415606104,-0.2
PPO,line,2830,56.6,6.676731063454524,0.3137559383447799,0.7459274234742304,-0.2
PPO,line,2831,56.620000000000005,6.680879027603929,0.30909585928097033,0.7477543048726053,-0.2
PPO,line,2832,56.64,6.684251502448233,0.30480603507480475,0.7490706492852909,-0.2
PPO,line,2833,56.660000000000004,6.6872752192752785,0.30043080771455677,0.7500705948468471,-0.2
PPO,line,2834,56.68,6.6903951668172414,0.2956698317991467,0.7510433647937663,-0.2
PPO,line,2835,56.7,6.693484455633747,0.2907124319976935,0.7519537275149638,-0.2
PPO,line,2836,56.72,6.696283535586026,0.2860999822237115,0.752770856075463,-0.2
PPO,line,2837,56.74,6.6991572440285365,0.28205703236479973,0.7539078334810007,-0.2
PPO,line,2838,56.76,6.701891248830807,0.27939714600019155,0.7554562134090385,-0.2
PPO,line,2839,56.78,6.704576962257318,0.27757684319709297,0.7572830379871276,-0.2
PPO,line,2840,56.800000000000004,6.707499315096675,0.275713620287647,0.7593242267137178,-0.2
PPO,line,2841,56.82,6.710797160346189,0.27326727745024737,0.7615166499041742,-0.2
PPO,line,2842,56.84,6.714484223045615,0.26996486709351336,0.7637857909426667,-0.2
PPO,line,2843,56.86,6.718453422907126,0.26583631345896236,0.766057613003368,-0.2
PPO,line,2844,56.88,6.722475647928286,0.2611083000547885,0.7682113030975908,-0.2
PPO,line,2845,56.9,6.726290856234081,0.2561671193176627,0.7701428444572758,-0.2
PPO,line,2846,56.92,6.729352921030748,0.2516300000049169,0.7715395908950876,-0.2
PPO,line,2847,56.94,6.732094393848277,0.24699931008228385,0.7726388941059076,-0.2
PPO,line,2848,56.96,6.73489724852401,0.24199697273107634,0.7737160336319562,-0.2
PPO,line,2849,56.980000000000004,6.737633445923878,0.2368358522899236,0.7747220930601044,-0.2
PPO,line,2850,57.0,6.740098199983989,0.23210184118987767,0.775639484750017,-0.2
PPO,line,2851,57.02,6.742687086641331,0.2279410195312735,0.7768791521522146,-0.2
PPO,line,2852,57.04,6.745247781510242,0.22515257511909384,0.7785164981737361,-0.2
PPO,line,2853,57.06,6.747817541396455,0.22317597358456953,0.7804092454639805,-0.2
PPO,line,2854,57.08,6.7506149695228235,0.2211273086201662,0.7825088619877396,-0.2
PPO,line,2855,57.1,6.7537481173890574,0.21845902329068057,0.7847678442218861,-0.2
PPO,line,2856,57.120000000000005,6.757213274835384,0.21490030342182279,0.787117579525269,-0.2
PPO,line,2857,57.14,6.7608996087544275,0.21050051556471944,0.7894800071285235,-0.2
PPO,line,2858,57.160000000000004,6.7645935546441995,0.20549443092553468,0.7917267615439444,-0.2
PPO,line,2859,57.18,6.76804999130135,0.20030101882225074,0.793738802931566,-0.2
PPO,line,2860,57.2,6.770756990207119,0.19556279404527366,0.7951799446464503,-0.2
PPO,line,2861,57.22,6.773212485812978,0.19072215685462804,0.7963871478950213,-0.2
PPO,line,2862,57.24,6.775692329883708,0.1855347172309317,0.797572392913883,-0.2
PPO,line,2863,57.26,6.778082372093768,0.18022124500332948,0.7986813350226826,-0.2
PPO,line,2864,57.28,6.780234814754891,0.17538361631622493,0.7997035569683032,-0.2
PPO,line,2865,57.300000000000004,6.782558848327136,0.17113367525272186,0.8010524863581651,-0.2
PPO,line,2866,57.32,6.784961143403723,0.1682285987918014,0.8027856862856566,-0.2
PPO,line,2867,57.34,6.787418487274032,0.1661125866392558,0.8047491941846912,-0.2
PPO,line,2868,57.36,6.790090401147816,0.16389709049193502,0.8069108366217657,-0.2
PPO,line,2869,57.38,6.793048877369374,0.1610314171143961,0.8092327472332638,-0.2
PPO,line,2870,57.4,6.796271948552808,0.15724756872593465,0.8116500563187949,-0.2
PPO,line,2871,57.42,6.799645781339509,0.15261692238529853,0.8140794191062893,-0.2
PPO,line,2872,57.44,6.80297775928848,0.14737616550435603,0.8163902351637458,-0.2
PPO,line,2873,57.46,6.8060516834795965,0.14197000439546778,0.8184587946795738,-0.2
PPO,line,2874,57.480000000000004,6.808405871380086,0.1370618541149149,0.8199426838110175,-0.2
PPO,line,2875,57.5,6.8105307804304305,0.13204619308047327,0.8212163802142577,-0.2
PPO,line,2876,57.52,6.812639034747501,0.12669226949316487,0.8224555501330625,-0.2
PPO,line,2877,57.54,6.814633387192525,0.12123148114271365,0.8236046548853535,-0.2
PPO,line,2878,57.56,6.816419991762889,0.11629520878345755,0.82466125077883,-0.2
PPO,line,2879,57.58,6.818415455331745,0.11191604322438478,0.8260321169645096,-0.2
PPO,line,2880,57.6,6.82058742327474,0.1088585579549696,0.827776482437568,-0.2
PPO,line,2881,57.620000000000005,6.822875171396658,0.1065706236116317,0.8297474588801406,-0.2
PPO,line,2882,57.64,6.825365449362105,0.10417194992120887,0.8319134090463364,-0.2
PPO,line,2883,57.660000000000004,6.828098340803711,0.10110328871507078,0.8342474075661623,-0.2
PPO,line,2884,57.68,6.831039329154373,0.09709221981454177,0.8366918583026042,-0.2
PPO,line,2885,57.7,6.834081465460852,0.09222057268039918,0.8391641824165423,-0.2
PPO,line,2886,57.72,6.8370474879374825,0.08673582295237126,0.8415293221544184,-0.2
PPO,line,2887,57.74,6.839744884392256,0.0811066915526351,0.8436526336577025,-0.2
PPO,line,2888,57.76,6.84175235067695,0.07602929587013284,0.8451789595705039,-0.2
PPO,line,2889,57.78,6.843502091679124,0.0708648242030285,0.8464736274547383,-0.2
PPO,line,2890,57.800000000000004,6.845223818893189,0.06535918244749774,0.8477470889095351,-0.2
PPO,line,2891,57.82,6.846833077725285,0.059759461661684596,0.8489390171194706,-0.2
PPO,line,2892,57.84,6.8482737629058015,0.054708139538114355,0.8500360918020421,-0.2
PPO,line,2893,57.86,6.849960441061754,0.050210427455678636,0.8514422108371024,-0.2
PPO,line,2894,57.88,6.8519202801678105,0.0470143373596547,0.8532165678645535,-0.2
PPO,line,2895,57.9,6.854049796123914,0.04457771382170478,0.8552123869711367,-0.2
PPO,line,2896,57.92,6.856371720725197,0.04201765261662149,0.8574018936235481,-0.2
PPO,line,2897,57.94,6.858888301741582,0.038772078724548055,0.8597629841748026,-0.2
PPO,line,2898,57.96,6.861546773464782,0.034570091651526094,0.8622400675591287,-0.2
PPO,line,2899,57.980000000000004,6.864242063612108,0.029510642834537363,0.8647457560214004,-0.2
PPO,line,2900,58.0,6.866817927567868,0.02384118914205804,0.8671457327651223,-0.2
PPO,line,2901,58.02,6.869113284340364,0.01805489186354999,0.869300799572334,-0.2
PPO,line,2902,58.04,6.870763717034639,0.01286009147484708,0.8708586755936477,-0.2
PPO,line,2903,58.06,6.872176517285904,0.00758321709033507,0.8722094831440487,-0.2
PPO,line,2904,58.08,6.8735278325178095,0.0019833337503054912,0.8735300840818405,-0.2
PPO,line,2905,58.1,6.874757427229864,-0.003698544109273699,0.8747652460645305,-0.2
PPO,line,2906,58.120000000000005,6.8758572306212,-0.008813069580765262,0.875901569028663,-0.2
PPO,line,2907,58.14,6.8772398415410185,-0.013387870398469707,0.8773419941281265,-0.2
PPO,line,2908,58.160000000000004,6.878968105109035,-0.0166849425624707,0.879126451147547,-0.2
PPO,line,2909,58.18,6.88089972893313,-0.019253856137720668,0.8811101199116,-0.2
PPO,line,2910,58.2,6.883013438803531,-0.021963926990246383,0.8832865600678359,-0.2
PPO,line,2911,58.22,6.885273007946671,-0.025369372300998033,0.8856364398837102,-0.2
PPO,line,2912,58.24,6.887612665736626,-0.029746794096896213,0.8881109818795858,-0.2
PPO,line,2913,58.26,6.8899350108858135,-0.03498574960862029,0.8906224375547755,-0.2
PPO,line,2914,58.28,6.8921021785513945,-0.04083201762601043,0.8930361418439653,-0.2
PPO,line,2915,58.300000000000004,6.893979585579916,-0.04677085889872706,0.8952022188733465,-0.2
PPO,line,2916,58.32,6.895250911823436,-0.05207058427921953,0.8967639270554282,-0.2
PPO,line,2917,58.34,6.896258533347954,-0.057423436871567084,0.8980962140556924,-0.2
PPO,line,2918,58.36,6.897189611002638,-0.06309766993745436,0.899405644880329,-0.2
PPO,line,2919,58.38,6.8980009239516615,-0.06884842345012243,0.900636311076566,-0.2
PPO,line,2920,58.4,6.898724353796643,-0.07402638797513712,0.9017679137249447,-0.2
PPO,line,2921,58.42,6.899767722985358,-0.07868176963143673,0.9032014040060996,-0.2
PPO,line,2922,58.44,6.901259341444885,-0.08209458945269613,0.9049905646795855,-0.2
PPO,line,2923,58.46,6.903015994589141,-0.08478004798210298,0.9069870688271485,-0.2
PPO,line,2924,58.480000000000004,6.904944609896544,-0.0876145303601629,0.9091760296614957,-0.2
PPO,line,2925,58.5,6.906971626680304,-0.09115438681613935,0.911540813040723,-0.2
PPO,line,2926,58.52,6.909009407683187,-0.0956672291415245,0.914029716140649,-0.2
PPO,line,2927,58.54,6.910966073053338,-0.10103256670727044,0.9165515619918381,-0.2
PPO,line,2928,58.56,6.9127238973903165,-0.10699723709708601,0.9189740592714133,-0.2
PPO,line,2929,58.58,6.914185163444125,-0.1130303459329947,0.9211462273510614,-0.2
PPO,line,2930,58.6,6.91509190348319,-0.11839617065900071,0.9227192666500483,-0.2
PPO,line,2931,58.620000000000005,6.915752244062524,-0.12380416808781337,0.9240831372454887,-0.2
PPO,line,2932,58.64,6.916304447109428,-0.12950965822718355,0.9254115794427019,-0.2
PPO,line,2933,58.660000000000004,6.916728391606324,-0.13528302281794427,0.9266565924008088,-0.2
PPO,line,2934,58.68,6.917101632341112,-0.14047636377437683,0.9277979374960922,-0.2
PPO,line,2935,58.7,6.917826953745891,-0.1451711410522539,0.9292367713434909,-0.2
PPO,line,2936,58.72,6.919076270624895,-0.14866984457741322,0.9310230469287203,-0.2
PPO,line,2937,58.74,6.92062760751408,-0.1514756273260438,0.9330059256997871,-0.2
PPO,line,2938,58.76,6.922336249527835,-0.15444045694115968,0.9351769949764951,-0.2
PPO,line,2939,58.78,6.924091204155607,-0.1581106948714779,0.9375198906852595,-0.2
PPO,line,2940,58.800000000000004,6.925790697025888,-0.162757154510075,0.9399884605908179,-0.2
PPO,line,2941,58.82,6.927353143274923,-0.16824771737046773,0.9424919876276149,-0.2
PPO,line,2942,58.84,6.9286794414759285,-0.1743265349501546,0.9448995956226091,-0.2
PPO,line,2943,58.86,6.929705834560161,-0.1804460503857247,0.9470552866200646,-0.2
PPO,line,2944,58.88,6.930225231205673,-0.18585902670548254,0.9486108572958448,-0.2
PPO,line,2945,58.9,6.93048014215415,-0.191286929207756,0.9499389371054017,-0.2
PPO,line,2946,58.92,6.930615527883464,-0.1970104671259922,0.9512404453633262,-0.2
PPO,line,2947,58.94,6.930625750404942,-0.20279852689183334,0.9524660255496038,-0.2
PPO,line,2948,58.96,6.93062914241462,-0.2080053557249449,0.9535915418677079,-0.2
PPO,line,2949,58.980000000000004,6.931019451460473,-0.21273382867888269,0.9550146076695034,-0.2
PPO,line,2950,59.0,6.932027401245528,-0.21631600754771385,0.9568007586712477,-0.2
PPO,line,2951,59.02,6.933395564360678,-0.21921490805548582,0.9587921857639246,-0.2
PPO,line,2952,59.04,6.9349088342554825,-0.22227908289179296,0.9609695723903864,-0.2
PPO,line,2953,59.06,6.936418986196398,-0.22605280936655084,0.9633173881601017,-0.2
PPO,line,2954,59.08,6.937803045240778,-0.23079437184832982,0.9657849624733974,-0.2
PPO,line,2955,59.1,6.938986626693069,-0.23636321224765452,0.968278603095441,-0.2
PPO,line,2956,59.120000000000005,6.939889421961752,-0.24250479268865277,0.9706702323614144,-0.2
PPO,line,2957,59.14,6.940488160406335,-0.24866242854893697,0.9728057273866898,-0.2
PPO,line,2958,59.160000000000004,6.940628013841269,-0.2540892720090283,0.9743420439317233,-0.2
PPO,line,2959,59.18,6.9405029349686975,-0.2595177345515067,0.9756511801004908,-0.2
PPO,line,2960,59.2,6.940237888305289,-0.26523037773284597,0.9769311336410037,-0.2
PPO,line,2961,59.22,6.939840142554233,-0.27099974250352965,0.9781310515433705,-0.2
PPO,line,2962,59.24,6.939473101391301,-0.2761798057260905,0.9792267323397024,-0.2
PPO,line,2963,59.26,6.939525801269442,-0.28090651327792593,0.9806208239951607,-0.2
PPO,line,2964,59.28,6.940271000098324,-0.2845417616919317,0.9823815795161525,-0.2
PPO,line,2965,59.300000000000004,6.941414762725786,-0.2875306020899495,0.9843452659591837,-0.2
PPO,line,2966,59.32,6.942693488132336,-0.290692723905544,0.9864954497101013,-0.2
PPO,line,2967,59.34,6.943922030084338,-0.29455981184669,0.9888145840518817,-0.2
PPO,line,2968,59.36,6.944961350112808,-0.29939032954183326,0.9912550240125841,-0.2
PPO,line,2969,59.38,6.945746727846398,-0.3050335064854176,0.9937214465386959,-0.2
PPO,line,2970,59.4,6.9462157723429145,-0.3112318318512289,0.9960871151600997,-0.2
PPO,line,2971,59.42,6.94638767377593,-0.31742859596479744,0.9982036578830987,-0.2
PPO,line,2972,59.44,6.946169992739378,-0.32287661599747797,0.9997434492500651,-0.2
PPO,line,2973,59.46,6.945686947451164,-0.3282902007969311,1.001048579499911,-0.2
PPO,line,2974,59.480000000000004,6.945034181430879,-0.3339671290310573,1.0023091575686507,-0.2
PPO,line,2975,59.5,6.944242580232358,-0.3396986152386019,1.0034885148913688,-0.2
PPO,line,2976,59.52,6.943517429192518,-0.34484509067669106,1.0045612354425555,-0.2
PPO,line,2977,59.54,6.943236638315108,-0.34956397015594953,1.0059275943581503,-0.2
PPO,line,2978,59.56,6.943719769639491,-0.35324800876223755,1.0076661943832883,-0.2
PPO,line,2979,59.58,6.944644085983184,-0.3563111357643388,1.0096088721146812,-0.2
PPO,line,2980,59.6,6.945689610453221,-0.3595517776773624,1.0117343130239858,-0.2
PPO,line,2981,59.620000000000005,6.946635308371653,-0.36348885394162456,1.0140229553593403,-0.2
PPO,line,2982,59.64,6.947324172860288,-0.36837229096143986,1.0164257145672813,-0.2
PPO,line,2983,59.660000000000004,6.9477020185792995,-0.3740460532102558,1.0188471749685761,-0.2
PPO,line,2984,59.68,6.9477257348306605,-0.380252609446794,1.0211640981994086,-0.2
PPO,line,2985,59.7,6.947453557405788,-0.38643326020838736,1.0232296457961747,-0.2
PPO,line,2986,59.72,6.946848304806451,-0.39184653285894483,1.02472699663297,-0.2
PPO,line,2987,59.74,6.945966943611961,-0.3971943808277826,1.0259711665381834,-0.2
PPO,line,2988,59.76,6.944904496088247,-0.4028050219866634,1.0271788512549607,-0.2
PPO,line,2989,59.78,6.943703231591232,-0.4084684506158366,1.028310393054663,-0.2
PPO,line,2990,59.800000000000004,6.942610016624952,-0.4135541443858358,1.0293399213964227,-0.2
PPO,line,2991,59.82,6.941991745013522,-0.41824173617135546,1.030667064356502,-0.2
PPO,line,2992,59.84,6.94221781807689,-0.4219618103315402,1.0323885828891397,-0.2
PPO,line,2993,59.86,6.942941456018307,-0.4250809711600301,1.0343270379915044,-0.2
PPO,line,2994,59.88,6.943775485315251,-0.4283809889038548,1.0364470263049055,-0.2
PPO,line,2995,59.9,6.9444619569782535,-0.43237203188872037,1.038727087419392,-0.2
PPO,line,2996,59.92,6.944824693860624,-0.437286742543834,1.041111616174471,-0.2
PPO,line,2997,59.94,6.944817652330477,-0.4429638168744583,1.0435024385286615,-0.2
PPO,line,2998,59.96,6.944415671182177,-0.44914772719093266,1.0457794417635402,-0.2
PPO,line,2999,59.980000000000004,6.943718521860041,-0.455280953716737,1.0478002649927716,-0.2
PPO,cosine,0,0.0,0.0,0.0,0.0,0.05258999638121178
PPO,cosine,1,0.02,-0.0013711085179921596,-0.00032001801091771295,0.0014079595503502173,0.06191401717913034
PPO,cosine,2,0.04,-0.002476656007586502,-0.00017613040842500826,0.0024829109731696526,0.05810614316441519
PPO,cosine,3,0.06,-0.0028099309810854707,-6.199592627273931e-05,0.002810614810559848,0.050512652276971125
PPO,cosine,4,0.08,-0.0030763371380744357,-0.00041896181622210437,0.0031047349630118405,0.0632532437061071
PPO,cosine,5,0.1,-0.003818058157270166,-0.0011278404003159986,0.003981154614038773,0.09031485717636323
PPO,cosine,6,0.12,-0.0063873640795752045,-0.0014063245700025825,0.00654034927822976,0.09987078863027016
PPO,cosine,7,0.14,-0.010963568461567624,-0.0018870685746344438,0.011124785895326396,0.08700619938448913
PPO,cosine,8,0.16,-0.01571831638767459,-0.002932181631842205,0.015989470259678788,0.07285710126512275
PPO,cosine,9,0.18,-0.017577160583219155,-0.0040700729825918595,0.018042230135210485,0.0810986791206503
PPO,cosine,10,0.2,-0.01784506339825583,-0.00496165305625463,0.018521994728927304,0.09214154625540782
PPO,cosine,11,0.22,-0.01712719150736898,-0.005812725856429335,0.018086693197267828,0.10332944741502444
PPO,cosine,12,0.24,-0.015201813656547181,-0.006456284386794336,0.01651601485018552,0.1174928507390822
PPO,cosine,13,0.26,-0.01190322802918772,-0.006895979061505638,0.013756502634447621,0.13369931420163705
PPO,cosine,14,0.28,-0.007301273105204525,-0.007226601036716632,0.010272894017785682,0.15005379022853688
PPO,cosine,15,0.3,-0.001758532636904841,-0.007461183678730955,0.007665617973967961,0.16735704252395067
PPO,cosine,16,0.32,0.004348792859212372,-0.007544051987712181,0.008707739070828927,0.18713700041545459
PPO,cosine,17,0.34,0.010870419992162046,-0.007462966016849741,0.007544432703265346,0.19031331400386947
PPO,cosine,18,0.36,0.017754277648721777,-0.0072476699567445,0.007723606675075541,0.1967925799994703
PPO,cosine,19,0.38,0.02475728777893857,-0.006977147420765263,0.00853553815866809,0.2
PPO,cosine,20,0.4,0.03078283106174773,-0.006633437253613989,0.006969045533329473,0.2
PPO,cosine,21,0.42,0.036382021825543655,-0.006172670985290877,0.007646836930930823,0.2
PPO,cosine,22,0.44,0.041443580959736034,-0.0057074628447301426,0.006385486588310918,0.2
PPO,cosine,23,0.46,0.04589699631187147,-0.005316903054328752,0.007432557534164529,0.19889473266717406
PPO,cosine,24,0.48,0.049347478135818156,-0.005335600506650305,0.006203871524490419,0.2
PPO,cosine,25,0.5,0.05192278839732959,-0.005527652472346312,0.00661304804623344,0.2
PPO,cosine,26,0.52,0.05397172666139218,-0.005519995332819722,0.007441143912467711,0.2
PPO,cosine,27,0.54,0.05600771459623513,-0.005284334176356171,0.007656565453177756,0.1902954734256867
PPO,cosine,28,0.56,0.058355904419939514,-0.004876785929570235,0.006309423432525752,0.18367667371198884
PPO,cosine,29,0.58,0.061399592116979144,-0.004331322387686453,0.005668998287699384,0.1774317703709517
PPO,cosine,30,0.6,0.06529647630848741,-0.003682563221608646,0.007121219377400976,0.1723869068097575
PPO,cosine,31,0.62,0.06998794546200524,-0.002957597559200463,0.00457393232553637,0.1592138640359676
PPO,cosine,32,0.64,0.07530374167703681,-0.002251600711596348,0.006469203808166783,0.1584475330251112
PPO,cosine,33,0.66,0.08105940417947823,-0.0016904339627431477,0.003909250290062835,0.1554651035130706
PPO,cosine,34,0.68,0.08723988893915108,-0.001282972092494606,0.004905377163357395,0.1586575382322248
PPO,cosine,35,0.7000000000000001,0.09344269427814614,-0.0009621659199914458,0.004899190358803266,0.17022246610110087
PPO,cosine,36,0.72,0.09893493116527308,-0.0004231472201821901,0.003911037143367751,0.16828602241209806
PPO,cosine,37,0.74,0.10361790438046867,0.00039966986585672037,0.004500671029884995,0.16222828936627362
PPO,cosine,38,0.76,0.10852547082651877,0.0013534000843551128,0.0031031252133002533,0.14834606281576104
PPO,cosine,39,0.78,0.11402982538900726,0.002266922486316937,0.004208953197452095,0.1342470326264968
PPO,cosine,40,0.8,0.11981560933505199,0.0028619984693825052,0.00190543567829607,0.1265745771751564
PPO,cosine,41,0.8200000000000001,0.12480214852089128,0.0028916115271560433,0.004954767368606156,0.1344933421150152
PPO,cosine,42,0.84,0.128744007180649,0.0027132167829017513,0.0031910700976792872,0.14430281091436803
PPO,cosine,43,0.86,0.131609212940323,0.0026988012226325567,0.003167512623451507,0.14923221735446193
PPO,cosine,44,0.88,0.13413518584228823,0.002942291633155838,0.004703260946331813,0.14881168368321632
PPO,cosine,45,0.9,0.13689108426660934,0.003387546847521486,0.004515431498202704,0.14286550374609214
PPO,cosine,46,0.92,0.14022721338762043,0.004014282513457104,0.0024090413630345306,0.13863047755652386
PPO,cosine,47,0.9400000000000001,0.14432597823813675,0.004808324526441122,0.004399403195902674,0.13307283804992787
PPO,cosine,48,0.96,0.14921604998881047,0.0057552691302066,0.0019141305390702843,0.12696700483887535
PPO,cosine,49,0.98,0.15466680097329888,0.006776507266593888,0.004455532784535214,0.12160297655743539
PPO,cosine,50,1.0,0.16053837353124065,0.007763537248295553,0.0006654267760598785,0.12284444816095405
PPO,cosine,51,1.02,0.16635110543850523,0.00866964727775533,0.004007211046262471,0.12864677739017016
PPO,cosine,52,1.04,0.1714442446862928,0.009708011493323539,0.0011912552865938908,0.12329923244508806
PPO,cosine,53,1.06,0.1760817238633859,0.010771469340858649,0.004223665923734441,0.1175639213329358
PPO,cosine,54,1.08,0.1809950668925636,0.011758869606239194,0.00137835407244874,0.10472342977555654
PPO,cosine,55,1.1,0.18641638822142967,0.012629028805694177,0.003996616577485695,0.10183337880622183
PPO,cosine,56,1.12,0.19198687242535792,0.013142611464795546,0.0021683454116481838,0.09826002404725778
PPO,cosine,57,1.1400000000000001,0.19672063041505103,0.013233404330535678,0.0036201050923134704,0.11463534109410375
PPO,cosine,58,1.16,0.2003570021181286,0.013341572971434743,0.0003315003265655013,0.12124171441124583
PPO,cosine,59,1.18,0.2030680625101023,0.013621395527217408,0.002801505015664439,0.12009732895065287
PPO,cosine,60,1.2,0.20554811009110643,0.014062368815510056,0.004809534428280004,0.12160733209263838
PPO,cosine,61,1.22,0.20837526246167032,0.014648672348584097,0.002002009270791019,0.11622618684630354
PPO,cosine,62,1.24,0.21189998905810803,0.015359411005667354,0.0018641525058511184,0.11150568696990618
PPO,cosine,63,1.26,0.21625394200146622,0.016164443717675253,0.004140085986322687,0.11649794481279394
PPO,cosine,64,1.28,0.22139410208133772,0.017045837182195323,0.0016971338628483377,0.11483838956725514
PPO,cosine,65,1.3,0.2270444704895034,0.017927985903046645,0.0034345937806328068,0.12517654573043743
PPO,cosine,66,1.32,0.23303452988416645,0.01874858442174346,0.003108086373673822,0.13014749258009525
PPO,cosine,67,1.34,0.23864316258898666,0.01957713047688947,0.002003778222533342,0.14264226769626673
PPO,cosine,68,1.36,0.24321172345184233,0.02057286020708476,0.0034258556492285067,0.1365364665621617
PPO,cosine,69,1.3800000000000001,0.2476554076768251,0.02154211232102007,0.0030876626023968977,0.13621976558658888
PPO,cosine,70,1.4000000000000001,0.2524283534053228,0.022384288109832954,0.002997256562075425,0.12754032725098213
PPO,cosine,71,1.42,0.2576026022666572,0.022981379872397418,0.003081258235910102,0.1349775513555004
PPO,cosine,72,1.44,0.26273749486537235,0.023174941122276034,0.00270014646510059,0.14374460545332318
PPO,cosine,73,1.46,0.2671907584089298,0.023080585852851953,0.003278319592079116,0.1661904965638715
PPO,cosine,74,1.48,0.2706601478299461,0.02312643889191222,0.0003661018434433294,0.17573893939368074
PPO,cosine,75,1.5,0.27347021094139046,0.02345633729366097,0.0030196046978952077,0.17637339035275482
PPO,cosine,76,1.52,0.27613205950935543,0.02404364651626027,0.00447263469550321,0.1751173226952668
PPO,cosine,77,1.54,0.2792741960707949,0.024878930871768738,0.0012221503921179024,0.16777720442716043
PPO,cosine,78,1.56,0.2831917498953732,0.025909689587682066,0.002830093709805255,0.15973303504897926
PPO,cosine,79,1.58,0.2879044903139229,0.02707681636999278,0.0025847523886658673,0.15888283155738037
PPO,cosine,80,1.6,0.29324807437435524,0.028314294277600675,0.003098192312388854,0.1535090398638813
PPO,cosine,81,1.62,0.2991094477332164,0.029543109912553846,0.0016065310382289944,0.15852598967656797
PPO,cosine,82,1.6400000000000001,0.305217567620798,0.03072271463780297,0.005116514761477486,0.1585367303843424
PPO,cosine,83,1.6600000000000001,0.3107652282542963,0.032007448330397856,0.0014104860077124156,0.16017551165838292
PPO,cosine,84,1.68,0.3152631844358031,0.03347033681729969,0.005350730527930103,0.15377753761001595
PPO,cosine,85,1.7,0.3198011445579917,0.034944094794928916,0.002503526335191496,0.13533280970691572
PPO,cosine,86,1.72,0.324888587611899,0.03632064657194652,0.005759858986269306,0.11627727897835707
PPO,cosine,87,1.74,0.33034384206536943,0.03736264778693081,0.0028368024534405328,0.11826678464725474
PPO,cosine,88,1.76,0.33538376556191013,0.037776998397867745,0.005323114093169889,0.13569397224810256
PPO,cosine,89,1.78,0.33975442193659305,0.03772498110398273,0.0014147124595487092,0.15039585827620988
PPO,cosine,90,1.8,0.3432617817555257,0.037687382520434014,0.0029177116817885565,0.1626859150483666
PPO,cosine,91,1.82,0.34623487917642914,0.0379494870130023,0.004405667885310919,0.17310674201808363
PPO,cosine,92,1.84,0.34913642221429386,0.038520681742883776,0.0014537547914959743,0.1729384917805722
PPO,cosine,93,1.86,0.3525159896150794,0.03940394094167878,0.0020731697079992687,0.16886736483344833
PPO,cosine,94,1.8800000000000001,0.35664571052898686,0.04057180913932844,0.003960981038250273,0.1677735126272509
PPO,cosine,95,1.9000000000000001,0.361543143930071,0.041974739893569604,0.0015183522501649436,0.15971109763454083
PPO,cosine,96,1.92,0.36701939062443134,0.043491199204528215,0.00363658212255405,0.15972890959309632
PPO,cosine,97,1.94,0.3729631168185093,0.044997332635177065,0.0031034711427250276,0.1551143863850722
PPO,cosine,98,1.96,0.37905386739467095,0.046437903918568224,0.0020119331781309558,0.1621499364237471
PPO,cosine,99,1.98,0.38453970610529287,0.04798306445224859,0.004799586252161057,0.15354461647174933
PPO,cosine,100,2.0,0.38912964310462145,0.049629965846605055,0.0026443560270879634,0.14640241482765579
PPO,cosine,101,2.02,0.39388552614402944,0.05127913319726803,0.004999293069290161,0.12743833541588057
PPO,cosine,102,2.04,0.39918858732071777,0.052850860472950005,0.0034027725687916267,0.12202365703969714
PPO,cosine,103,2.06,0.404816346292995,0.05408449940225015,0.0059736228715518876,0.11006395969588073
PPO,cosine,104,2.08,0.4098744585314194,0.05465678827794563,0.0026346095322242217,0.12842214101078075
PPO,cosine,105,2.1,0.41414171424681745,0.05476977645893754,0.004337838189309102,0.14218266542137276
PPO,cosine,106,2.12,0.4175215582618189,0.054949729175280626,0.003203866709147393,0.15884289043356759
PPO,cosine,107,2.14,0.42039083331900834,0.055407742909879404,0.0009062993665642706,0.16046666949401356
PPO,cosine,108,2.16,0.4232799596703402,0.056136428233715924,0.00302443100791583,0.15795524736230931
PPO,cosine,109,2.18,0.42667401095554763,0.05714359300887067,0.004046237413619666,0.1593882625690018
PPO,cosine,110,2.2,0.430801661605985,0.05840618835859175,0.0014040119787577404,0.15294328308235822
PPO,cosine,111,2.22,0.43568224399133365,0.05989368193484723,0.0050680938712244945,0.15324632937498034
PPO,cosine,112,2.24,0.4411094841107435,0.06148455366982869,0.002025502414082414,0.14734143410584005
PPO,cosine,113,2.2600000000000002,0.44699062217827423,0.06306464849949904,0.003902156863244109,0.153221160302601
PPO,cosine,114,2.2800000000000002,0.4529548313197041,0.06456594134426537,0.0033646681823148545,0.15373854322775998
PPO,cosine,115,2.3000000000000003,0.4582834062428738,0.06617679919789635,0.002947391469934504,0.15641303142350368
PPO,cosine,116,2.32,0.4628465667964288,0.06787507607751778,0.003886464936251302,0.14087289227170946
PPO,cosine,117,2.34,0.46763163456362844,0.06961388270206967,0.003972938305860582,0.13461724487643872
PPO,cosine,118,2.36,0.4729629330754651,0.07130889809425034,0.004653510221917082,0.11590730117189418
PPO,cosine,119,2.38,0.47858887134229816,0.07268199650366308,0.003602722906199979,0.11733752312432845
PPO,cosine,120,2.4,0.4835460662496134,0.0733990025350086,0.00449551449613132,0.12136719520819828
PPO,cosine,121,2.42,0.48761785816049563,0.07371269204515099,0.0034166430120874483,0.14106454842766675
PPO,cosine,122,2.44,0.4906942197554752,0.07400073030180328,0.001489999109281017,0.14640613045665785
PPO,cosine,123,2.46,0.493382300222488,0.07451216577574211,0.0032497110946532346,0.14729139091418209
PPO,cosine,124,2.48,0.4962002362777214,0.07525396218508075,0.004634565429149343,0.15192260764331927
PPO,cosine,125,2.5,0.4995489677758447,0.07624565199888605,0.001640237307287683,0.1489560507149975
PPO,cosine,126,2.52,0.5036326469291132,0.07749235294811005,0.0035998897717687242,0.1445427905990533
PPO,cosine,127,2.54,0.5084698342291293,0.0789837550344995,0.0025877961739842648,0.14645832576802187
PPO,cosine,128,2.56,0.5138376054559952,0.08060973129232388,0.003984694344453497,0.14236255309835072
PPO,cosine,129,2.58,0.5196385552786339,0.0822558041231404,0.0019460462622195274,0.14911265484448116
PPO,cosine,130,2.6,0.52544553662352,0.083833763473866,0.0054464706116356095,0.15829159889835775
PPO,cosine,131,2.62,0.5305532149441494,0.08551820857261434,0.0019921797345253322,0.15279272203070082
PPO,cosine,132,2.64,0.5350286835877073,0.08725917580058576,0.005558900368001364,0.13770648618178194
PPO,cosine,133,2.66,0.5397637231615104,0.08904343681855388,0.002887563674260755,0.13062715662684782
PPO,cosine,134,2.68,0.5450507964715986,0.09080392225019411,0.006058377098406188,0.11229472795269409
PPO,cosine,135,2.7,0.5505885094666646,0.09224559342612362,0.003010562364001426,0.11322837789136808
PPO,cosine,136,2.72,0.5553786931699344,0.09306329434760657,0.005631812153451925,0.12607464015387526
PPO,cosine,137,2.74,0.5591397308059423,0.09352325405399421,0.002264120857824103,0.13348963143369047
PPO,cosine,138,2.7600000000000002,0.5618420232828476,0.09395230720366701,0.002023503621709682,0.1361864336643245
PPO,cosine,139,2.7800000000000002,0.5642254261944479,0.09454215712654385,0.004071981808615639,0.13461997620056296
PPO,cosine,140,2.8000000000000003,0.5668619781374284,0.09532482783205383,0.004098213430416266,0.1374601559470398
PPO,cosine,141,2.82,0.5700830236038174,0.09633106649501884,0.001539993476968195,0.1344894643757929
PPO,cosine,142,2.84,0.5740582182065717,0.09757364471683305,0.003996583114103108,0.13115861588563926
PPO,cosine,143,2.86,0.5787983886733408,0.09904420223993918,0.002408320700471395,0.13430472685019945
PPO,cosine,144,2.88,0.5840666092097635,0.10063811717094144,0.004069690976019539,0.13279764025417837
PPO,cosine,145,2.9,0.5897583694441373,0.10224908604458019,0.001777720527516763,0.14123018970305556
PPO,cosine,146,2.92,0.5954364818098221,0.10378652638467606,0.005271809203771925,0.14602412099882073
PPO,cosine,147,2.94,0.6003989521102318,0.10540590856590042,0.001578659207522074,0.14911497155716735
PPO,cosine,148,2.96,0.6047575237436819,0.1070690146956681,0.004884101733494158,0.13753235506117628
PPO,cosine,149,2.98,0.6093795012865799,0.10878423577977192,0.002458539236341858,0.1310437001014635
PPO,cosine,150,3.0,0.6145515878973827,0.11050173125027933,0.0050087009277751116,0.11595162341696397
PPO,cosine,151,3.02,0.6199927056424592,0.1119253708054003,0.0022111564181741504,0.11626342402723124
PPO,cosine,152,3.04,0.6247017743350394,0.11277335576644557,0.00461235639576154,0.1212080039957345
PPO,cosine,153,3.06,0.628418567642743,0.11335227458742993,0.002654489090150783,0.13324245618198516
PPO,cosine,154,3.08,0.631126146493572,0.11393198336607657,0.0009183571263681827,0.133570394108114
PPO,cosine,155,3.1,0.6335448973304949,0.11465415371420273,0.0029828184275109346,0.13005845420473233
PPO,cosine,156,3.12,0.6362303561295776,0.1155653268918405,0.004864784581381691,0.12904967971469955
PPO,cosine,157,3.14,0.639521126353,0.1166964469938155,0.0016677328150416961,0.12516401756194107
PPO,cosine,158,3.16,0.6435722572404676,0.11806067511620884,0.003196083880785518,0.1213646481897162
PPO,cosine,159,3.18,0.6483824041385592,0.11964360857391539,0.0027480221453406594,0.12240621800253543
PPO,cosine,160,3.2,0.6537082435048451,0.12132835213359029,0.003411729753148738,0.1213333285341534
PPO,cosine,161,3.22,0.6594327839136875,0.1230135082403247,0.001842576533839499,0.1284499680424947
PPO,cosine,162,3.24,0.6650800558728998,0.12462365980438135,0.004641332941460593,0.13345482222374122
PPO,cosine,163,3.2600000000000002,0.6699465744433534,0.12631259243235773,0.0015285777004249873,0.13441832242400525
PPO,cosine,164,3.2800000000000002,0.6744123527673309,0.12799703527837372,0.004237424759437931,0.12334997492511746
PPO,cosine,165,3.3000000000000003,0.6791453250950352,0.12965864108469838,0.0023331863477010543,0.11723453964586218
PPO,cosine,166,3.3200000000000003,0.6843916344326095,0.13126904283957727,0.004313385026395914,0.10681615009287039
PPO,cosine,167,3.34,0.689849591377436,0.13253647453546732,0.0016282863611423528,0.1106255577795775
PPO,cosine,168,3.36,0.6945513570872629,0.13327564811702905,0.003808241566358973,0.12069570198926527
PPO,cosine,169,3.38,0.698107015404858,0.1338838505853076,0.0031649117717479068,0.1298599286308076
PPO,cosine,170,3.4,0.7007642203506713,0.13455938636498835,0.0004237209479210464,0.12925263578975002
PPO,cosine,171,3.42,0.7031872440128428,0.1353882671214879,0.0021373323416164864,0.12437592025543315
PPO,cosine,172,3.44,0.705943408830368,0.1364366365874111,0.005085641702310677,0.11836716982540056
PPO,cosine,173,3.46,0.7093776258269187,0.1377282794381826,0.0018099797285359514,0.11394907166602149
PPO,cosine,174,3.48,0.7136123857802372,0.13923907414972123,0.002811776567252422,0.10978808258402856
PPO,cosine,175,3.5,0.7185897354946758,0.14093935391833254,0.0026123367436723544,0.10887924667041227
PPO,cosine,176,3.52,0.7240450763707018,0.14270560358614404,0.0033370706067098,0.10875525468721148
PPO,cosine,177,3.54,0.7298001842032523,0.1444590431624078,0.001462953061954822,0.11375445474483109
PPO,cosine,178,3.56,0.7350946133221146,0.14617961115318312,0.004398011841493006,0.11372540972065392
PPO,cosine,179,3.58,0.7393046051702657,0.14788712195437007,0.002034235792690066,0.10682450577408209
PPO,cosine,180,3.6,0.7434371244719327,0.1495341312929341,0.0031749165072855355,0.0931141889014207
PPO,cosine,181,3.62,0.7479774912873886,0.15108652368386302,0.00334715696501453,0.08543456641516896
PPO,cosine,182,3.64,0.7529722530143726,0.1523963240472842,0.002640238604194389,0.08067233942798319
PPO,cosine,183,3.66,0.7579887268498414,0.15330447748682868,0.003288489583463752,0.09034165621105172
PPO,cosine,184,3.68,0.7625911940818626,0.15387452191409365,0.0013641011244912378,0.10381717425091286
PPO,cosine,185,3.7,0.7661892354395152,0.15444787138357996,0.005003533492195295,0.11234686595013664
PPO,cosine,186,3.72,0.7690548205901225,0.15522113226542,0.0026679934214451175,0.10991439630910294
PPO,cosine,187,3.74,0.7717903854923496,0.15623877192242738,0.0006737120764497163,0.10620075754391045
PPO,cosine,188,3.7600000000000002,0.7749992794691705,0.15755875078274395,0.003815245998074604,0.09996028709206785
PPO,cosine,189,3.7800000000000002,0.7789584704094556,0.1591534247893711,0.0024385232445725646,0.09184288736489264
PPO,cosine,190,3.8000000000000003,0.7836921071288455,0.16098052081712455,0.0026538301454687163,0.08529643519072505
PPO,cosine,191,3.8200000000000003,0.7890379112008178,0.16295484332065696,0.002280974051274011,0.08037547295790971
PPO,cosine,192,3.84,0.7948340578285855,0.1649632379365079,0.004043698969185383,0.07728436959078999
PPO,cosine,193,3.86,0.8007743390347806,0.16692800682605455,0.0010031912343338985,0.07814801528472137
PPO,cosine,194,3.88,0.8060975656066205,0.16890861586955727,0.00526398806674844,0.07380383601785578
PPO,cosine,195,3.9,0.8105490718510161,0.1708788942153899,0.0018418596702879581,0.05888369080534978
PPO,cosine,196,3.92,0.8151660902125434,0.17290077038098883,0.005299362738824339,0.03934278926532453
PPO,cosine,197,3.94,0.8203168057174959,0.17486393785327042,0.0027364733657719922,0.026957925429087926
PPO,cosine,198,3.96,0.8258691427799173,0.17648062192431227,0.005612974353932755,0.023347588398451413
PPO,cosine,199,3.98,0.8310686442980612,0.17753140942539894,0.002110924576508524,0.028123971042674056
PPO,cosine,200,4.0,0.8355899039823397,0.1782373731126957,0.005047413784359684,0.037800910500290885
PPO,cosine,201,4.0200000000000005,0.8390167615145979,0.17885189381526193,0.002405900222529775,0.04434706390594956
PPO,cosine,202,4.04,0.8418762746609463,0.17963739036383938,0.0011955155541952046,0.0444849141903888
PPO,cosine,203,4.0600000000000005,0.8448115387836141,0.18066270383029204,0.0040161240526765075,0.04232072761331518
PPO,cosine,204,4.08,0.8483353916217248,0.18195848126055453,0.003101870701872457,0.04067761292938876
PPO,cosine,205,4.1,0.8526530580563124,0.18349605523211857,0.0022432951477470114,0.03725494914929083
PPO,cosine,206,4.12,0.8577713039079746,0.18527160491712819,0.003710039250977358,0.03606725254001619
PPO,cosine,207,4.14,0.8634435027309976,0.18718276208772297,0.0031995362895274647,0.03359682586706081
PPO,cosine,208,4.16,0.8694509796480554,0.1891018367482995,0.002417860731822176,0.037338086696139416
PPO,cosine,209,4.18,0.8753063464122682,0.19094581768200564,0.005009618202686839,0.03895242482659528
PPO,cosine,210,4.2,0.8802754815572461,0.19271691455939186,0.0022731989941055302,0.03771642318707219
PPO,cosine,211,4.22,0.885024062775936,0.1943554810405744,0.00504035338631387,0.026605696442829285
PPO,cosine,212,4.24,0.89004287947063,0.19592084235605509,0.002563983229941971,0.02083915057837543
PPO,cosine,213,4.26,0.8954893800239728,0.1972934830152926,0.005312541592275448,0.015802294070496825
PPO,cosine,214,4.28,0.9009814435986938,0.19832756375022223,0.0016128119513405164,0.02485684211073563
PPO,cosine,215,4.3,0.9059379889491945,0.19906398982526854,0.004979312521378034,0.03588378130154679
PPO,cosine,216,4.32,0.9097018746958195,0.19985383560582973,0.0018188042805675978,0.039177723217021176
PPO,cosine,217,4.34,0.9126031527005114,0.20082091047395018,0.0015024892799554463,0.034630525777612275
PPO,cosine,218,4.36,0.9153592827823387,0.20197941747539347,0.004425112291065503,0.02638718820635144
PPO,cosine,219,4.38,0.9185914303725462,0.2033564848259545,0.0030087615797394435,0.018828181042695458
PPO,cosine,220,4.4,0.9225857045345423,0.20491450959844854,0.0024166544533809776,0.01156190069167967
PPO,cosine,221,4.42,0.9273880893762988,0.20661732889286283,0.004270466704267717,0.008467593816393393
PPO,cosine,222,4.44,0.9328561204824427,0.2084308907485403,0.0030514324807625836,0.004244383537262808
PPO,cosine,223,4.46,0.9387547673878841,0.21024406899511952,0.003268885028339774,0.0070036993360009245
PPO,cosine,224,4.48,0.944748313952256,0.21198994058699316,0.004660865833814959,0.008446859830008702
PPO,cosine,225,4.5,0.9501106322969204,0.2137161793539906,0.002691273482619988,0.010078254359616458
PPO,cosine,226,4.5200000000000005,0.954758832065956,0.21539121054098057,0.005047725319710111,-0.0012631256879857
PPO,cosine,227,4.54,0.9596152859518109,0.21710509766633532,0.003419755976264452,-0.010550389765518586
PPO,cosine,228,4.5600000000000005,0.9649736856745328,0.2187320272101165,0.005550777065173926,-0.02482620750635017
PPO,cosine,229,4.58,0.9706464942616188,0.22003174158797117,0.0030409859894333425,-0.023633285769193435
PPO,cosine,230,4.6000000000000005,0.9758112173056089,0.22087776127527733,0.005609236426240742,-0.017134367652674454
PPO,cosine,231,4.62,0.9800718309802084,0.22157177745006584,0.0022535811790901257,-0.007636978488531786
PPO,cosine,232,4.64,0.983180884761366,0.22228790046111419,0.0028026139616727235,-0.00913131220324559
PPO,cosine,233,4.66,0.9858235238187893,0.2231524037878348,0.005271954741662596,-0.01441808973289943
PPO,cosine,234,4.68,0.9886929947569224,0.2242124465107423,0.003315823188379724,-0.017190462094570702
PPO,cosine,235,4.7,0.9922653459835608,0.2254680062837084,0.0028177811833056112,-0.021959819494218935
PPO,cosine,236,4.72,0.9967050595819523,0.22687705057104626,0.00516439297604738,-0.021666760127274812
PPO,cosine,237,4.74,1.0020017404628192,0.22846076232817542,0.0030253191389514804,-0.024427390023867124
PPO,cosine,238,4.76,1.007878149491053,0.23013092190946616,0.004289347217643828,-0.02026237063457964
PPO,cosine,239,4.78,1.0140275190130998,0.2317489061989846,0.0042879153566397574,-0.01681203855383989
PPO,cosine,240,4.8,1.0198524065779782,0.23327524489594129,0.0030703194924248723,-0.007476458667421858
PPO,cosine,241,4.82,1.0246956051229386,0.23458420869963706,0.004804879841209478,-0.008887970026389469
PPO,cosine,242,4.84,1.0295436301761642,0.2358772863470648,0.003253737144105652,-0.010475017575067191
PPO,cosine,243,4.86,1.0346916642378396,0.23715460771736277,0.00474314428502766,-0.018622574365470268
PPO,cosine,244,4.88,1.040138775027418,0.23825692300582896,0.0027208661334459116,-0.018609298502629767
PPO,cosine,245,4.9,1.045455248435413,0.23910918243869653,0.004812798212270104,-0.014872686040678207
PPO,cosine,246,4.92,1.0502883561411305,0.23987404505924398,0.0019328486758997758,-0.009446628850897254
PPO,cosine,247,4.94,1.0538973405565113,0.2408542297050031,0.0031020829745182785,-0.015929436093602534
PPO,cosine,248,4.96,1.0567302514315464,0.2420869190164456,0.005129028907143798,-0.029001281777135346
PPO,cosine,249,4.98,1.0596119643423711,0.24352496303000107,0.0032220197522883744,-0.045379353374688125
PPO,cosine,250,5.0,1.0631040337517037,0.2451295696591317,0.0042143441532819965,-0.062087330989237244
PPO,cosine,251,5.0200000000000005,1.0674328078510713,0.24680912915321174,0.005401760971187224,-0.06915775758497211
PPO,cosine,252,5.04,1.0726143662539445,0.24850639305244393,0.004964624580725578,-0.08055236828971574
PPO,cosine,253,5.0600000000000005,1.078448815229746,0.2501678320453793,0.005311536197454844,-0.07817967333067521
PPO,cosine,254,5.08,1.0846245254586453,0.25166649698322535,0.006285954738668638,-0.07901902921586784
PPO,cosine,255,5.1000000000000005,1.0907206290127807,0.2529941048577354,0.004679860985177164,-0.06402938515373095
PPO,cosine,256,5.12,1.0960179030858916,0.2540753515543346,0.0066782186660613255,-0.052029444621192245
PPO,cosine,257,5.14,1.1011919261934622,0.25497753619138114,0.00422934383543151,-0.0527762681080674
PPO,cosine,258,5.16,1.1066754149500488,0.2558038504485744,0.00583853347721467,-0.04718290500273531
PPO,cosine,259,5.18,1.1124559345408558,0.25644809388460965,0.0033963526295447103,-0.04401170816921973
PPO,cosine,260,5.2,1.1180893576299067,0.2568431875895366,0.0040579136396518,-0.029287323036735372
PPO,cosine,261,5.22,1.1231666765958115,0.2571913407818197,0.00223720956116845,-0.017800349594823624
PPO,cosine,262,5.24,1.126967751038872,0.2578846547998643,0.004927862495285609,-0.018849183381602963
PPO,cosine,263,5.26,1.1298673832661827,0.2589744733577418,0.002451152320625546,-0.030325548517134922
PPO,cosine,264,5.28,1.1327180716722727,0.26033414536239796,0.0028724332521924832,-0.04766941728603324
PPO,cosine,265,5.3,1.1361569007365353,0.2619133222868292,0.0060805663850379485,-0.0677111246773871
PPO,cosine,266,5.32,1.1404408376877733,0.26360646006233074,0.004120930719731022,-0.07972391316030186
PPO,cosine,267,5.34,1.1455767776804724,0.26531732892602344,0.006667022176403869,-0.09663948606186856
PPO,cosine,268,5.36,1.1514168129027482,0.266976938515879,0.005127272719488996,-0.09935499166164813
PPO,cosine,269,5.38,1.157631799694695,0.26846878919569417,0.00624402801208566,-0.09509898162036579
PPO,cosine,270,5.4,1.1638345254755134,0.2697752310940013,0.00613056871749013,-0.09534379397990558
PPO,cosine,271,5.42,1.1693062988618204,0.2708450828780888,0.005549818320598373,-0.08447637906159886
PPO,cosine,272,5.44,1.1745543036057304,0.2716948277402315,0.00629059594663115,-0.08854751276295256
PPO,cosine,273,5.46,1.1800716079058948,0.2724343073039308,0.004881146669060862,-0.08263825857566434
PPO,cosine,274,5.48,1.1858990246153824,0.2729838439243694,0.006395616043232284,-0.08277206258371242
PPO,cosine,275,5.5,1.191619550281813,0.2732590078183123,0.0034229527888752303,-0.06671037898848745
PPO,cosine,276,5.5200000000000005,1.1967312801381316,0.27342829921655226,0.005541485790578432,-0.05276073240449213
PPO,cosine,277,5.54,1.2005277050531493,0.2739292405436767,0.002655559929128095,-0.052254438362733746
PPO,cosine,278,5.5600000000000005,1.203423320144306,0.27483800213639303,0.0034248322230650964,-0.06323823563856712
PPO,cosine,279,5.58,1.2062502621930995,0.2760044773605643,0.006031666386663056,-0.0799027767687498
PPO,cosine,280,5.6000000000000005,1.2096440832835682,0.2773529587867865,0.004498189842378625,-0.09081859434708105
PPO,cosine,281,5.62,1.2138979150502105,0.27877250107940915,0.005565428435509007,-0.10703325912998882
PPO,cosine,282,5.64,1.2190380052197534,0.2801851076143999,0.0057396218577997205,-0.11154508354787138
PPO,cosine,283,5.66,1.2249299283038777,0.2815484550973587,0.006893809112302896,-0.12315498349445603
PPO,cosine,284,5.68,1.231197344634715,0.28275142342784654,0.00582103829154519,-0.11622295381213284
PPO,cosine,285,5.7,1.2374294101948229,0.2837799511342076,0.006924729134506054,-0.10357298503735424
PPO,cosine,286,5.72,1.242921222128585,0.2845542545149017,0.005974855198271592,-0.10209750908809699
PPO,cosine,287,5.74,1.2482034075984272,0.2851119539258789,0.006237847496315998,-0.09342669582035795
PPO,cosine,288,5.76,1.2537534804686559,0.285582036809189,0.0056051925861333,-0.09659455892329255
PPO,cosine,289,5.78,1.2595834422187409,0.28588168591429913,0.004828414896199233,-0.08786422778352006
PPO,cosine,290,5.8,1.2652598983571213,0.28595180763745826,0.005244826710227644,-0.07982738601643796
PPO,cosine,291,5.82,1.270348619576601,0.2859937058500512,0.0032761894708416566,-0.06662065588478017
PPO,cosine,292,5.84,1.2741264952284899,0.2864535251874924,0.003790249774321448,-0.06946255671308849
PPO,cosine,293,5.86,1.2770378113898078,0.28735625818566185,0.005770903323118322,-0.07988145627538656
PPO,cosine,294,5.88,1.279924688758774,0.2885079228748907,0.004443788158062202,-0.09741240841456915
PPO,cosine,295,5.9,1.2834063204823756,0.28979650441796384,0.00529695150041109,-0.1167840105880219
PPO,cosine,296,5.92,1.2877677066521527,0.29109546600772984,0.006714934573329876,-0.12467945840724451
PPO,cosine,297,5.94,1.2930221704410114,0.2923189287389376,0.0063677001466854065,-0.14019133994170935
PPO,cosine,298,5.96,1.299014003044848,0.2934282636721983,0.006886446771898991,-0.1389982423242895
PPO,cosine,299,5.98,1.305365174348323,0.2943220779382924,0.007707692707844616,-0.1441351374135815
PPO,cosine,300,6.0,1.311657291910472,0.29503723210971255,0.006514534276798811,-0.12801632480329958
PPO,cosine,301,6.0200000000000005,1.3171970843398197,0.2954944382538216,0.00764276810911002,-0.1125947646120958
PPO,cosine,302,6.04,1.3226600656819703,0.29578710405463277,0.006084404542617643,-0.11338032705458514
PPO,cosine,303,6.0600000000000005,1.328360139871705,0.295978105406329,0.006431482246834063,-0.10462151224649677
PPO,cosine,304,6.08,1.3342303495242558,0.295981502351133,0.005526083371400085,-0.1035204917917637
PPO,cosine,305,6.1000000000000005,1.3398088872436975,0.29581294634171584,0.0046170055859903305,-0.08772639085134964
PPO,cosine,306,6.12,1.344854965256182,0.2957869771142254,0.004697961675613873,-0.0828270304194768
PPO,cosine,307,6.140000000000001,1.3486198454883311,0.296297892542074,0.004991675455351719,-0.08650743339730438
PPO,cosine,308,6.16,1.3515974612398833,0.29726770907002603,0.004440789777322749,-0.10541880161982017
PPO,cosine,309,6.18,1.3546685062961745,0.2984573759304587,0.006081637178640239,-0.1292051755696356
PPO,cosine,310,6.2,1.3584034476941875,0.2997103429414129,0.00706093278498667,-0.14080024782242298
PPO,cosine,311,6.22,1.3630183676643803,0.30087292882864036,0.007109914429657152,-0.16111871148993748
PPO,cosine,312,6.24,1.3685193806237856,0.30185661384329765,0.008117983235090099,-0.16276944454330253
PPO,cosine,313,6.26,1.3746468826664942,0.3026217810482845,0.008298406996531667,-0.1740568914720011
PPO,cosine,314,6.28,1.381017848079723,0.30309732615535295,0.007739141779025086,-0.15848598397161723
PPO,cosine,315,6.3,1.3872152557492419,0.3033736718012008,0.00880356426038898,-0.13638957146090924
PPO,cosine,316,6.32,1.392765524937552,0.30340687863777815,0.007219024841167996,-0.1308583503634046
PPO,cosine,317,6.34,1.3985070906976753,0.303364334671079,0.0075370299736397355,-0.1164914447063467
PPO,cosine,318,6.36,1.40451272738231,0.3032514110205511,0.006739166800465125,-0.11908294528148868
PPO,cosine,319,6.38,1.4104946105730762,0.30296279059135955,0.005789603045590334,-0.10603864008507832
PPO,cosine,320,6.4,1.4158460499265795,0.30264945107487307,0.006238554070518637,-0.10026953300463348
PPO,cosine,321,6.42,1.4205161239056678,0.3026968409582216,0.005029444367851359,-0.0941758881141817
PPO,cosine,322,6.44,1.4239976619263102,0.3033778612119096,0.005597753366242435,-0.11228372741943293
PPO,cosine,323,6.46,1.4269318513860683,0.3044473070167416,0.007879860841244498,-0.14013785773365284
PPO,cosine,324,6.48,1.43008645946567,0.3056555412062303,0.007517736063177723,-0.15439489302611142
PPO,cosine,325,6.5,1.4339397510441436,0.30680647407493744,0.008451719551300831,-0.18122557852975482
PPO,cosine,326,6.5200000000000005,1.438695457273332,0.3077510674470295,0.009587400545022367,-0.18468145212171877
PPO,cosine,327,6.54,1.4443340832875644,0.30839011461971966,0.00967461820572024,-0.2
PPO,cosine,328,6.5600000000000005,1.4505368139400954,0.3086920877203575,0.009622444646974239,-0.18918321847554637
PPO,cosine,329,6.58,1.456885856355713,0.3086123228502627,0.01036730553612006,-0.18694040417887003
PPO,cosine,330,6.6000000000000005,1.4629979742834893,0.3082705420341752,0.00875245683110117,-0.1522323255907651
PPO,cosine,331,6.62,1.4685945360184782,0.3076215782783275,0.008766467443342842,-0.12060120611251862
PPO,cosine,332,6.640000000000001,1.4744181064284478,0.3068273183225387,0.007344354617224765,-0.11076451676643026
PPO,cosine,333,6.66,1.4805126360633791,0.3059318157947001,0.006342724007765439,-0.08854197763944385
PPO,cosine,334,6.68,1.4864539219465107,0.30489448149709986,0.006389130839630715,-0.0753665494250867
PPO,cosine,335,6.7,1.4916116419800798,0.30400920298286044,0.004121895373206058,-0.05292685288093372
PPO,cosine,336,6.72,1.4956413582649888,0.30379709437436225,0.004950376252498082,-0.05195837990400089
PPO,cosine,337,6.74,1.4985051767976256,0.30439851504469934,0.005946180541575444,-0.0630029690206036
PPO,cosine,338,6.76,1.5011512965620202,0.3053881061967525,0.005557355547075212,-0.08839488224999423
PPO,cosine,339,6.78,1.504168499217611,0.3065050675529061,0.0067166009379640915,-0.11891183141941701
PPO,cosine,340,6.8,1.5079589713628647,0.30754470603880796,0.008860832769025417,-0.13336099484654618
PPO,cosine,341,6.82,1.5126336913031753,0.3083627110868366,0.008415040460095847,-0.15856045085954645
PPO,cosine,342,6.84,1.5181399391090247,0.30883436878299325,0.010018237593853615,-0.15939701696108816
PPO,cosine,343,6.86,1.5241835204600496,0.3089105130811648,0.009225604833945843,-0.170584856014867
PPO,cosine,344,6.88,1.5304316786933503,0.30859125030906154,0.009188297186764642,-0.150188485871537
PPO,cosine,345,6.9,1.5364514220002672,0.30800372158017986,0.009216713537443542,-0.1404236838536335
PPO,cosine,346,6.92,1.5418443681761151,0.30719344150412375,0.007823079294581987,-0.1091334652468681
PPO,cosine,347,6.94,1.5474283375917923,0.306263589734757,0.008405102378845553,-0.10184891375652
PPO,cosine,348,6.96,1.5532383639937224,0.30518342643517693,0.0061269601064294675,-0.08044326367232105
PPO,cosine,349,6.98,1.5589733433759516,0.30388734099408915,0.006321682354318434,-0.058459666593669524
PPO,cosine,350,7.0,1.5639747321764768,0.30262567875832397,0.004146245946830817,-0.04109388498893812
PPO,cosine,351,7.0200000000000005,1.5684458219290758,0.3018049002747859,0.005471723450422261,-0.027695564928574473
PPO,cosine,352,7.04,1.5718843267186575,0.3018239875699731,0.0036311793667729462,-0.03599285364859359
PPO,cosine,353,7.0600000000000005,1.5747963935394809,0.3023760437505983,0.004648174277329651,-0.05586392077591315
PPO,cosine,354,7.08,1.5779267059689202,0.3031296991215032,0.007144134021851795,-0.07234743184042297
PPO,cosine,355,7.1000000000000005,1.5817711386400763,0.3038562718977162,0.006158593228807817,-0.09666429360166282
PPO,cosine,356,7.12,1.5865093005876136,0.3043951824284732,0.007683006945757612,-0.12119342821827092
PPO,cosine,357,7.140000000000001,1.5921019829680512,0.30462652035223925,0.007462444974502111,-0.12541820591682715
PPO,cosine,358,7.16,1.5983404594243003,0.3044919986297589,0.009050052061627092,-0.12234232715462642
PPO,cosine,359,7.18,1.604854792258371,0.3039825816621849,0.007751159935714089,-0.12610371903296724
PPO,cosine,360,7.2,1.6112451222486768,0.30322368727568666,0.007521638928416657,-0.10488332649006804
PPO,cosine,361,7.22,1.6168057693186932,0.30231800719770285,0.007674638970852128,-0.09691512717559703
PPO,cosine,362,7.24,1.6222464415399243,0.3012516573598736,0.006194769999278206,-0.07741927617939776
PPO,cosine,363,7.26,1.6278800550797863,0.30001378740839496,0.007154670635932624,-0.07270170767151313
PPO,cosine,364,7.28,1.6335688988431878,0.2985521297850608,0.004392559364402621,-0.05296229870610952
PPO,cosine,365,7.3,1.638829836448056,0.2969864156530446,0.005340279096322398,-0.030760689787696138
PPO,cosine,366,7.32,1.643609823089112,0.29569724130165653,0.0025068076662173467,-0.01743930092606588
PPO,cosine,367,7.34,1.6473461897109074,0.29522514888525114,0.004976340527717792,-0.018839742372848467
PPO,cosine,368,7.36,1.650403140942686,0.2954174382573979,0.0038344031764914635,-0.030828030538862572
PPO,cosine,369,7.38,1.6535529986572772,0.2958739517407477,0.0035755448251661866,-0.050445452909970545
PPO,cosine,370,7.4,1.6573675706293443,0.29633855795384195,0.006072977593155459,-0.07311331428895601
PPO,cosine,371,7.42,1.66204252406481,0.2966273676504557,0.0053098639212095355,-0.08503932281971033
PPO,cosine,372,7.44,1.6675354348015743,0.2966336278933074,0.0071011669889511205,-0.10402564550656157
PPO,cosine,373,7.46,1.6736487454204396,0.2963341362527897,0.00611046724338655,-0.10511859988344524
PPO,cosine,374,7.48,1.6800783635538348,0.2957180597357038,0.007120917985738114,-0.09869794434275175
PPO,cosine,375,7.5,1.6863739802180042,0.2949209218710893,0.006794289431145241,-0.09889173086068792
PPO,cosine,376,7.5200000000000005,1.6918157374239189,0.2940930535488585,0.0062410237366350855,-0.08491930919642404
PPO,cosine,377,7.54,1.6971928280394744,0.29312934666943974,0.0067901118530536795,-0.08754472466303337
PPO,cosine,378,7.5600000000000005,1.7027716042518442,0.29197440395210017,0.005308067981203499,-0.07860007039354999
PPO,cosine,379,7.58,1.7084429760623931,0.29055160529214047,0.006819613650496029,-0.07639070449726676
PPO,cosine,380,7.6000000000000005,1.7137490141228389,0.2889686059505025,0.0037373936122405732,-0.05680510680509138
PPO,cosine,381,7.62,1.7185376530875218,0.2875705242007647,0.005645051170836209,-0.04237952711273757
PPO,cosine,382,7.640000000000001,1.7222557197626465,0.2869428895493193,0.0030524031646458455,-0.04429935324255896
PPO,cosine,383,7.66,1.7252906666243888,0.28696912264612134,0.003866287591729277,-0.057669170477949394
PPO,cosine,384,7.68,1.7284095864202573,0.2872339143029305,0.0064369083672947405,-0.07672294101772564
PPO,cosine,385,7.7,1.7321736464782034,0.2874642940240511,0.005007786436675766,-0.08742459841321902
PPO,cosine,386,7.72,1.7367900776338174,0.2874610322055605,0.0063055652702262936,-0.10541393208658233
PPO,cosine,387,7.74,1.742241472630126,0.2871357484945791,0.006167595348270791,-0.1083688998542538
PPO,cosine,388,7.76,1.748329866122125,0.28649544941944616,0.007719304206413451,-0.11995171133563592
PPO,cosine,389,7.78,1.7547207646869434,0.2855448277654447,0.006362076783271116,-0.1095116752266414
PPO,cosine,390,7.8,1.7609742991587327,0.28444323577668484,0.006904406431310702,-0.093597837838994
PPO,cosine,391,7.82,1.766394884330765,0.2833430678790194,0.006512155294340929,-0.09120967795145829
PPO,cosine,392,7.84,1.771775312653864,0.28213821145308404,0.006103929290339274,-0.07972727030453126
PPO,cosine,393,7.86,1.7773203756386364,0.28077660416531075,0.0063614971774232625,-0.08252547291831941
PPO,cosine,394,7.88,1.7829203918054803,0.2791836286363513,0.004764759504653094,-0.07034151091332697
PPO,cosine,395,7.9,1.7881338738520773,0.2774861248624631,0.006004601551376244,-0.06122126131663341
PPO,cosine,396,7.92,1.7928822391482733,0.27604182211622824,0.0034092898332817962,-0.0474896327356461
PPO,cosine,397,7.94,1.7965907441116922,0.2754144419317249,0.0045505323060866815,-0.05357517406173329
PPO,cosine,398,7.96,1.7996597011470816,0.2754177892580944,0.0057060449616688725,-0.06317505368949816
PPO,cosine,399,7.98,1.802851377833902,0.27561940667194246,0.00482660227937227,-0.0822718102810866
PPO,cosine,400,8.0,1.8066825609673884,0.2757273738033792,0.006152254717640989,-0.1027427498369331
PPO,cosine,401,8.02,1.8113482807853851,0.2755377011921285,0.0068423343619211105,-0.10754533945530881
PPO,cosine,402,8.040000000000001,1.8168190756249643,0.27496113443539866,0.0071497657540123575,-0.12254604618771653
PPO,cosine,403,8.06,1.8228686228219577,0.27402785281672803,0.007071159618627594,-0.11614529469203344
PPO,cosine,404,8.08,1.82918722944774,0.272746938658143,0.008444612337528915,-0.11891594410155393
PPO,cosine,405,8.1,1.8353347853846154,0.27132372224109164,0.0067570627399085965,-0.09772565938880352
PPO,cosine,406,8.120000000000001,1.8406548058821994,0.26993134976857397,0.007419711948793127,-0.07778247171873265
PPO,cosine,407,8.14,1.8460006313647115,0.2684376918552879,0.006250074817929614,-0.0772451383735977
PPO,cosine,408,8.16,1.851504432220499,0.2667913198672956,0.006177702780514146,-0.06526050844122222
PPO,cosine,409,8.18,1.8570127080555534,0.26492839202131896,0.005681299619756157,-0.062255023100235785
PPO,cosine,410,8.2,1.8620879197624316,0.26301346621091093,0.004455938245441488,-0.04238592479916603
PPO,cosine,411,8.22,1.8667342608743513,0.2614097152848392,0.004543990600517827,-0.03547125482134439
PPO,cosine,412,8.24,1.8703996729885448,0.260688056350045,0.00500977112983269,-0.03546042979326747
PPO,cosine,413,8.26,1.8734754537116114,0.26061644202558965,0.004149124331078923,-0.05187862042495073
PPO,cosine,414,8.28,1.8767077468407605,0.2607312303711719,0.005559764283057223,-0.07319868266658659
PPO,cosine,415,8.3,1.8805978756109447,0.26072074765535996,0.006958404567012496,-0.08196559687057825
PPO,cosine,416,8.32,1.8853032601663402,0.26037884771525655,0.006506723711029818,-0.1004338642410445
PPO,cosine,417,8.34,1.8907904755025582,0.2596163572656029,0.008015880229142892,-0.09982629995644332
PPO,cosine,418,8.36,1.8968373961033318,0.25845808381606594,0.00747122182181719,-0.10976343803049173
PPO,cosine,419,8.38,1.903129968974541,0.2569387893198525,0.007312070994098606,-0.09426081574744793
PPO,cosine,420,8.4,1.9092302563332917,0.2552692248149583,0.00827886196647816,-0.09014266691532424
PPO,cosine,421,8.42,1.9144914474989716,0.2536636707519745,0.006542107302621015,-0.06716385380242929
PPO,cosine,422,8.44,1.9197577510377224,0.2519613973136591,0.007916031440748759,-0.050885166132639825
PPO,cosine,423,8.46,1.9251686008916338,0.2500836884488036,0.005603331037093838,-0.05042824531585844
PPO,cosine,424,8.48,1.9305791966723977,0.2479698242345945,0.00618601994241969,-0.033760514914451534
PPO,cosine,425,8.5,1.935537575738442,0.24579505083276593,0.004128723128966681,-0.02104512404335979
PPO,cosine,426,8.52,1.940054756219105,0.24392278501917214,0.005148140998576546,-0.003747380634147035
PPO,cosine,427,8.540000000000001,1.9436595060518098,0.24295636076109373,0.003107643131865584,-0.0066201507464989096
PPO,cosine,428,8.56,1.9466875139158712,0.2426928544094921,0.004452105886578058,-0.02093562032123808
PPO,cosine,429,8.58,1.9498447917023793,0.2426476072544725,0.006310363422495231,-0.03096280149800923
PPO,cosine,430,8.6,1.9536419996055125,0.24249372820806722,0.005169856091507926,-0.049981181424899934
PPO,cosine,431,8.620000000000001,1.9582568476716131,0.24202180957092753,0.006851938335129262,-0.06904315118796556
PPO,cosine,432,8.64,1.9636433437325056,0.24114310993356136,0.006392979716728528,-0.06937226695777732
PPO,cosine,433,8.66,1.9696028297213075,0.23986989406059245,0.008135079995169795,-0.08088580885197082
PPO,cosine,434,8.68,1.9758637192901949,0.23823328305197078,0.0066093027566157475,-0.06762897148021096
PPO,cosine,435,8.700000000000001,1.9819745262793056,0.2364231971360897,0.0070545899938860976,-0.048843998513428466
PPO,cosine,436,8.72,1.9872643102296887,0.2347376680625719,0.006569208684019649,-0.04536240466278275
PPO,cosine,437,8.74,1.9924016499847608,0.23294009702124172,0.006199391890265761,-0.02997139448426478
PPO,cosine,438,8.76,1.9976959520299582,0.2309361540979619,0.006013277084223345,-0.02939403146787145
PPO,cosine,439,8.78,2.003071025083968,0.2286355781128792,0.004553703906073548,-0.01142961474820836
PPO,cosine,440,8.8,2.00808280042966,0.22616020694216582,0.005176037064043789,0.004553766962234418
PPO,cosine,441,8.82,2.0123752037526454,0.2239214913252841,0.002763743351769782,0.028923897771623852
PPO,cosine,442,8.84,2.0157874286564263,0.22254036109528227,0.002713070115192952,0.03586078561695405
PPO,cosine,443,8.86,2.018555776645519,0.22195210792610912,0.0052363805362801085,0.02988768601768288
PPO,cosine,444,8.88,2.021296714369758,0.2216816817235833,0.003753880496039012,0.022189438083499043
PPO,cosine,445,8.9,2.0245941377010164,0.22139278955214545,0.00309075320376454,0.007435015331804794
PPO,cosine,446,8.92,2.028726835101068,0.2208600726862171,0.00583009923855347,-0.00827737022368158
PPO,cosine,447,8.94,2.0336732569144598,0.21999264918319608,0.0042621814548476035,-0.012263384185161486
PPO,cosine,448,8.96,2.0393258399668066,0.21877174452341,0.006666184330324457,-0.024153432857613174
PPO,cosine,449,8.98,2.0454246437786234,0.2172304507300092,0.00478052944443762,-0.019204434025959505
PPO,cosine,450,9.0,2.051662700917273,0.21544919805969892,0.0057008499455736905,-0.00931236359496812
PPO,cosine,451,9.02,2.0574088113127442,0.21381151905317536,0.005496944820284163,-0.009671612385942496
PPO,cosine,452,9.040000000000001,2.062363527461674,0.21248309427130077,0.005460225412970132,-0.002030498885571941
PPO,cosine,453,9.06,2.0673789892819623,0.21110231629245005,0.005594955993478903,-0.012329094654109585
PPO,cosine,454,9.08,2.072608897960225,0.20946781872567533,0.005327729859758041,-0.009256532188054
PPO,cosine,455,9.1,2.077894921791878,0.20742904956554667,0.005484746733556075,-0.011011632077715048
PPO,cosine,456,9.120000000000001,2.0826468847665796,0.2052048997115175,0.004028451893835988,0.010158071424526072
PPO,cosine,457,9.14,2.0868303421262326,0.20312886860771154,0.003841978749787541,0.022635689037304285
PPO,cosine,458,9.16,2.0901989790055753,0.20183085461163097,0.004830942482285319,0.031303436783538086
PPO,cosine,459,9.18,2.093008220951465,0.20124094470321643,0.0029864105810620723,0.023723128406243132
PPO,cosine,460,9.200000000000001,2.0959314956981414,0.20089308544169948,0.0035669088970542175,0.01068468629927799
PPO,cosine,461,9.22,2.0995299620817356,0.20044707808561646,0.006413210788292663,-0.004956973150392008
PPO,cosine,462,9.24,2.103963960980798,0.199696464313487,0.004416466767901882,-0.008030242575297497
PPO,cosine,463,9.26,2.1091725015592715,0.19856429190852934,0.006537712335829841,-0.020707978147607053
PPO,cosine,464,9.28,2.1150042768921953,0.19706735074369255,0.0049978578556787384,-0.015875063415078383
PPO,cosine,465,9.3,2.1212080990684425,0.19522632569806295,0.00640001928429283,-0.005807457893830082
PPO,cosine,466,9.32,2.127434149783064,0.1931758812460404,0.005518871097719449,-0.004103825206746015
PPO,cosine,467,9.34,2.1330976020691224,0.19136600409490576,0.005165947715187593,0.011057383645838637
PPO,cosine,468,9.36,2.1382307790200357,0.18978879841258464,0.005881115017639629,0.006315819235110154
PPO,cosine,469,9.38,2.1434271998351972,0.18811351307390717,0.00495668258912525,0.011876486643886408
PPO,cosine,470,9.4,2.14884853691267,0.18613233471933835,0.0060560895671200096,0.006417552380683533
PPO,cosine,471,9.42,2.1542091360284994,0.18376865092487882,0.003737497053380032,0.022976448687606395
PPO,cosine,472,9.44,2.1587245966658726,0.18138294959704473,0.005297284456010356,0.03885140369542628
PPO,cosine,473,9.46,2.162590412807493,0.17935864511197977,0.002573873535932907,0.059533340080648256
PPO,cosine,474,9.48,2.1656039299337606,0.17818895475990326,0.0023282034217043477,0.06081762223990561
PPO,cosine,475,9.5,2.1681948987790243,0.17763120062588492,0.004632971061492748,0.0523186494340393
PPO,cosine,476,9.52,2.171058205508018,0.17725343755598644,0.004227646669864432,0.045734730380133204
PPO,cosine,477,9.540000000000001,2.174659060790039,0.1767483488590291,0.0030381377387000827,0.031782923520824125
PPO,cosine,478,9.56,2.1791229484727253,0.17593071914941802,0.005865772567163146,0.017471320767636023
PPO,cosine,479,9.58,2.184383043227501,0.17473318610260263,0.0040217920388443025,0.01696495692980982
PPO,cosine,480,9.6,2.1902409544235613,0.17317942771129302,0.0064906309781020315,0.020932050584455908
PPO,cosine,481,9.620000000000001,2.1964546817605854,0.17128554625466372,0.004580104886112547,0.018029249504275868
PPO,cosine,482,9.64,2.2026114931266805,0.1692291966141701,0.004816285254658912,0.03208389545599866
PPO,cosine,483,9.66,2.208108448060891,0.16749838471161552,0.00533654264305831,0.03165206428605416
PPO,cosine,484,9.68,2.2132627960536007,0.16588451583574731,0.004508459093254772,0.03836477645193037
PPO,cosine,485,9.700000000000001,2.2184695028216623,0.16413511143076967,0.00550905796429486,0.031325884503759394
PPO,cosine,486,9.72,2.223888204968977,0.1620321151975287,0.003780226743661955,0.04074422775086173
PPO,cosine,487,9.74,2.2291658221734956,0.15957338505083865,0.005616271762236977,0.04875242178280004
PPO,cosine,488,9.76,2.2334537940268135,0.1572010864971461,0.002105728769326107,0.074474673482136
PPO,cosine,489,9.78,2.236968926727093,0.15534566271224753,0.0032544098704047233,0.08773665495331595
PPO,cosine,490,9.8,2.2395837316133984,0.15429617573453072,0.004764172218374238,0.0923827931764224
PPO,cosine,491,9.82,2.2419354040163957,0.15369300219562085,0.0024970103724919856,0.0864974786532362
PPO,cosine,492,9.84,2.2446929870844445,0.15315357888098569,0.001522383976950811,0.07781876691329372
PPO,cosine,493,9.86,2.2482293551009818,0.15243688739754416,0.00451434013719642,0.06853710159590365
PPO,cosine,494,9.88,2.2526209569248503,0.15140753005141855,0.0028256847193903574,0.0672902170398546
PPO,cosine,495,9.9,2.257832481184102,0.15004063229098935,0.004255072897751179,0.060942988820477106
PPO,cosine,496,9.92,2.2636338179949784,0.14839754759145726,0.002727400265642739,0.06535130759179486
PPO,cosine,497,9.94,2.2697636277349122,0.14650362171733514,0.005657177869818907,0.07333008182085354
PPO,cosine,498,9.96,2.275655250535392,0.14464097678236554,0.0028176980011187093,0.07418993617684289
PPO,cosine,499,9.98,2.280644925012098,0.1432649033958714,0.005002265364029587,0.07816002829422641
PPO,cosine,500,10.0,2.285456112385222,0.1419100886834278,0.003013499172515797,0.06887935197851547
PPO,cosine,501,10.02,2.290419833252529,0.14032431407761348,0.005307192956981718,0.07039686878327166
PPO,cosine,502,10.040000000000001,2.295571857068099,0.13833434022053362,0.002719354883935463,0.06859252734424914
PPO,cosine,503,10.06,2.3004932830850366,0.13600046882111902,0.004414383220670795,0.08564379638186337
PPO,cosine,504,10.08,2.3044930131192123,0.13376942533398328,0.0009200491068779145,0.10272927995994574
PPO,cosine,505,10.1,2.3075153641409596,0.13222124811349578,0.0037842894078351976,0.11429557869345175
PPO,cosine,506,10.120000000000001,2.3098288602860753,0.131340474181194,0.004245203906879155,0.1170647332658332
PPO,cosine,507,10.14,2.312049894871202,0.13077213501654805,0.0019651513872213536,0.11234845379355463
PPO,cosine,508,10.16,2.3147816948875866,0.13019101315694565,0.0009450496663342602,0.10531914035248612
PPO,cosine,509,10.18,2.3183208519858765,0.12940654859525458,0.004503519238794025,0.09827123824264905
PPO,cosine,510,10.200000000000001,2.322696466690828,0.12832990107607203,0.001863743557481042,0.09687441854719392
PPO,cosine,511,10.22,2.327857082351411,0.1269679166371523,0.003984832509574022,0.09229378038310387
PPO,cosine,512,10.24,2.3335714680736706,0.12537422820871447,0.0016250919895189648,0.09524480825401192
PPO,cosine,513,10.26,2.3395844404996033,0.12359438595571579,0.005208266703443157,0.10088546216440386
PPO,cosine,514,10.28,2.345233181105712,0.12202658738307146,0.0018844781498909599,0.09788662701532001
PPO,cosine,515,10.3,2.3499744680144987,0.12102497902673334,0.005221422362929502,0.09442564702157541
PPO,cosine,516,10.32,2.354653957783663,0.120016004444024,0.0025157397611577314,0.07973972666559315
PPO,cosine,517,10.34,2.359579106876965,0.11870221542614862,0.005760635570469232,0.06684217111560098
PPO,cosine,518,10.36,2.364667945246352,0.11694496305127322,0.00250940102391734,0.07133749667686362
PPO,cosine,519,10.38,2.3694178105180472,0.11481891797716233,0.005484830231353247,0.07946060020946577
PPO,cosine,520,10.4,2.3733674753901743,0.1127160727988734,0.0013567831980846627,0.10233211165825729
PPO,cosine,521,10.42,2.3764635353902057,0.11118252203824094,0.0025261999144075417,0.11297483960157961
PPO,cosine,522,10.44,2.379002744109661,0.11022464858399798,0.005203319138114589,0.11499121255281541
PPO,cosine,523,10.46,2.381515858429031,0.10954780446207833,0.0026869554456289053,0.11504804519175593
PPO,cosine,524,10.48,2.384582477075625,0.10883329848290384,0.0007138535333796949,0.11027222909039802
PPO,cosine,525,10.5,2.388452858490766,0.10790588033291997,0.004513855966920418,0.10539952326349844
PPO,cosine,526,10.52,2.3931422396450714,0.10670755045265717,0.0015192902205086235,0.10647542495135853
PPO,cosine,527,10.540000000000001,2.3985258630674413,0.10527352632641943,0.004539186903565932,0.10345413739186282
PPO,cosine,528,10.56,2.4044242050120967,0.10361923338453552,0.0012396916921029238,0.10849193783556088
PPO,cosine,529,10.58,2.4104980791899644,0.10184044581494114,0.004243629151868194,0.11568669604499926
PPO,cosine,530,10.6,2.416149916638844,0.10041720527725584,0.002324675727357574,0.11035593136115718
PPO,cosine,531,10.620000000000001,2.421063407103016,0.09955921576810278,0.004249485214146501,0.1038317511452137
PPO,cosine,532,10.64,2.426082502377632,0.0986949439037704,0.0029789051318099484,0.08539212309778499
PPO,cosine,533,10.66,2.431454339540718,0.09754438766278527,0.004726921648001853,0.07767235057290932
PPO,cosine,534,10.68,2.436937017392686,0.09592453684655604,0.0037022974680909794,0.06660435476785775
PPO,cosine,535,10.700000000000001,2.441747891149951,0.09397364657749228,0.00401961573999325,0.08267931071740352
PPO,cosine,536,10.72,2.445814253506397,0.09199771815024309,0.0021742279636888214,0.09503846003359318
PPO,cosine,537,10.74,2.4490676432233487,0.09053634747646852,0.004996709064680281,0.10273185025462529
PPO,cosine,538,10.76,2.451867088260635,0.08960719628113811,0.0028537041627120525,0.10942230771223349
PPO,cosine,539,10.78,2.4547486027433,0.08892583642702126,0.0012888400231809592,0.10545216499746102
PPO,cosine,540,10.8,2.458239558861217,0.08819653959109097,0.004166649562231494,0.09940252231421154
PPO,cosine,541,10.82,2.462535535671582,0.08724528514483687,0.0027667147426704546,0.10165729162535164
PPO,cosine,542,10.84,2.467612821908955,0.08603605841484312,0.003665033452948507,0.09644050196463529
PPO,cosine,543,10.86,2.473275050727181,0.08458765872890608,0.0025840567829089386,0.10286499090559675
PPO,cosine,544,10.88,2.479352575873878,0.08289335518053027,0.005282050195029594,0.10284501415825631
PPO,cosine,545,10.9,2.485425083763999,0.08112395004743889,0.002185887063553403,0.11534893503109056
PPO,cosine,546,10.92,2.4909158533923788,0.0798376788863779,0.0045844939743196885,0.12112130940363507
PPO,cosine,547,10.94,2.49600045857629,0.07890856954352124,0.0029580092742183418,0.1081456929306579
PPO,cosine,548,10.96,2.5012327506729597,0.0778721086744488,0.004968573143867109,0.10516372373518257
PPO,cosine,549,10.98,2.506841897559256,0.07651350675075923,0.0037578942696542867,0.09059377743103358
PPO,cosine,550,11.0,2.512448296803224,0.07466639165189064,0.0039037037798545977,0.09994569377858241
PPO,cosine,551,11.02,2.517027249321495,0.07263211802183385,0.0031902054791262302,0.11138314198479138
PPO,cosine,552,11.040000000000001,2.520760279751047,0.07076045605434213,0.004114627818065127,0.1352408688186757
PPO,cosine,553,11.06,2.523594727579376,0.06943082802892091,0.0011031545135848165,0.14284477971475384
PPO,cosine,554,11.08,2.5261415175812814,0.0685488950927678,0.0019348353556980682,0.14416196121308844
PPO,cosine,555,11.1,2.52897273277871,0.06783449475443128,0.004813805758122321,0.14211528183361644
PPO,cosine,556,11.120000000000001,2.5325051444636215,0.06706291872302392,0.0020810585682695714,0.14447211446926472
PPO,cosine,557,11.14,2.5368918169696504,0.06610600728482044,0.002676895892032057,0.14048273330467342
PPO,cosine,558,11.16,2.5421118812652814,0.06495385910153012,0.002694019236821759,0.14357860126672678
PPO,cosine,559,11.18,2.5479154430602344,0.06363703212521192,0.003690241228191407,0.14071733088464955
PPO,cosine,560,11.200000000000001,2.5540904609163553,0.06215861493754314,0.0014147159741908543,0.14821405608576912
PPO,cosine,561,11.22,2.5600060993345917,0.0608136646018083,0.0049814374421182665,0.1546153937750916
PPO,cosine,562,11.24,2.5651020546229883,0.060070973773912885,0.002005664884242903,0.14299286052814553
PPO,cosine,563,11.26,2.5700707934248226,0.05939409064428665,0.005558924120490953,0.13708276200668235
PPO,cosine,564,11.28,2.5752529416059584,0.05848303553758311,0.0028737270569151826,0.1216196615473939
PPO,cosine,565,11.3,2.5806574667986224,0.057198516065369714,0.005305584738580032,0.1233362861610935
PPO,cosine,566,11.32,2.5857901653127784,0.055481259575731606,0.0025983365606500474,0.1256975940384332
PPO,cosine,567,11.34,2.5898801747175346,0.0537308859312267,0.0052354155025450145,0.14887972346480505
PPO,cosine,568,11.36,2.592959017198268,0.0524324087058337,0.0020057459790525406,0.15897425369315715
PPO,cosine,569,11.38,2.5953551006981925,0.05162190216469454,0.0012239449754047683,0.16050670021562985
PPO,cosine,570,11.4,2.5976724501894823,0.051075249421410875,0.003350469607793295,0.15648664813521612
PPO,cosine,571,11.42,2.600475054585475,0.05055383445757459,0.004321722060822631,0.15844273940239478
PPO,cosine,572,11.44,2.6040571810439554,0.04990227882237511,0.0013120520624831451,0.15312566089029073
PPO,cosine,573,11.46,2.608486682896138,0.049039578415121486,0.004167171176674206,0.148584129543441
PPO,cosine,574,11.48,2.6136616840926994,0.04797442050214047,0.0017906807292198581,0.15508337957931406
PPO,cosine,575,11.5,2.6193742176177888,0.04670513664071378,0.005031385054782905,0.15514070032356952
PPO,cosine,576,11.52,2.625352216697918,0.04526999170518369,0.0015457790488667919,0.16797485303540338
PPO,cosine,577,11.540000000000001,2.6309239305827963,0.044101225551622124,0.004123466885551867,0.1750704507520106
PPO,cosine,578,11.56,2.635599576078143,0.04349424381517387,0.0020259247959576445,0.1637450747098167
PPO,cosine,579,11.58,2.640239543544078,0.04288874880776553,0.005240723077646053,0.16049831302668593
PPO,cosine,580,11.6,2.6452201610906316,0.04202992032914411,0.002456729338993623,0.14740675980678555
PPO,cosine,581,11.620000000000001,2.6504034491055815,0.040789573993589665,0.005130193732959515,0.15175109302680717
PPO,cosine,582,11.64,2.655105267651299,0.03916129193163842,0.00170061505856572,0.15866098686992405
PPO,cosine,583,11.66,2.6589363641234507,0.03749497952988626,0.00451361876684728,0.17520691987582243
PPO,cosine,584,11.68,2.661971429162626,0.03623257532224004,0.0025634926777530513,0.19313151801092926
PPO,cosine,585,11.700000000000001,2.664661401573732,0.035425759016593526,0.00025038735441178353,0.19504296082566724
PPO,cosine,586,11.72,2.667367443295915,0.03492256407451694,0.0029919736454970315,0.1913290085090887
PPO,cosine,587,11.74,2.670637870379097,0.03449479492296631,0.003938193643885009,0.190246181248152
PPO,cosine,588,11.76,2.6747216479533953,0.03397687344432139,0.000514456409804406,0.18275013295887071
PPO,cosine,589,11.78,2.6796023896281183,0.0333040502913685,0.005150161711837728,0.17539090728879442
PPO,cosine,590,11.8,2.68509307203747,0.032464584588275246,0.0010811991573414306,0.17834774900386158
PPO,cosine,591,11.82,2.6910830082443504,0.031411898032072415,0.0038259055862736677,0.18516710414658183
PPO,cosine,592,11.84,2.697180039396808,0.03025621756502255,0.002751774361635137,0.18569764161551341
PPO,cosine,593,11.86,2.7027588193363874,0.029517297811222976,0.0024365912278058576,0.18690882448788243
PPO,cosine,594,11.88,2.7076487850183137,0.029287826350727655,0.003467070183383123,0.16902450299472999
PPO,cosine,595,11.9,2.7127341346643554,0.029050315441278212,0.0035178256718678574,0.1606433811716067
PPO,cosine,596,11.92,2.7183064711351306,0.028557166274102562,0.0045533094341014555,0.13742592575900003
PPO,cosine,597,11.94,2.723983853341782,0.027634860094233795,0.0034027394873049435,0.13738822439129106
PPO,cosine,598,11.96,2.7286929201560057,0.02632428267983945,0.004628868567931323,0.13993112884702502
PPO,cosine,599,11.98,2.7324902429656963,0.02496363409197817,0.0031481715482984283,0.16248638610374516
PPO,cosine,600,12.0,2.7355721606716172,0.024031637322458093,0.0017633545187233993,0.16563995239315427
PPO,cosine,601,12.02,2.7383786868092477,0.023507385087536935,0.003929815544821831,0.16246957699862274
PPO,cosine,602,12.040000000000001,2.7413243942952614,0.023173465842420013,0.0039338675713500035,0.16749226394966837
PPO,cosine,603,12.06,2.744806297231652,0.02285510749476323,0.001912406046405813,0.16039022083644938
PPO,cosine,604,12.08,2.7490356873033925,0.02244237858096043,0.004702225621706656,0.15217479571058984
PPO,cosine,605,12.1,2.7540216328763774,0.021894029934127552,0.002576665083991984,0.1579895583549477
PPO,cosine,606,12.120000000000001,2.7595418757376784,0.021172861029287275,0.00526515781842154,0.1534343667669112
PPO,cosine,607,12.14,2.7655031894324464,0.02021879443541073,0.00252047473494547,0.16803549819069225
PPO,cosine,608,12.16,2.7714514194566267,0.019155248758877138,0.004200537399910654,0.18600434839322305
PPO,cosine,609,12.18,2.776785691656479,0.018480357599524447,0.002998035877546941,0.18405862092376768
PPO,cosine,610,12.200000000000001,2.7816478243719978,0.018104008571764044,0.004311184480517078,0.18760899247577018
PPO,cosine,611,12.22,2.7867488248279146,0.01764702788959963,0.0033826785126047612,0.1755495388377888
PPO,cosine,612,12.24,2.7922943701456737,0.016968088474024486,0.00406610431514035,0.17771613258090224
PPO,cosine,613,12.26,2.7978348926435768,0.015908254661976463,0.0038925067489958658,0.17281442544383274
PPO,cosine,614,12.280000000000001,2.8023044678987157,0.014584927353368117,0.0032387934603848294,0.19565886688138948
PPO,cosine,615,12.3,2.805797727248495,0.013376341749985492,0.001503166376112564,0.2
PPO,cosine,616,12.32,2.8083910084091226,0.012599149486591346,0.0037231571929834967,0.2
PPO,cosine,617,12.34,2.8107729328588724,0.012146733286954611,0.004041508433354537,0.2
PPO,cosine,618,12.36,2.813494008328044,0.011832654472835626,0.0013750911458213768,0.2
PPO,cosine,619,12.38,2.816876604078025,0.011546454203960416,0.0022200395865955343,0.2
PPO,cosine,620,12.4,2.82108942243969,0.011219124612807099,0.0038196050118150643,0.2
PPO,cosine,621,12.42,2.8261210130990007,0.010816294289226548,0.0016340630245877663,0.2
PPO,cosine,622,12.44,2.8317320307612244,0.01031896432291289,0.0033130753972663053,0.2
PPO,cosine,623,12.46,2.8377831330083136,0.009674191608189298,0.003155735678885266,0.2
PPO,cosine,624,12.48,2.843635991562918,0.009073207518924067,0.001640660226467693,0.2
PPO,cosine,625,12.5,2.84867825210234,0.00899528417723863,0.004097243906707115,0.2
PPO,cosine,626,12.52,2.853505223191773,0.009030894584015303,0.002483303928808322,0.2
PPO,cosine,627,12.540000000000001,2.8585864261810103,0.008928014548733286,0.0043386985530327726,0.2
PPO,cosine,628,12.56,2.8640115330603377,0.00857052606959829,0.0027046891332880045,0.19969056528036958
PPO,cosine,629,12.58,2.8692260991864833,0.007816439759081063,0.004817041507326332,0.19502058968031064
PPO,cosine,630,12.6,2.8733217226396897,0.0068345964233619515,0.0022520693473313713,0.2
PPO,cosine,631,12.620000000000001,2.8763994480366164,0.005933584594100059,0.001798575056117182,0.2
PPO,cosine,632,12.64,2.878807306936692,0.005368438180884476,0.004023172736269948,0.2
PPO,cosine,633,12.66,2.881099252510976,0.005023924813989595,0.003770524582692165,0.2
PPO,cosine,634,12.68,2.8837629527792634,0.004782141228719654,0.0011330906371469784,0.2
PPO,cosine,635,12.700000000000001,2.88711135385332,0.004565081007698049,0.002313901636773162,0.2
PPO,cosine,636,12.72,2.891285538428701,0.004334318274082222,0.003609646779622006,0.2
PPO,cosine,637,12.74,2.896255940230249,0.004063319528707375,0.0014969906901038778,0.2
PPO,cosine,638,12.76,2.9017718919572624,0.0037169924989688633,0.0031592906223150744,0.2
PPO,cosine,639,12.780000000000001,2.9077246954421945,0.0032153220113184506,0.002893780387310078,0.2
PPO,cosine,640,12.8,2.913515823792859,0.002694349912504849,0.001378919975231079,0.2
PPO,cosine,641,12.82,2.918513442909643,0.0026227603212834578,0.0036634940797469445,0.2
PPO,cosine,642,12.84,2.9232147779282136,0.0026945683198864056,0.0018611924980638259,0.2
PPO,cosine,643,12.86,2.928162680047914,0.002695032944321532,0.0033940223453340526,0.2
PPO,cosine,644,12.88,2.9335307605123337,0.0025134794889357377,0.0017630288027489208,0.2
PPO,cosine,645,12.9,2.938785800870542,0.0019800258699704605,0.003938391805314747,0.2
PPO,cosine,646,12.92,2.9429806512377974,0.0011842009478149737,0.001936559220354438,0.2
PPO,cosine,647,12.94,2.946205493776638,0.00046795025132585755,0.0014011933788418741,0.2
PPO,cosine,648,12.96,2.9486572395878228,8.717018276620433e-05,0.003857974862205303,0.2
PPO,cosine,649,12.98,2.950959681759064,-6.969909865984574e-05,0.004033218301304804,0.2
PPO,cosine,650,13.0,2.953629697978872,-0.00012759144775203335,0.0015199784671787349,0.2
PPO,cosine,651,13.02,2.95696108903224,-0.00015288266043033883,0.002195426828776591,0.2
PPO,cosine,652,13.040000000000001,2.961098361747626,-0.0001796278181567458,0.0038872958008030496,0.2
PPO,cosine,653,13.06,2.9660251572390037,-0.0002383787517838065,0.0012597764954359355,0.2
PPO,cosine,654,13.08,2.971497640076369,-0.0003736511187927225,0.00350887578964655,0.2
PPO,cosine,655,13.1,2.977435323897317,-0.0006670335612356399,0.0026264924383080416,0.2
PPO,cosine,656,13.120000000000001,2.983309287340532,-0.0010319643870105592,0.0019995497587101015,0.2
PPO,cosine,657,13.14,2.9884636708863583,-0.0010225013594030816,0.003657049138215903,0.2
PPO,cosine,658,13.16,2.993091506255809,-0.000735183517548839,0.002040405156566797,0.2
PPO,cosine,659,13.18,2.9979866372220143,-0.00044196027235390465,0.0030286338704694584,0.2
PPO,cosine,660,13.200000000000001,3.0033773187189214,-0.00028344466914235344,0.0016569070725456392,0.2
PPO,cosine,661,13.22,3.008800735560045,-0.00044978569850134516,0.003819948656008321,0.2
PPO,cosine,662,13.24,3.0132341081574467,-0.0009474596618510864,0.0020618828332850344,0.2
PPO,cosine,663,13.26,3.0166380560198807,-0.0014088652917700016,0.002191229195774074,0.2
PPO,cosine,664,13.280000000000001,3.0191860347100565,-0.0015254195801250197,0.004457897231425344,0.2
PPO,cosine,665,13.3,3.021531738118965,-0.0014238606732527852,0.0038700605905278304,0.2
PPO,cosine,666,13.32,3.0242110123872252,-0.0012480202433391816,0.0016748203407013853,0.2
PPO,cosine,667,13.34,3.0275031547825604,-0.0010542106497773635,0.0027653858573264698,0.2
PPO,cosine,668,13.36,3.031549349941017,-0.0008692213235826173,0.003732985854345491,0.2
PPO,cosine,669,13.38,3.0363456909213404,-0.0007232373793480658,0.0017111677615748984,0.2
PPO,cosine,670,13.4,3.041671735329385,-0.0006659970986276113,0.003655464329660068,0.2
PPO,cosine,671,13.42,3.047490535636519,-0.000770905870465297,0.0028114855712109113,0.2
PPO,cosine,672,13.44,3.053340367215197,-0.000985698213814101,0.0026458038077096014,0.2
PPO,cosine,673,13.46,3.0585862022271284,-0.0009197665746437776,0.003985755880052398,0.2
PPO,cosine,674,13.48,3.0632202965600706,-0.0005882335055212453,0.0027365106327927533,0.2
PPO,cosine,675,13.5,3.0681125051439615,-0.00021075698434168839,0.0034050328087986974,0.2
PPO,cosine,676,13.52,3.0735024076459303,8.02673197344729e-05,0.0024032761288826257,0.2
PPO,cosine,677,13.540000000000001,3.0789750621784124,9.297398993744437e-05,0.004233052994622402,0.2
PPO,cosine,678,13.56,3.0835141403985875,-0.00028447093520140047,0.0031211126744463986,0.2
PPO,cosine,679,13.58,3.087084911543862,-0.0006966920589650906,0.003637644225380645,0.2
PPO,cosine,680,13.6,3.089774672554597,-0.0007820724596492134,0.0056082215018703405,0.2
PPO,cosine,681,13.620000000000001,3.092219891059926,-0.0006183375357384634,0.0046374863732995715,0.2
PPO,cosine,682,13.64,3.094945632752233,-0.0003479711062390268,0.003323980552409445,0.2
PPO,cosine,683,13.66,3.0982552313625047,-2.136772477839946e-05,0.004304941003613771,0.2
PPO,cosine,684,13.68,3.1023073171788016,0.000336071912766919,0.004363381327882861,0.2
PPO,cosine,685,13.700000000000001,3.107109662641212,0.0006918763589415284,0.0035131355398910816,0.2
PPO,cosine,686,13.72,3.112452652517783,0.0009875155247853972,0.004332627766452264,0.2
PPO,cosine,687,13.74,3.1183008614811363,0.0011465964406207937,0.00445983569708113,0.2
PPO,cosine,688,13.76,3.124230427457328,0.001195199250581033,0.004052746012516366,0.2
PPO,cosine,689,13.780000000000001,3.129611657975634,0.0014935180155131974,0.005709329930870441,0.2
PPO,cosine,690,13.8,3.1343170849310367,0.002036789340492718,0.004042294126793876,0.2
PPO,cosine,691,13.82,3.1392588050565147,0.0026134047220978686,0.005251066151460918,0.2
PPO,cosine,692,13.84,3.1447121668141818,0.003105334270739563,0.003818324963619491,0.2
PPO,cosine,693,13.86,3.1502858331625814,0.0033117758112064296,0.006182208781736122,0.2
PPO,cosine,694,13.88,3.1549656769923407,0.003060658055503928,0.004808970146012959,0.2
PPO,cosine,695,13.9,3.1587121024447358,0.0027056467775524212,0.00620483671953834,0.2
PPO,cosine,696,13.92,3.1615870619209434,0.0026427155678479704,0.00726106897234598,0.2
PPO,cosine,697,13.94,3.164193430276565,0.0028731045182520537,0.0061205208965150835,0.2
PPO,cosine,698,13.96,3.1670070149781084,0.0032605335597893997,0.005896655042372858,0.2
PPO,cosine,699,13.98,3.170367085790291,0.0037552924637367945,0.00723630432068822,0.2
PPO,cosine,700,14.0,3.174459641812251,0.004322205549371502,0.005734401912070764,0.2
PPO,cosine,701,14.02,3.1792995730094566,0.00493111048121961,0.0064584084510248526,0.2
PPO,cosine,702,14.040000000000001,3.1846770001348825,0.005510856320691129,0.005680495901022219,0.2
PPO,cosine,703,14.06,3.190557136673084,0.005977580922915582,0.007373033061248154,0.2
PPO,cosine,704,14.08,3.196534219096593,0.006335448850602347,0.006161715777246459,0.2
PPO,cosine,705,14.1,3.2019573626463056,0.006914695715934525,0.007546395548392106,0.2
PPO,cosine,706,14.120000000000001,3.206672777627704,0.007710089107589025,0.006096257187311462,0.2
PPO,cosine,707,14.14,3.2116172630197415,0.008537760295516176,0.007468428665816124,0.2
PPO,cosine,708,14.16,3.217077957919887,0.009284033516539628,0.005970107684277765,0.2
PPO,cosine,709,14.18,3.222677555657297,0.009736241144861492,0.007191690411939127,0.2
PPO,cosine,710,14.200000000000001,3.2274019211266674,0.009671846552878723,0.007029182400525505,0.2
PPO,cosine,711,14.22,3.2311889545988617,0.009434913756226366,0.009074356686617383,0.2
PPO,cosine,712,14.24,3.234105764344279,0.009442807413354827,0.008517686525704104,0.2
PPO,cosine,713,14.26,3.236731230261853,0.009750804374338085,0.008221718373152663,0.2
PPO,cosine,714,14.280000000000001,3.2395319344320677,0.01023894284251411,0.008675202126936952,0.2
PPO,cosine,715,14.3,3.2428628569804574,0.010868495875124869,0.008885189362052756,0.2
PPO,cosine,716,14.32,3.2469181893821975,0.011607904945314326,0.007918299995442047,0.2
PPO,cosine,717,14.34,3.2517179406931507,0.012428820553414795,0.00929916337466275,0.2
PPO,cosine,718,14.36,3.2570547410712436,0.013250729171252446,0.007876400435822873,0.2
PPO,cosine,719,14.38,3.262897939907661,0.013983333068608297,0.008974325126145462,0.2
PPO,cosine,720,14.4,3.268869660367099,0.014606103304078456,0.00868786226786521,0.2
PPO,cosine,721,14.42,3.2743141146352075,0.015401553536314288,0.008950014308748954,0.2
PPO,cosine,722,14.44,3.2790088487264804,0.01637550401708507,0.008663174045816137,0.2
PPO,cosine,723,14.46,3.2839186412199255,0.0173886969936612,0.008772600349136902,0.2
PPO,cosine,724,14.48,3.2893341669908787,0.018337796522692865,0.008598483661816866,0.2
PPO,cosine,725,14.5,3.294918383827215,0.019009404118656544,0.008829801195091167,0.2
PPO,cosine,726,14.52,3.2996615890494048,0.01912553153577569,0.009642834798647916,0.2
PPO,cosine,727,14.540000000000001,3.3034966085196475,0.019024602356370636,0.010836744435290552,0.2
PPO,cosine,728,14.56,3.306481426942622,0.019127212966008014,0.010590331756019034,0.2
PPO,cosine,729,14.58,3.309165911157031,0.019522564911059626,0.010788854617966826,0.2
PPO,cosine,730,14.6,3.3119944779565227,0.020119473969955417,0.01154666702828579,0.2
PPO,cosine,731,14.620000000000001,3.315341179289813,0.020886139686006777,0.010693533214450183,0.2
PPO,cosine,732,14.64,3.3194068954744442,0.02179572321628725,0.010524104180743723,0.2
PPO,cosine,733,14.66,3.3242066528250906,0.02281755253881961,0.01080083445030841,0.2
PPO,cosine,734,14.68,3.329535410296187,0.023857628808360846,0.010469145550021427,0.2
PPO,cosine,735,14.700000000000001,3.3353670416572094,0.024826757377556193,0.010719046497312982,0.2
PPO,cosine,736,14.72,3.3413320968671836,0.025696851686576403,0.01141461744672016,0.2
PPO,cosine,737,14.74,3.3467526472190237,0.026724324686337248,0.010942208970338237,0.2
PPO,cosine,738,14.76,3.3514017286383764,0.02791070685100768,0.011308479222574825,0.2
PPO,cosine,739,14.780000000000001,3.3562639327077655,0.029152759235665397,0.010580105667925742,0.2
PPO,cosine,740,14.8,3.3616401189401413,0.03034535307241101,0.011148875979013647,0.2
PPO,cosine,741,14.82,3.367207282606856,0.03126195339600861,0.010726292026143143,0.2
PPO,cosine,742,14.84,3.371986411605658,0.03158556689018309,0.012099864688728867,0.2
PPO,cosine,743,14.86,3.3758550365324123,0.031613674086452694,0.01246157590748912,0.2
PPO,cosine,744,14.88,3.378843179931746,0.031824292304221714,0.012664295489253352,0.2
PPO,cosine,745,14.9,3.3814827649690775,0.032327469397011595,0.013124865806959408,0.2
PPO,cosine,746,14.92,3.3842470208747506,0.0330333980136419,0.013364042190837404,0.2
PPO,cosine,747,14.94,3.3875195734540724,0.033933931177603315,0.012531766443716782,0.2
PPO,cosine,748,14.96,3.3914985340801596,0.0350134957042904,0.012736794654252355,0.2
PPO,cosine,749,14.98,3.396207404441008,0.03624485086897831,0.012388470337311658,0.2
PPO,cosine,750,15.0,3.4014585936251645,0.03752979272939898,0.012515969885163137,0.2
PPO,cosine,751,15.02,3.4072028627000988,0.038768938012301093,0.012288920994869735,0.2
PPO,cosine,752,15.040000000000001,3.4131261747669206,0.03991463663499787,0.013325233714575996,0.2
PPO,cosine,753,15.06,3.4185426936377494,0.041161472374804525,0.012515021450930683,0.2
PPO,cosine,754,15.08,3.423096268878842,0.04251398184420209,0.013121750927849245,0.2
PPO,cosine,755,15.1,3.4278321151229525,0.043907228895682875,0.01205636251834147,0.2
PPO,cosine,756,15.120000000000001,3.4330978798500906,0.045267636656277976,0.012845167383452663,0.2
PPO,cosine,757,15.14,3.4386041153333746,0.04638020046634561,0.012208179165485783,0.2
PPO,cosine,758,15.16,3.4434017158435273,0.046871592978862064,0.013720505635200657,0.2
PPO,cosine,759,15.18,3.4473665268934575,0.04703667360781584,0.013812829078710096,0.2
PPO,cosine,760,15.200000000000001,3.450537805472919,0.04739102563860494,0.014196950041865003,0.2
PPO,cosine,761,15.22,3.4533063297858244,0.04804392182639691,0.014790032091237719,0.2
PPO,cosine,762,15.24,3.456123246841711,0.048926987275530784,0.014380063661038195,0.2
PPO,cosine,763,15.26,3.459411958560717,0.050035430640664104,0.0137605809692473,0.2
PPO,cosine,764,15.280000000000001,3.4633934379809257,0.05134826334835642,0.014183727411158229,0.2
PPO,cosine,765,15.3,3.4680894611561977,0.052820567163144504,0.013271882336747521,0.2
PPO,cosine,766,15.32,3.4733236123604536,0.05433182542897821,0.01380353345965944,0.2
PPO,cosine,767,15.34,3.479049330095816,0.0557897209264702,0.013133561887237173,0.2
PPO,cosine,768,15.36,3.484996996340821,0.057160231388487616,0.014036246163758365,0.2
PPO,cosine,769,15.38,3.490431083509429,0.058588557485212384,0.01340611048181989,0.2
PPO,cosine,770,15.4,3.4949017468506205,0.06009882769966765,0.013799546946654384,0.2
PPO,cosine,771,15.42,3.4995314514688975,0.061651926916112515,0.012764969432674978,0.2
PPO,cosine,772,15.44,3.504708466260456,0.06318291142304877,0.013460293631568712,0.2
PPO,cosine,773,15.46,3.5101815737359625,0.06446678301481283,0.012881130785312061,0.2
PPO,cosine,774,15.48,3.5150195386135636,0.06508215401145959,0.01429809856862562,0.2
PPO,cosine,775,15.5,3.5190429446271656,0.06528830547656296,0.014422891623461899,0.2
PPO,cosine,776,15.52,3.5222868553149667,0.06566318869130823,0.015125741193942705,0.2
PPO,cosine,777,15.540000000000001,3.525085850343482,0.06633975209186649,0.015826883916429797,0.2
PPO,cosine,778,15.56,3.527881248430337,0.06727365561193104,0.01500772735339414,0.2
PPO,cosine,779,15.58,3.5311242992841563,0.06848162744475904,0.014638266543888697,0.2
PPO,cosine,780,15.6,3.5350496719925086,0.0699565491031804,0.015035201799196523,0.2
PPO,cosine,781,15.620000000000001,3.5396886267877745,0.07165212862618384,0.013846297715861265,0.2
PPO,cosine,782,15.64,3.5448795758531326,0.07343615837600732,0.014418585978673463,0.2
PPO,cosine,783,15.66,3.5505530925683586,0.07519970148731094,0.013445383736421766,0.2
PPO,cosine,784,15.68,3.556462092791769,0.07689516521269867,0.013810293372689086,0.2
PPO,cosine,785,15.700000000000001,3.5618488948261207,0.07861729952110735,0.01345164646145017,0.2
PPO,cosine,786,15.72,3.5662316002292607,0.0803673749283431,0.013234120052722882,0.2
PPO,cosine,787,15.74,3.5707531069104625,0.0821352973609205,0.012431270124382764,0.2
PPO,cosine,788,15.76,3.575840335685696,0.08388854482250119,0.01263847872036181,0.2
PPO,cosine,789,15.780000000000001,3.5812545589701132,0.08540257103050286,0.012319655655718213,0.2
PPO,cosine,790,15.8,3.586084548691681,0.08621832345477089,0.013260211655634596,0.2
PPO,cosine,791,15.82,3.5901242502422335,0.08657681840735743,0.013551595274318444,0.2
PPO,cosine,792,15.84,3.5934327024970854,0.08706216485151748,0.014482692976299814,0.2
PPO,cosine,793,15.860000000000001,3.5962848381344616,0.08783014737095902,0.014624727164209244,0.2
PPO,cosine,794,15.88,3.599090509118489,0.08885830004307994,0.013942037087944163,0.2
PPO,cosine,795,15.9,3.6023171269213656,0.09018533282556551,0.013800755965979681,0.2
PPO,cosine,796,15.92,3.6062048771194393,0.09181576998054784,0.013632390327868286,0.2
PPO,cosine,797,15.94,3.610787014818904,0.09370094097551326,0.012680069149088166,0.2
PPO,cosine,798,15.96,3.6159072705518667,0.09570112146670169,0.012760611669426089,0.2
PPO,cosine,799,15.98,3.6215067319285397,0.09770764187213042,0.012069344782864325,0.2
PPO,cosine,800,16.0,3.6273363521479376,0.09966313493551868,0.011901168456492719,0.2
PPO,cosine,801,16.02,3.6326418133297973,0.10163483951596126,0.011863359791894604,0.2
PPO,cosine,802,16.04,3.636954461191763,0.10360388850322058,0.010976105714953714,0.2
PPO,cosine,803,16.06,3.6414173397400074,0.1056206521719257,0.010407553033227473,0.2
PPO,cosine,804,16.080000000000002,3.6464405209465505,0.1076403402769578,0.009975028071966385,0.2
PPO,cosine,805,16.1,3.6517857789337436,0.10942070107397348,0.009981803285105504,0.2
PPO,cosine,806,16.12,3.6565556908468664,0.11046272061278577,0.010235948724305556,0.2
PPO,cosine,807,16.14,3.660545039685504,0.11100458772687205,0.010657823647527645,0.2
PPO,cosine,808,16.16,3.6637631783997167,0.11163158499510172,0.011867894868704574,0.2
PPO,cosine,809,16.18,3.6665117578355777,0.11251408638215782,0.011273690774191146,0.2
PPO,cosine,810,16.2,3.6692258822959616,0.11364836929408915,0.010600478211452123,0.2
PPO,cosine,811,16.22,3.672354471728454,0.11509076904480045,0.010700686484570048,0.2
PPO,cosine,812,16.240000000000002,3.6761290848722314,0.11685761931240479,0.01002693684430013,0.2
PPO,cosine,813,16.26,3.6805866098556583,0.11890772455079084,0.009138875513867528,0.2
PPO,cosine,814,16.28,3.6855915401539967,0.12110002807838675,0.008915740474596617,0.2
PPO,cosine,815,16.3,3.691055103463698,0.12330907439171579,0.008299019195855344,0.2
PPO,cosine,816,16.32,3.6967930770164377,0.12547977573712807,0.007667951649491374,0.2
PPO,cosine,817,16.34,3.702056427514293,0.12761960440420497,0.008064511355128682,0.2
PPO,cosine,818,16.36,3.7062698004858223,0.129712251083857,0.0065403157976724495,0.2
PPO,cosine,819,16.38,3.710571880571672,0.13177770685761278,0.006271665487484829,0.19176668189631274
PPO,cosine,820,16.4,3.7154670123766547,0.13385010925603372,0.005585652795580258,0.1629682199473258
PPO,cosine,821,16.42,3.7207501582539035,0.13572244228084496,0.005848092956275146,0.15433621214685544
PPO,cosine,822,16.44,3.725596944223951,0.13688692635066158,0.005675671521534941,0.14559170609098104
PPO,cosine,823,16.46,3.729732784303654,0.13751138607774932,0.0061308671942295456,0.15901182360751553
PPO,cosine,824,16.48,3.733087726676502,0.1381433457980715,0.008156921119475724,0.16830414005241945
PPO,cosine,825,16.5,3.7359312337593122,0.1390109369928342,0.006669325083447213,0.15028120293964264
PPO,cosine,826,16.52,3.738678599232329,0.14015058166524164,0.006042759210440942,0.14728909325231798
PPO,cosine,827,16.54,3.741809881272714,0.14162701193991695,0.00689519638863222,0.14116333353640875
PPO,cosine,828,16.56,3.745582884664274,0.14345264322615803,0.005407836109800978,0.116076276239787
PPO,cosine,829,16.580000000000002,3.750053883493501,0.14559004040601012,0.0049949475282341435,0.106306125089354
PPO,cosine,830,16.6,3.75509706060858,0.14791227940366833,0.004218044817642673,0.08497245007338328
PPO,cosine,831,16.62,3.760528864585988,0.15026438272239273,0.004595371716153972,0.07850523264603027
PPO,cosine,832,16.64,3.766087964546348,0.15255530879574775,0.0025642981948185268,0.06657637603968158
PPO,cosine,833,16.66,3.771134219865063,0.1548298925796149,0.0048653130463932525,0.058352975531896556
PPO,cosine,834,16.68,3.775384348130118,0.15698846651518492,0.0015602818088335066,0.036249214938517405
PPO,cosine,835,16.7,3.779856639260171,0.15915535354218352,0.0036745073460915977,0.017025823414859143
PPO,cosine,836,16.72,3.7848865578340303,0.16128032958532215,0.0014286737843171799,-0.0023855742941009117
PPO,cosine,837,16.740000000000002,3.7903189195511726,0.16307540290281305,0.004345882653713291,-0.012033879243300459
PPO,cosine,838,16.76,3.795385244081176,0.16433997897476824,0.00096120046987215,-0.008572526911785892
PPO,cosine,839,16.78,3.7997737339831428,0.16532288173484946,0.003536257821220739,-0.002059560254037751
PPO,cosine,840,16.8,3.80310394674848,0.16624607769319902,0.0035350036542182444,-0.0041789370897207245
PPO,cosine,841,16.82,3.805882985555454,0.1672947618501123,0.0005880294715931631,-0.008011026371950504
PPO,cosine,842,16.84,3.8087644904407947,0.16855613258313423,0.002581171818712978,-0.013294963101329382
PPO,cosine,843,16.86,3.812239008599521,0.17006090625839612,0.004183980070581413,-0.018883606978753686
PPO,cosine,844,16.88,3.8165120887848705,0.17178017381277266,0.0010108461744562196,-0.023302815904536534
PPO,cosine,845,16.9,3.821596808744248,0.17371175418044307,0.00478389997218317,-0.025566118589827824
PPO,cosine,846,16.92,3.827238501424036,0.17575392755513286,0.0020510562857116916,-0.02710699305211317
PPO,cosine,847,16.94,3.8331746467178545,0.17776237036792156,0.0033098583551389167,-0.02155071636871453
PPO,cosine,848,16.96,3.8388947152122737,0.17965692619522405,0.0036533375911448965,-0.016972267062642432
PPO,cosine,849,16.98,3.843689704648929,0.1812903643927493,0.0029768580868657804,-0.014029893130982686
PPO,cosine,850,17.0,3.8484482007273337,0.18282465179156016,0.0034159385035410464,-0.01952170129099051
PPO,cosine,851,17.02,3.8535358025833086,0.18433741807650425,0.003122493812607556,-0.02185178012569844
PPO,cosine,852,17.04,3.8589745472170094,0.18568562466318891,0.0035877680268918736,-0.02358803286299593
PPO,cosine,853,17.06,3.8643160124725755,0.18676854673025792,0.002197516282134244,-0.014810349141880173
PPO,cosine,854,17.080000000000002,3.8691822879936386,0.18774528597577203,0.0031341683162441967,-0.008078676637871762
PPO,cosine,855,17.1,3.8728171328658356,0.18890065444328022,0.0036619009023456804,-0.01205500468971721
PPO,cosine,856,17.12,3.87561459479019,0.19029689145162348,0.0013337342707830282,-0.024822653225557104
PPO,cosine,857,17.14,3.878409164274513,0.19191934505439615,0.0032919216195002837,-0.041671103743581295
PPO,cosine,858,17.16,3.881786197876083,0.19377199258337624,0.004918521507550781,-0.053472798914839914
PPO,cosine,859,17.18,3.8859758625551426,0.19577126257688598,0.0035130631927059795,-0.06785897615186137
PPO,cosine,860,17.2,3.8910038264960516,0.19785182746020227,0.006052772934373767,-0.07147144550532558
PPO,cosine,861,17.22,3.8966883782194177,0.19994169543978152,0.004641938405849137,-0.07953076453150854
PPO,cosine,862,17.240000000000002,3.9027324972361255,0.20190211120380708,0.005224743549551054,-0.07103268397815155
PPO,cosine,863,17.26,3.908747769846918,0.203691248342612,0.0058428894060783935,-0.06785787807475008
PPO,cosine,864,17.28,3.9140342693811823,0.20521578615661673,0.004674318746932532,-0.05495252620451036
PPO,cosine,865,17.3,3.919153133276218,0.2065351134029505,0.005890668158776468,-0.05751076103878261
PPO,cosine,866,17.32,3.924577658758845,0.20777739312389232,0.00407544571708215,-0.04986345174689594
PPO,cosine,867,17.34,3.930341231536871,0.2088551196984263,0.006001207120276818,-0.047655005519039284
PPO,cosine,868,17.36,3.936023576019319,0.2096554615116816,0.0025821492083291787,-0.029671444871313735
PPO,cosine,869,17.38,3.9411260689270784,0.2102997626784767,0.005458393803370897,-0.014227335963058918
PPO,cosine,870,17.400000000000002,3.944893463502262,0.2111510872112423,0.0020249970592453124,-0.012248441844576186
PPO,cosine,871,17.42,3.9477246944113866,0.2123152034713329,0.002559864873423191,-0.021398687962300933
PPO,cosine,872,17.44,3.9504671755895013,0.21373881450714396,0.00537663506359393,-0.036317207316652333
PPO,cosine,873,17.46,3.953761840110776,0.21542575120031637,0.003796924326949295,-0.046637236879100374
PPO,cosine,874,17.48,3.9578802410259235,0.21729617200284845,0.0045830895341140475,-0.061653545446435754
PPO,cosine,875,17.5,3.9628474921057184,0.21927283091501648,0.005161910268889085,-0.0659454239971427
PPO,cosine,876,17.52,3.968527334082431,0.22129251607070408,0.005873939211944508,-0.07680984307768668
PPO,cosine,877,17.54,3.974607668984613,0.2232157573119317,0.005080785570436601,-0.07084391424274628
PPO,cosine,878,17.56,3.980727347078718,0.22498305035180036,0.006949948628362058,-0.0597388374090152
PPO,cosine,879,17.580000000000002,3.98618233856538,0.22654581224446796,0.005228788875588429,-0.060570334395361684
PPO,cosine,880,17.6,3.991284501072359,0.22790620310420243,0.006593411450159683,-0.05540198704270988
PPO,cosine,881,17.62,3.9966135293388945,0.22919782950893913,0.005108291136150637,-0.06256681627124339
PPO,cosine,882,17.64,4.002344925465738,0.23034415998061306,0.005591785436642994,-0.056387581772148476
PPO,cosine,883,17.66,4.00814333956474,0.2311700456553674,0.0046002999105289825,-0.050901327498105005
PPO,cosine,884,17.68,4.013282816974571,0.2316854126520259,0.00405414615183824,-0.032261216575604656
PPO,cosine,885,17.7,4.017074568015246,0.2323081340446098,0.002838393936541399,-0.02749860012428784
PPO,cosine,886,17.72,4.01986817738604,0.23318183978750376,0.004864446918212801,-0.03301975878859464
PPO,cosine,887,17.740000000000002,4.022481205355228,0.23428570691388287,0.004740282660039925,-0.03795538949937349
PPO,cosine,888,17.76,4.025559357187049,0.23561410025947446,0.003654194384644081,-0.04881402764981885
PPO,cosine,889,17.78,4.0294461442128116,0.23710818737272796,0.005665814749997093,-0.05975193618299235
PPO,cosine,890,17.8,4.034197127081009,0.23870987404223878,0.004690305814691604,-0.05998209681208844
PPO,cosine,891,17.82,4.039741888387878,0.24040385151810045,0.006397417783984901,-0.06796072268023756
PPO,cosine,892,17.84,4.045755426714832,0.24206887590960718,0.0048328389690254735,-0.061252670210623916
PPO,cosine,893,17.86,4.051905222365333,0.24362618763072044,0.006134743387739995,-0.05057553002400628
PPO,cosine,894,17.88,4.05749650650631,0.24507150127508484,0.005245944045422947,-0.05041738535386253
PPO,cosine,895,17.900000000000002,4.062352074645661,0.24635601986815833,0.005951714703052184,-0.04623980134092031
PPO,cosine,896,17.92,4.067413009362212,0.24765987620664592,0.005321135136393738,-0.057147138588087176
PPO,cosine,897,17.94,4.072890406529403,0.24889428621979773,0.0056317403704608995,-0.05783989247227029
PPO,cosine,898,17.96,4.078587336404394,0.24984446050693343,0.0053200431591888244,-0.06164854875874548
PPO,cosine,899,17.98,4.083729425604155,0.2504642527400758,0.004451180914630331,-0.04773057393469632
PPO,cosine,900,18.0,4.087915693604781,0.25110388216571067,0.004006491697663826,-0.04517010095033863
PPO,cosine,901,18.02,4.090901126831604,0.251916547606552,0.006203120313422224,-0.053122796576638764
PPO,cosine,902,18.04,4.093444858318057,0.2529041690863409,0.004710292703089529,-0.058211435938240075
PPO,cosine,903,18.06,4.096268144871711,0.25407108691513836,0.004479378404677954,-0.07047263473109905
PPO,cosine,904,18.080000000000002,4.099829485714877,0.2553666783036438,0.006477221066435776,-0.08211148715667477
PPO,cosine,905,18.1,4.104296719710848,0.2567157281097686,0.005397745755342823,-0.08013715996915088
PPO,cosine,906,18.12,4.109662084906472,0.25811254337657913,0.0067694336675902895,-0.08692138972097269
PPO,cosine,907,18.14,4.115641704291397,0.25948663753426526,0.0053838622784025784,-0.07718047183617177
PPO,cosine,908,18.16,4.121912160332765,0.2607032578947251,0.006517392421079089,-0.06194125345561958
PPO,cosine,909,18.18,4.1279342292177095,0.26177582859881227,0.005397741488950707,-0.05374207429483136
PPO,cosine,910,18.2,4.133079637277218,0.2626220968614941,0.005489414449491143,-0.040086929809316885
PPO,cosine,911,18.22,4.138299170848775,0.2634643750315053,0.004990832704713582,-0.04123209146899193
PPO,cosine,912,18.240000000000002,4.143780050354939,0.26429219339637006,0.00467559012480154,-0.037042361262007883
PPO,cosine,913,18.26,4.149441150100852,0.2649517075076629,0.004844455903037335,-0.03722081207813266
PPO,cosine,914,18.28,4.154788313445749,0.26542709263531783,0.0032989453979960907,-0.026179141556171737
PPO,cosine,915,18.3,4.159525327408826,0.26600077074337375,0.0040322077120916,-0.023748577903461687
PPO,cosine,916,18.32,4.163077804222246,0.2669647859278033,0.004354572647258575,-0.03178176065714228
PPO,cosine,917,18.34,4.1659255457395785,0.26825177079023704,0.0034432836597612774,-0.05138144112693483
PPO,cosine,918,18.36,4.1688764302322046,0.2697290502562434,0.005142722141137597,-0.07476302462736312
PPO,cosine,919,18.38,4.172477531920793,0.2713172877687951,0.00625331132192505,-0.08770260993991877
PPO,cosine,920,18.400000000000002,4.176930317210354,0.2728978619736491,0.005939212787622859,-0.10634449668477702
PPO,cosine,921,18.42,4.182248737614137,0.2743906781774888,0.007244421300991898,-0.1086071625993755
PPO,cosine,922,18.44,4.188221706618624,0.2757339231984862,0.006943014913448089,-0.11766332644284361
PPO,cosine,923,18.46,4.194505045398328,0.27682366836801614,0.006522396791928411,-0.10407584225612942
PPO,cosine,924,18.48,4.200695872874502,0.27769412091707263,0.007828853123115376,-0.0976795810535302
PPO,cosine,925,18.5,4.2061170422724175,0.2782834930765959,0.005719710973265733,-0.07718055882962352
PPO,cosine,926,18.52,4.211529406227641,0.27873262329997883,0.006988906831019598,-0.06342989211569255
PPO,cosine,927,18.54,4.217227728382892,0.2790920114702569,0.004677117171862994,-0.06092379701625508
PPO,cosine,928,18.56,4.223096200300875,0.2792525401665363,0.005022290796520961,-0.04741100413096355
PPO,cosine,929,18.580000000000002,4.228624691364428,0.27922151501633274,0.0034544737045027227,-0.033141089964953685
PPO,cosine,930,18.6,4.233579535915856,0.2793362381885195,0.0037964070159972932,-0.021238694948524456
PPO,cosine,931,18.62,4.23731284460029,0.2799524996490891,0.0021432207233008493,-0.025240885853633155
PPO,cosine,932,18.64,4.240235672891391,0.2810186365418359,0.004503235836112657,-0.04189759300319695
PPO,cosine,933,18.66,4.243197701008519,0.28235091804939616,0.004849680905583063,-0.06009483483190431
PPO,cosine,934,18.68,4.246797674404873,0.2838438951411808,0.004410374723877815,-0.08252857651450085
PPO,cosine,935,18.7,4.251258712714544,0.2853692797885765,0.007252694559797095,-0.10528637443129268
PPO,cosine,936,18.72,4.256577543086351,0.2868187782058987,0.005837838890120374,-0.11301547111040891
PPO,cosine,937,18.740000000000002,4.262573830435883,0.28811159981395806,0.007210886142348182,-0.11439108883514332
PPO,cosine,938,18.76,4.2689061545958005,0.28915784517596427,0.006887916841365814,-0.1204055319235384
PPO,cosine,939,18.78,4.275154471954005,0.2899935922759282,0.006354754029549531,-0.1061479056978998
PPO,cosine,940,18.8,4.280625218728337,0.2905566647650037,0.007472081552639915,-0.10416850516865409
PPO,cosine,941,18.82,4.286043039713723,0.29095427039644356,0.005721661728367256,-0.09267466945996139
PPO,cosine,942,18.84,4.291732860464578,0.29122190529536274,0.0070869096567081225,-0.0844573225127289
PPO,cosine,943,18.86,4.297611755343295,0.2912602401577133,0.004615459897710041,-0.08126765687098134
PPO,cosine,944,18.88,4.303185675367314,0.29107635832500706,0.005081410673371028,-0.06378489023544463
PPO,cosine,945,18.900000000000002,4.308202685602056,0.2909855720754436,0.0032192122567313566,-0.05433486025095412
PPO,cosine,946,18.92,4.311964271912817,0.2914053812898176,0.005700631033336795,-0.05574120573149799
PPO,cosine,947,18.94,4.314908766609088,0.29230230791322054,0.0039026126228206273,-0.07045390719509392
PPO,cosine,948,18.96,4.317904358625522,0.29345810947932244,0.004376221298572452,-0.09088178614824145
PPO,cosine,949,18.98,4.32155367787352,0.2947410688357785,0.007097215648270431,-0.11369219583055551
PPO,cosine,950,19.0,4.326086898589272,0.2960098950894824,0.0058348012656155085,-0.1233108221194414
PPO,cosine,951,19.02,4.331498135132475,0.29716277997762536,0.00810432889711032,-0.14187321255433927
PPO,cosine,952,19.04,4.337583920483932,0.2981479846339028,0.006789531068549632,-0.14050794229297703
PPO,cosine,953,19.06,4.343986378026791,0.2988785206334682,0.00726217705059482,-0.13108210296506853
PPO,cosine,954,19.080000000000002,4.350274795348174,0.29942256402772344,0.007658498473128774,-0.1294801836392634
PPO,cosine,955,19.1,4.3558107199252465,0.2997395148320483,0.0065552489834532985,-0.11328221202410635
PPO,cosine,956,19.12,4.361399630106719,0.2999493209447368,0.007791682401979854,-0.11574862112159835
PPO,cosine,957,19.14,4.3672101210207215,0.3000462250934186,0.005804488593405227,-0.10648087766164428
PPO,cosine,958,19.16,4.37309360431381,0.2999314397175064,0.00642277814875899,-0.09616298360550224
PPO,cosine,959,19.18,4.3785700168287995,0.2996712200350398,0.004770771280506344,-0.08902198302074558
PPO,cosine,960,19.2,4.383485590756619,0.2996299763121884,0.0053845942472941785,-0.08032385833567232
PPO,cosine,961,19.22,4.387155846802916,0.3001514723237943,0.004312604318674912,-0.09175360375778074
PPO,cosine,962,19.240000000000002,4.390127450406252,0.30109923411278205,0.0059638363638509105,-0.11365327971975539
PPO,cosine,963,19.26,4.393256552188724,0.30224182929566834,0.0070023897536672835,-0.12764332850088042
PPO,cosine,964,19.28,4.397066544977349,0.3034020631957657,0.006861705284337323,-0.150677903305089
PPO,cosine,965,19.3,4.4017680422392385,0.3044289833403797,0.009047509914910394,-0.17311499058577257
PPO,cosine,966,19.32,4.407357479589521,0.30523254819562845,0.008048005059549218,-0.17223043486567413
PPO,cosine,967,19.34,4.413546549738063,0.3057735491221508,0.008876568389597437,-0.16402926080921396
PPO,cosine,968,19.36,4.419951554164932,0.3059890872782293,0.008627832344222262,-0.1640843028040865
PPO,cosine,969,19.38,4.426155712381479,0.3059891321744876,0.007817108443719835,-0.1376242680005517
PPO,cosine,970,19.400000000000002,4.4317198151021415,0.3057549787418603,0.008654070679161121,-0.13013404875807877
PPO,cosine,971,19.42,4.437488737287376,0.30544058085897935,0.0067287775891481305,-0.1114231336660537
PPO,cosine,972,19.44,4.443520542562498,0.3050481113684683,0.007115613134350398,-0.09846866579829448
PPO,cosine,973,19.46,4.449490884945716,0.3044854949651932,0.0057809670579683555,-0.09412963802547067
PPO,cosine,974,19.48,4.454764142242525,0.3039441824801635,0.005264349664687355,-0.07700787591277468
PPO,cosine,975,19.5,4.459207799573805,0.303882879697246,0.004818997430086396,-0.07868035310237331
PPO,cosine,976,19.52,4.46252576416933,0.3045304451378606,0.006928959287441557,-0.08906579528756273
PPO,cosine,977,19.54,4.465392895072943,0.3055893410431999,0.006282703241198277,-0.11533582830745229
PPO,cosine,978,19.56,4.468500861664104,0.3067877401525515,0.007213838296045542,-0.14598452331507392
PPO,cosine,979,19.580000000000002,4.4723132262310585,0.30792256856058225,0.009589406147630866,-0.15847308112241468
PPO,cosine,980,19.6,4.4770010380323075,0.3088318937431003,0.00901078962762063,-0.182835980475793
PPO,cosine,981,19.62,4.48254904058866,0.30939582758247824,0.010656414883605454,-0.18143393022772283
PPO,cosine,982,19.64,4.488677656226035,0.30957169623759506,0.009697616800864079,-0.19163630016264643
PPO,cosine,983,19.66,4.494999702560882,0.30933992387484427,0.009669713207245356,-0.16802779308898447
PPO,cosine,984,19.68,4.501154412979865,0.3088294574340221,0.009559341489044778,-0.15601415392445203
PPO,cosine,985,19.7,4.506727686385348,0.308029501242965,0.008086245546727313,-0.12102633546350931
PPO,cosine,986,19.72,4.512492884933806,0.3070989323397558,0.008686934014772654,-0.1104239603679068
PPO,cosine,987,19.740000000000002,4.518495790530893,0.30605366332587586,0.006230176778199259,-0.08573901596079578
PPO,cosine,988,19.76,4.524369883375755,0.3048514080927988,0.0060089103668952695,-0.06192840390674117
PPO,cosine,989,19.78,4.5294544893296305,0.3037556352075616,0.0044366937956809745,-0.0455670627441091
PPO,cosine,990,19.8,4.533727370476748,0.30327847808650077,0.005358614036665401,-0.035951411067441826
PPO,cosine,991,19.82,4.536961111379339,0.3036813453894356,0.004188701553844766,-0.050299940283813765
PPO,cosine,992,19.84,4.539809997428419,0.30457990131392265,0.005521879630363148,-0.07664121298919639
PPO,cosine,993,19.86,4.542913269433869,0.3056518855980378,0.007917132362178564,-0.09666600529804786
PPO,cosine,994,19.88,4.546715653088633,0.30666664032816626,0.0074609357218526325,-0.12686516572428566
PPO,cosine,995,19.900000000000002,4.551391878473544,0.30746062953871955,0.009047321199529867,-0.15645154305361994
PPO,cosine,996,19.92,4.556901680853832,0.3078876716915542,0.009004504565960803,-0.15922873076671581
PPO,cosine,997,19.94,4.563007454679552,0.307875439201547,0.010446726964710678,-0.15256424376057234
PPO,cosine,998,19.96,4.569381033315532,0.3074222909373004,0.009097256995841447,-0.15514957298648888
PPO,cosine,999,19.98,4.575627077328666,0.30667625223681466,0.008883076974673184,-0.12723224171589811
PPO,cosine,1000,20.0,4.581130227895806,0.3057083844477078,0.008446286518289313,-0.1148011481681934
PPO,cosine,1001,20.02,4.5867025359937985,0.3045964334359714,0.0071788438184958725,-0.08837169688895966
PPO,cosine,1002,20.04,4.592467643528968,0.3033001071108378,0.007557956742277155,-0.0797664527724235
PPO,cosine,1003,20.06,4.59819551886827,0.3017688622304851,0.004924719579343551,-0.05350750663240311
PPO,cosine,1004,20.080000000000002,4.603316296483295,0.30020550317619926,0.0059218774800953765,-0.026273022341638835
PPO,cosine,1005,20.1,4.6079653648462084,0.29905243587402525,0.0028651539903502775,-0.012147131104811165
PPO,cosine,1006,20.12,4.6115942179571,0.2987774014195285,0.0046861638354842765,-0.01562297286392006
PPO,cosine,1007,20.14,4.614599774740775,0.2991294168675409,0.004796859353224242,-0.02834466434079141
PPO,cosine,1008,20.16,4.617761995183251,0.29973027040343414,0.0042650014476705725,-0.05041771069076583
PPO,cosine,1009,20.18,4.621617332648652,0.30033445113195784,0.006251366222629171,-0.07571462289393383
PPO,cosine,1010,20.2,4.626346458890263,0.3007706077718643,0.006255705079546507,-0.08811744389959238
PPO,cosine,1011,20.22,4.631896012615199,0.30091502267567144,0.007519952122585692,-0.1090753110839604
PPO,cosine,1012,20.240000000000002,4.638054978931617,0.3007189336913163,0.006924123583392246,-0.1089384935691121
PPO,cosine,1013,20.26,4.6445188986160595,0.3001762111368233,0.007982071397032957,-0.10062118282701638
PPO,cosine,1014,20.28,4.650840930839694,0.29941604059773536,0.00723556233598194,-0.09981431324764284
PPO,cosine,1015,20.3,4.656299308703733,0.2985828240701286,0.006854876036381522,-0.08218763941636464
PPO,cosine,1016,20.32,4.661697960146396,0.29760612539904946,0.006942905940018174,-0.082442677858718
PPO,cosine,1017,20.34,4.667296956507633,0.2964289210717472,0.005615779108376366,-0.07021203233798357
PPO,cosine,1018,20.36,4.672967807482014,0.29497662026378935,0.006639208872050039,-0.06484282098221855
PPO,cosine,1019,20.38,4.678237529393917,0.29336880730306786,0.003675543002743873,-0.042073054787052866
PPO,cosine,1020,20.400000000000002,4.683003904292542,0.2919790706715704,0.005676528776152479,-0.02898929159999125
PPO,cosine,1021,20.42,4.686724347935211,0.2913680771037026,0.003026402343143266,-0.026255018310986922
PPO,cosine,1022,20.44,4.6897529433075205,0.2914188652683627,0.0034679400301265146,-0.03864044685134993
PPO,cosine,1023,20.46,4.6928686508060276,0.2917283453968716,0.005974758368413276,-0.057493914619305246
PPO,cosine,1024,20.48,4.6966421769741205,0.292032882093038,0.004872103799849152,-0.06985478123665745
PPO,cosine,1025,20.5,4.701273371788561,0.29213962325370535,0.0059334679487929535,-0.088689699632716
PPO,cosine,1026,20.52,4.706731402126036,0.29195279055894513,0.0060457538817259345,-0.09374070125214835
PPO,cosine,1027,20.54,4.712822463163462,0.291462047978168,0.007380907376969779,-0.10646801857187599
PPO,cosine,1028,20.56,4.719233546086745,0.29066599919288244,0.006166303358246271,-0.09845533597131462
PPO,cosine,1029,20.580000000000002,4.725509012411479,0.28970633525615136,0.006889292458611487,-0.0848557422965473
PPO,cosine,1030,20.6,4.730936310689757,0.28874571194023885,0.006299139444976842,-0.0836575097918491
PPO,cosine,1031,20.62,4.736284487338917,0.28766823561950433,0.006121222462929204,-0.07372956498975425
PPO,cosine,1032,20.64,4.741820118869042,0.2864213514926561,0.006090506822454904,-0.0769691993181722
PPO,cosine,1033,20.66,4.747452812070703,0.2849138525525816,0.004706060797080691,-0.06552704994520264
PPO,cosine,1034,20.68,4.752736275426346,0.28324501951824993,0.005687733448939071,-0.05533524084800501
PPO,cosine,1035,20.7,4.757491584660512,0.2817589117454625,0.0031492322264337386,-0.03975940374670611
PPO,cosine,1036,20.72,4.761202026768413,0.2810558895710534,0.004067168129029687,-0.042056376996148725
PPO,cosine,1037,20.740000000000002,4.7642410910538056,0.28101787721585997,0.005470356460916334,-0.05083045190992363
PPO,cosine,1038,20.76,4.7673488183260595,0.28121202292541875,0.004260485807661658,-0.06793002463101118
PPO,cosine,1039,20.78,4.771081976812987,0.2813558974467762,0.00537212019574915,-0.08689621965639577
PPO,cosine,1040,20.8,4.775658599388563,0.281248605094294,0.006387715534823776,-0.09333849974914127
PPO,cosine,1041,20.82,4.781056538766535,0.2808008735992212,0.006318660115727508,-0.10803578699269345
PPO,cosine,1042,20.84,4.78708727250357,0.2800292399110531,0.006556833288772223,-0.10487914445937296
PPO,cosine,1043,20.86,4.7934309865807805,0.27893728598060497,0.007675607906215745,-0.10915229811291216
PPO,cosine,1044,20.88,4.799646981416168,0.2776941342715887,0.006196527961156815,-0.0922044809401732
PPO,cosine,1045,20.900000000000002,4.805028298954063,0.2764789847794279,0.007264790908157881,-0.07616434534751643
PPO,cosine,1046,20.92,4.810340627054046,0.27515514153409254,0.00578785373870048,-0.07703566710107046
PPO,cosine,1047,20.94,4.815810879696657,0.27366925310905915,0.0061464212473072415,-0.06742353146610745
PPO,cosine,1048,20.96,4.821352452495948,0.27194277454191307,0.00520395323443126,-0.06540429797064573
PPO,cosine,1049,20.98,4.826537915085988,0.27009340374612517,0.004393453176545961,-0.0470876660298788
PPO,cosine,1050,21.0,4.831225622122432,0.26846878687297765,0.004045168166517199,-0.03812514899135461
PPO,cosine,1051,21.02,4.834902323098794,0.2676794689153782,0.004892086750600668,-0.03658962952795581
PPO,cosine,1052,21.04,4.837940062844551,0.2675714744827351,0.0036277161536243637,-0.05045096137366789
PPO,cosine,1053,21.06,4.841066865498628,0.2676816166171272,0.004793377822285429,-0.0693072787562823
PPO,cosine,1054,21.080000000000002,4.844820876021816,0.2677096689187311,0.006683792421656441,-0.0785990564339375
PPO,cosine,1055,21.1,4.849400381990234,0.2674459030671328,0.0057257892344358755,-0.09547976300864891
PPO,cosine,1056,21.12,4.854786559035112,0.26680373241933825,0.007788493681108215,-0.09663819523144279
PPO,cosine,1057,21.14,4.860782886530744,0.2658046516285293,0.006620328580125445,-0.10656433003641053
PPO,cosine,1058,21.16,4.867081602112744,0.26446705989817804,0.006959268803108251,-0.09459567067454633
PPO,cosine,1059,21.18,4.873239335822152,0.26297131871659124,0.007435682637391103,-0.09205511178934833
PPO,cosine,1060,21.2,4.878551858939843,0.2615331733751184,0.006179192269987777,-0.07311470610779747
PPO,cosine,1061,21.22,4.8838067650828085,0.25998824195401243,0.007318899555359455,-0.07330331394983425
PPO,cosine,1062,21.240000000000002,4.8892198868729535,0.2582702632712341,0.005274872976141959,-0.060467164302948066
PPO,cosine,1063,21.26,4.894690046279407,0.25630762278618674,0.006513536527362864,-0.04656310930608576
PPO,cosine,1064,21.28,4.8997789167920445,0.25423504478759734,0.003798075037378683,-0.035234150567296396
PPO,cosine,1065,21.3,4.904369290697962,0.2524093963220033,0.005499016058542499,-0.018900411679006242
PPO,cosine,1066,21.32,4.907996857501756,0.2514592814451558,0.0030197252890103066,-0.020826902003883596
PPO,cosine,1067,21.34,4.9110139517052005,0.25122191682852335,0.003967380284693301,-0.03428689284786279
PPO,cosine,1068,21.36,4.914121642871546,0.25121216181845346,0.006554082422245737,-0.05334623822700457
PPO,cosine,1069,21.38,4.917855081961223,0.25111286728312826,0.0050750398866078045,-0.062203293648604885
PPO,cosine,1070,21.400000000000002,4.92240750986087,0.2507089274563826,0.0062801291489031075,-0.07991391560941795
PPO,cosine,1071,21.42,4.9277521573636385,0.24991269242412234,0.006318260065472625,-0.08071983292440943
PPO,cosine,1072,21.44,4.933701504074853,0.24874367814678036,0.007513806877807158,-0.09165980652773631
PPO,cosine,1073,21.46,4.939967240654876,0.24722606088194357,0.006336673435622057,-0.07949890000299842
PPO,cosine,1074,21.48,4.946100479775127,0.24553820629563786,0.007250538492069071,-0.06183684582291116
PPO,cosine,1075,21.5,4.9513860170905515,0.24395356309949615,0.006194964775986159,-0.05791711646341846
PPO,cosine,1076,21.52,4.956513268593426,0.24225964198197047,0.006447458548912637,-0.043558591820116455
PPO,cosine,1077,21.54,4.96182093539833,0.2403725919211435,0.005594683554488205,-0.04371105610049608
PPO,cosine,1078,21.56,4.967227015761034,0.2382108390384927,0.004868046786664765,-0.027986941789781672
PPO,cosine,1079,21.580000000000002,4.9722905206035755,0.23588595426349315,0.004687727975154387,-0.014325829062714845
PPO,cosine,1080,21.6,4.976669179056739,0.2337901423607308,0.0033824940577845113,0.007200557575245515
PPO,cosine,1081,21.62,4.980138206765317,0.2325499737834655,0.0025227608730834577,0.01134090249803299
PPO,cosine,1082,21.64,4.9829697844980965,0.2320893207726494,0.004840601843353334,0.0027122669445334147
PPO,cosine,1083,21.66,4.985788718909667,0.23192580514890393,0.004536818091522709,-0.006003896406316156
PPO,cosine,1084,21.68,4.989167437264483,0.23172671287240207,0.003670670849679281,-0.02207219405948513
PPO,cosine,1085,21.7,4.99337515677981,0.23126569676535477,0.005939934719706391,-0.038752358418584376
PPO,cosine,1086,21.72,4.998393317476453,0.2304494492786207,0.004996096091666587,-0.04176551650769533
PPO,cosine,1087,21.740000000000002,5.004111299987211,0.22926229600963766,0.006922579125145181,-0.05369243520876077
PPO,cosine,1088,21.76,5.010248599959407,0.22773981781057567,0.005370066674741977,-0.046449480565704644
PPO,cosine,1089,21.78,5.016489525888113,0.2259700901881537,0.006305636378285441,-0.03383090429471647
PPO,cosine,1090,21.8,5.022206544732164,0.2243210540124422,0.005820324787640555,-0.032138577117945544
PPO,cosine,1091,21.82,5.027186668478346,0.22292517774965262,0.005896743503159862,-0.021535627774056154
PPO,cosine,1092,21.84,5.032261531566113,0.22146781828620932,0.0058051655287611695,-0.030015106316656603
PPO,cosine,1093,21.86,5.0375551204069815,0.2197659952199826,0.005508649789225486,-0.024930111480846787
PPO,cosine,1094,21.88,5.04286384263057,0.21770177875556715,0.0056010641012216025,-0.025104393729726393
PPO,cosine,1095,21.900000000000002,5.047556222161755,0.21553626612630955,0.004160327441160287,-0.0035152371273181604
PPO,cosine,1096,21.92,5.051667401062766,0.2136310454243568,0.003908296221157173,0.0069692592473091786
PPO,cosine,1097,21.94,5.054931322163257,0.21256802735286004,0.005304538017985351,0.012547761453666206
PPO,cosine,1098,21.96,5.0576846849966355,0.2121833739279743,0.0036783173262112602,0.0014281607366413152
PPO,cosine,1099,21.98,5.060628674835826,0.21199984456651813,0.00406399484685384,-0.01505510823025713
PPO,cosine,1100,22.0,5.064280845992464,0.21169005742180116,0.006624733331530543,-0.0338172515578421
PPO,cosine,1101,22.02,5.068782197366006,0.21104835610579795,0.005386871576729998,-0.037250500251567724
PPO,cosine,1102,22.04,5.074064785635449,0.20998828848332107,0.007084215658002291,-0.05177982512557
PPO,cosine,1103,22.06,5.079967659985039,0.20851937110387497,0.005973890662635078,-0.045353676655892516
PPO,cosine,1104,22.080000000000002,5.086201810166446,0.20667231372234143,0.007258878651780277,-0.0324903302391526
PPO,cosine,1105,22.1,5.092414099703617,0.20458642865546825,0.006210320496938231,-0.029026160372749854
PPO,cosine,1106,22.12,5.0979468797364165,0.20267778610758105,0.005902283408079225,-0.008645981185115392
PPO,cosine,1107,22.14,5.1030590890215635,0.2008287718442587,0.006085156498083662,-0.008183783429472125
PPO,cosine,1108,22.16,5.108216114404536,0.19885041352438224,0.005057787237277649,0.004700392046085633
PPO,cosine,1109,22.18,5.11355575033842,0.1965913838025177,0.005762051745646045,0.006986808424948032
PPO,cosine,1110,22.2,5.1187380837458445,0.19405103938550636,0.0032752840133025932,0.028980733045990914
PPO,cosine,1111,22.22,5.1229832558975295,0.19167942714767663,0.004541851727374636,0.04826299363748875
PPO,cosine,1112,22.240000000000002,5.12649548375353,0.18993925639022027,0.0030041121841288794,0.0649380495930506
PPO,cosine,1113,22.26,5.129147841370532,0.18911221474235318,0.0014929378598803754,0.06191102795039549
PPO,cosine,1114,22.28,5.131561246341196,0.1887695318634106,0.003182971823163012,0.05021881844387056
PPO,cosine,1115,22.3,5.134369591792097,0.18851554192827827,0.005676077358954487,0.040823511476419494
PPO,cosine,1116,22.32,5.137952414003527,0.1880868216110699,0.0034499088879501737,0.025905769774882126
PPO,cosine,1117,22.34,5.142400826441388,0.18732368775928226,0.0046526334806668256,0.01126450294739334
PPO,cosine,1118,22.36,5.147654999865378,0.1861617763551126,0.0046325862418812045,0.01017762335899175
PPO,cosine,1119,22.38,5.153497497629591,0.18463414845798043,0.005765520880207529,0.00202923531222865
PPO,cosine,1120,22.400000000000002,5.159657263498303,0.18277595829004284,0.004366639932868036,0.012067421196462091
PPO,cosine,1121,22.42,5.1656468765258365,0.18079654172857745,0.006119732223763739,0.026129336811709373
PPO,cosine,1122,22.44,5.1707971410522235,0.1791244786566855,0.004278709924745479,0.02673827723845268
PPO,cosine,1123,22.46,5.1757410561485395,0.17743855397618705,0.005862557824401313,0.03459757764009075
PPO,cosine,1124,22.48,5.180797597780727,0.17555401626162445,0.0038778672367427154,0.031653667252873996
PPO,cosine,1125,22.5,5.18600032400621,0.17330676700649303,0.00486818374813946,0.04408054573490139
PPO,cosine,1126,22.52,5.190951101157867,0.17077652798574666,0.002779194501871257,0.05757539876012441
PPO,cosine,1127,22.54,5.1950159604608865,0.16843347587054247,0.00433277316238645,0.08143756679409475
PPO,cosine,1128,22.56,5.198214474607298,0.16682929835835314,0.0008599310273504335,0.09236703480136077
PPO,cosine,1129,22.580000000000002,5.20069478562322,0.16597071234616909,0.002034236893465089,0.09216425854120612
PPO,cosine,1130,22.6,5.203051133092143,0.16545996679264777,0.004432632216008099,0.08544497832284272
PPO,cosine,1131,22.62,5.205911308466714,0.16494854900392966,0.003407103870182016,0.07872627882017968
PPO,cosine,1132,22.64,5.20957593897288,0.1642280907421359,0.0015483260942577622,0.06947550676763226
PPO,cosine,1133,22.66,5.214061881563511,0.16320117844836807,0.005385948736715954,0.060726813129524104
PPO,cosine,1134,22.68,5.219317875788756,0.16186589951994282,0.002131263957943537,0.059796686941779975
PPO,cosine,1135,22.7,5.225114204152263,0.16027019582735438,0.005081069015563982,0.06182897579583513
PPO,cosine,1136,22.72,5.231199816003668,0.15845959912344557,0.0030539376339591834,0.059709692559440704
PPO,cosine,1137,22.740000000000002,5.236893086198093,0.15682093456768578,0.0037608721147499775,0.06471808574286841
PPO,cosine,1138,22.76,5.24166308496245,0.15568792731355427,0.0036345588935068553,0.055855959958587165
PPO,cosine,1139,22.78,5.246372763878567,0.15451841392470064,0.004759984432344124,0.05239043529148879
PPO,cosine,1140,22.8,5.251325218574395,0.15305546135191683,0.0037053093558619588,0.04116097006073327
PPO,cosine,1141,22.82,5.256425890757527,0.15112867715736336,0.004532059296620412,0.04751461652075862
PPO,cosine,1142,22.84,5.261190287289641,0.14885919663628747,0.0029127577168359784,0.05701412023470431
PPO,cosine,1143,22.86,5.265177887082176,0.14664027712475414,0.004408118194695474,0.07935843906499052
PPO,cosine,1144,22.88,5.26830742595157,0.14504400027407316,0.0010551911942256063,0.08949557798069607
PPO,cosine,1145,22.900000000000002,5.2708127874334245,0.14407972571779523,0.002031598773802754,0.09136380077893103
PPO,cosine,1146,22.92,5.273283563102943,0.14341165202759248,0.004554759246376153,0.08801523373401321
PPO,cosine,1147,22.94,5.276311747848407,0.14270217716690678,0.0030368482121723604,0.0860901310549903
PPO,cosine,1148,22.96,5.28015174805378,0.1417629388365632,0.0015748153135073171,0.081007137560001
PPO,cosine,1149,22.98,5.2848157798138935,0.14053118498809666,0.004831655869671723,0.08142349333673371
PPO,cosine,1150,23.0,5.290217376881021,0.1390435837737658,0.0018617400063865549,0.07772968328737652
PPO,cosine,1151,23.02,5.296139812052765,0.1373308345254459,0.003773627319557241,0.08151040462866398
PPO,cosine,1152,23.04,5.302275343510843,0.13547355687639914,0.0035328818195038375,0.08107628306169845
PPO,cosine,1153,23.06,5.307994527253881,0.1339363101586332,0.002525801045791996,0.08282425533659753
PPO,cosine,1154,23.080000000000002,5.312899815152666,0.1329553545892589,0.004285566219996019,0.06892980785991432
PPO,cosine,1155,23.1,5.317870193265715,0.13197222568038436,0.00366917191681887,0.06064445641950578
PPO,cosine,1156,23.12,5.3231320097927854,0.13069168649268142,0.004824674443851484,0.04309687051345811
PPO,cosine,1157,23.14,5.328507299395699,0.1289249576927992,0.00361315178521917,0.0457753913869372
PPO,cosine,1158,23.16,5.333360857161918,0.126825730427876,0.004722122636663743,0.05169091319545549
PPO,cosine,1159,23.18,5.337504583713726,0.12472687244230307,0.002856916633067799,0.0732860083258523
PPO,cosine,1160,23.2,5.340803544828909,0.12320510812676758,0.0021390815385293792,0.0803812700616342
PPO,cosine,1161,23.22,5.343557958013123,0.12227400826264849,0.004659975746426759,0.07961285996288758
PPO,cosine,1162,23.240000000000002,5.346363871859173,0.12159458228482302,0.0035354271883069393,0.08100984224286843
PPO,cosine,1163,23.26,5.349771217832048,0.12083885160757153,0.0018964291507437491,0.07482689387091612
PPO,cosine,1164,23.28,5.353976400910745,0.11981942459228252,0.005106041570752879,0.06864877888915766
PPO,cosine,1165,23.3,5.3589693113248265,0.11849713917550392,0.0024231843272628033,0.0726632045366289
PPO,cosine,1166,23.32,5.364582702886956,0.11690728779239615,0.005712219643204021,0.06956210230305138
PPO,cosine,1167,23.34,5.3706248800093075,0.11506704966112921,0.0026486335508032048,0.07926898413174244
PPO,cosine,1168,23.36,5.376715902497903,0.11312046782746701,0.0038665431796125,0.09121298578113923
PPO,cosine,1169,23.38,5.3822899377110875,0.11159553399272493,0.003698743756539975,0.08815906871093215
PPO,cosine,1170,23.400000000000002,5.3873395207604,0.11051932096349852,0.003927487364137951,0.0863895867708161
PPO,cosine,1171,23.42,5.3925390885365605,0.10938089538108271,0.0043077757079348945,0.07024567653905024
PPO,cosine,1172,23.44,5.398078575464698,0.10793016267130301,0.0040881354641979385,0.06725507698569444
PPO,cosine,1173,23.46,5.4036458307508575,0.10599247564914718,0.005077785464263568,0.06182627518854133
PPO,cosine,1174,23.48,5.408341879425106,0.10385196705535867,0.0029670019444493815,0.08299225225993556
PPO,cosine,1175,23.5,5.412313867127834,0.101823501495952,0.0034093940032128914,0.09677476999257982
PPO,cosine,1176,23.52,5.4153878042921795,0.10037721295010901,0.0043510960012957504,0.11040246401268583
PPO,cosine,1177,23.54,5.418069791615315,0.09946233774906318,0.0017508412941401985,0.10984471722860023
PPO,cosine,1178,23.56,5.420945256781953,0.09876484341942184,0.0020609473244256045,0.1055209063259479
PPO,cosine,1179,23.580000000000002,5.424497964523322,0.09799680617359972,0.005416183756316845,0.10636473099073829
PPO,cosine,1180,23.6,5.42888872109814,0.09699220874669427,0.001939411717161085,0.1002753739946113
PPO,cosine,1181,23.62,5.434084205453416,0.09572279138578729,0.005079301745617123,0.09413477467911867
PPO,cosine,1182,23.64,5.43986709144917,0.0942228443542788,0.0022286159882824535,0.09957910144384143
PPO,cosine,1183,23.66,5.446033409291486,0.09249493967847365,0.004449942129889523,0.10824579126600464
PPO,cosine,1184,23.68,5.452105654751045,0.0907428763071096,0.003370905042032841,0.1087302001654048
PPO,cosine,1185,23.7,5.45751966305095,0.08952342384423742,0.0035091760752265647,0.11212872826452425
PPO,cosine,1186,23.72,5.462688875714405,0.08846672613545528,0.004147983078159583,0.0982784192430769
PPO,cosine,1187,23.740000000000002,5.467963663585898,0.0872385764664723,0.0038604992880722027,0.09760027551712724
PPO,cosine,1188,23.76,5.473537641196414,0.08564553340254862,0.004892169853546814,0.08714420374178866
PPO,cosine,1189,23.78,5.478981977873423,0.08357741507319712,0.002833982554229191,0.10236714138101932
PPO,cosine,1190,23.8,5.483319052997182,0.08148286174457738,0.004251266545068545,0.11743775019473857
PPO,cosine,1191,23.82,5.48675152747939,0.07976971531278147,0.00299659648482045,0.13935411767203443
PPO,cosine,1192,23.84,5.489267047388893,0.07867383222079732,0.0007122935910333599,0.1439326586798658
PPO,cosine,1193,23.86,5.491536989976087,0.07793670681694051,0.0023886618254511664,0.14251620550225563
PPO,cosine,1194,23.88,5.494221682919751,0.07725578932386565,0.0051233335607615005,0.13880124700046426
PPO,cosine,1195,23.900000000000002,5.497661726707825,0.0764481075360529,0.0019368093072891595,0.14096784210826352
PPO,cosine,1196,23.92,5.501953913609169,0.0754116354141379,0.0027947294221044496,0.1380744622744159
PPO,cosine,1197,23.94,5.507073170322826,0.07414450681531672,0.0026644789247919124,0.14267128679888996
PPO,cosine,1198,23.96,5.512771297026281,0.0726939981437953,0.0035937436591031153,0.14218538913829915
PPO,cosine,1199,23.98,5.518822380696887,0.07107991390130924,0.0012970440948828447,0.15116471021801414
PPO,cosine,1200,24.0,5.524547055352894,0.06966794636825653,0.00528205772713698,0.15708797412811404
PPO,cosine,1201,24.02,5.529359004171742,0.06887466222604964,0.0016841029285892175,0.14629842858079511
PPO,cosine,1202,24.04,5.534065437589058,0.06812916648512353,0.004938903027329081,0.1300697836587501
PPO,cosine,1203,24.060000000000002,5.539009465421777,0.06712220726554953,0.0025407921169943413,0.12744578036035403
PPO,cosine,1204,24.080000000000002,5.544176842810164,0.06574003507600411,0.0050764949584200915,0.11834141801057674
PPO,cosine,1205,24.1,5.549065714086364,0.06394967288191035,0.0019350890371710838,0.13372595929725573
PPO,cosine,1206,24.12,5.552986075510378,0.06215424244749334,0.0037396221840751863,0.14826659555801436
PPO,cosine,1207,24.14,5.555941896061034,0.060860170796067585,0.003593360018091155,0.16533940522372467
PPO,cosine,1208,24.16,5.558316887098026,0.060063537776426985,0.0011063766465931881,0.16610231666576117
PPO,cosine,1209,24.18,5.560659078970099,0.0595287537930078,0.0013940684972217315,0.1613331396417682
PPO,cosine,1210,24.2,5.563525010240193,0.05900635529110402,0.004287396399579491,0.1546318477215648
PPO,cosine,1211,24.22,5.567188719371968,0.05833798787703157,0.002481956587543536,0.15466486765440224
PPO,cosine,1212,24.240000000000002,5.5716882064078685,0.057441411639654,0.0024453845459934177,0.14951489665908424
PPO,cosine,1213,24.26,5.5768968016767415,0.056332400308796104,0.002987393511504452,0.15389246033935494
PPO,cosine,1214,24.28,5.582642170941928,0.054999640487807866,0.0033726147612993876,0.15333814776248378
PPO,cosine,1215,24.3,5.588628772058523,0.05350000947623961,0.0015148347730191795,0.1640914528120952
PPO,cosine,1216,24.32,5.594207801254939,0.05229590255744774,0.004894456799381422,0.16035020691350674
PPO,cosine,1217,24.34,5.598932944010428,0.051668458276121945,0.001923934505246956,0.15645409546159428
PPO,cosine,1218,24.36,5.603674828992034,0.05103925330549602,0.004519719437200916,0.14006495354370924
PPO,cosine,1219,24.38,5.608783822353388,0.050145216627943766,0.0027370504861367988,0.13645437584673592
PPO,cosine,1220,24.400000000000002,5.614075473601858,0.0488454412720727,0.00492342187593052,0.12694088868240488
PPO,cosine,1221,24.42,5.61878601119741,0.04716283817664167,0.0020533515925391104,0.1451192967974917
PPO,cosine,1222,24.44,5.62265661931044,0.04542835226297366,0.003299415703078417,0.1606962704612612
PPO,cosine,1223,24.46,5.62572046819726,0.044126101843067964,0.0038415216615592463,0.1776007371121462
PPO,cosine,1224,24.48,5.628437863472554,0.04330097897978478,0.001002434930612095,0.1787039530985298
PPO,cosine,1225,24.5,5.631203693651643,0.04277295744854925,0.0018314819555312221,0.17460673780753652
PPO,cosine,1226,24.52,5.634556854752937,0.04229844900170203,0.005073438976393317,0.1738559037369114
PPO,cosine,1227,24.54,5.638727056465494,0.0417064045524853,0.0011411654486652228,0.16639816545349145
PPO,cosine,1228,24.560000000000002,5.643689679541556,0.04094016556025286,0.00429352067959629,0.15899296276802183
PPO,cosine,1229,24.580000000000002,5.649243852664196,0.0399888489066308,0.0013486523917077403,0.1625889590043577
PPO,cosine,1230,24.6,5.655264624949221,0.038810425895028346,0.004733040876085293,0.17015074255315987
PPO,cosine,1231,24.62,5.661334817421522,0.03753703895393747,0.0021353116232895025,0.17096692307341854
PPO,cosine,1232,24.64,5.666855887805636,0.03671657580320945,0.00338981614698731,0.17323021823836549
PPO,cosine,1233,24.66,5.671765712797801,0.036396797889697866,0.002973042414547668,0.15592666318754655
PPO,cosine,1234,24.68,5.676896552945331,0.03605764397034929,0.0043476831961042255,0.1478695050694256
PPO,cosine,1235,24.7,5.682488431062163,0.03544590912532887,0.00418580656266315,0.12484618710338385
PPO,cosine,1236,24.72,5.6881515531634435,0.034390686289110496,0.0039997309883499955,0.12599729892528655
PPO,cosine,1237,24.740000000000002,5.692820194989436,0.03298331313662421,0.00409034676195046,0.12886206338430725
PPO,cosine,1238,24.76,5.696561207318126,0.03155046610916547,0.004065748653057949,0.1516809337645137
PPO,cosine,1239,24.78,5.699471159517979,0.03053336372194682,0.0017935815639077116,0.15607739615361155
PPO,cosine,1240,24.8,5.702122928878353,0.02990586329552546,0.0028711270887085923,0.1549613733075732
PPO,cosine,1241,24.82,5.704958345190698,0.029450513353951224,0.005215589580680933,0.16180448861864766
PPO,cosine,1242,24.84,5.708370704838768,0.028993882398158626,0.0023738723359048547,0.15682832822341658
PPO,cosine,1243,24.86,5.712566661241188,0.02843406172448153,0.003408298771760211,0.15067150006824254
PPO,cosine,1244,24.88,5.717557991968258,0.02773986354015577,0.003262187312100857,0.15703884490594278
PPO,cosine,1245,24.900000000000002,5.723116596365511,0.026892023488211278,0.003987975558609538,0.15329924350874052
PPO,cosine,1246,24.92,5.729117529234921,0.02583549072717587,0.0024471286691817302,0.1668442787056092
PPO,cosine,1247,24.94,5.735062554913321,0.02471109354046026,0.005380870394929531,0.18292677723352307
PPO,cosine,1248,24.96,5.740340097575624,0.024026653709900564,0.0023894826733508274,0.17919048989722697
PPO,cosine,1249,24.98,5.745233145827193,0.02360123750594041,0.005545071937123883,0.18102450889893024
PPO,cosine,1250,25.0,5.750351490804756,0.02307928841100988,0.0030170986702697166,0.16803916452194517
PPO,cosine,1251,25.02,5.755891186216642,0.02231877814208585,0.005241245851710322,0.16926276923656425
PPO,cosine,1252,25.04,5.76138785667121,0.02116412538400413,0.003114236603467324,0.16424845051586534
PPO,cosine,1253,25.060000000000002,5.765774198399965,0.019802794637008205,0.004682747559945621,0.18630964596762828
PPO,cosine,1254,25.080000000000002,5.769170677982762,0.018585523280505303,0.0015265373072190687,0.19769887941809766
PPO,cosine,1255,25.1,5.771701476738218,0.017808275636008165,0.0021944089442829558,0.2
PPO,cosine,1256,25.12,5.774053481045663,0.017343943383059328,0.004442833023431754,0.19952443582750826
PPO,cosine,1257,25.14,5.776757897204317,0.01699564242728972,0.003155531291097632,0.2
PPO,cosine,1258,25.16,5.780141614297869,0.016646227540225825,0.0010791691961974806,0.1984737674352401
PPO,cosine,1259,25.18,5.784366945279424,0.016227678711379763,0.004764144453349335,0.19242353470817466
PPO,cosine,1260,25.2,5.789411666660602,0.015709734929573546,0.001407092226676768,0.19718980024961524
PPO,cosine,1261,25.22,5.795030447265523,0.015073021772105897,0.005073637961460646,0.2
PPO,cosine,1262,25.240000000000002,5.801082359735323,0.01426335025537471,0.0018906205925413183,0.2
PPO,cosine,1263,25.26,5.806934700968294,0.013489341743191312,0.0032473921282298057,0.2
PPO,cosine,1264,25.28,5.811983381750826,0.013253602750412076,0.0027433507324385502,0.2
PPO,cosine,1265,25.3,5.816817178298171,0.01314476225087305,0.003865991755857606,0.2
PPO,cosine,1266,25.32,5.82189310665885,0.012899701224001347,0.00320114200920466,0.1907384901106042
PPO,cosine,1267,25.34,5.8273148006800515,0.012394334395080888,0.0038081282622358676,0.1908500567541305
PPO,cosine,1268,25.36,5.832533202485044,0.011494905162151525,0.0034875615645959695,0.1868236959841243
PPO,cosine,1269,25.38,5.836630444197339,0.010392781944086861,0.0037029851219658877,0.2
PPO,cosine,1270,25.400000000000002,5.839709281464451,0.009423806006119449,0.0010529069830220198,0.2
PPO,cosine,1271,25.42,5.842022018583771,0.008814941919985077,0.0023317498304349306,0.2
PPO,cosine,1272,25.44,5.844230397454423,0.008450552865527127,0.00449820993417072,0.2
PPO,cosine,1273,25.46,5.846833582990461,0.008188848433684899,0.0030299134814171396,0.2
PPO,cosine,1274,25.48,5.850127634321891,0.007940842491285164,0.0006881396553825654,0.2
PPO,cosine,1275,25.5,5.854262243067018,0.0076549613822449675,0.004521911974426703,0.2
PPO,cosine,1276,25.52,5.8592134152335245,0.007302560778392998,0.001038618924298419,0.2
PPO,cosine,1277,25.54,5.864725452682591,0.006855468221491832,0.004977969316091946,0.2
PPO,cosine,1278,25.560000000000002,5.870679431854152,0.006236799068690352,0.0011329870457542702,0.2
PPO,cosine,1279,25.580000000000002,5.876487783661543,0.005591040894742693,0.0034224372037325343,0.2
PPO,cosine,1280,25.6,5.881514060130496,0.005416732967596679,0.0018474950043210186,0.2
PPO,cosine,1281,25.62,5.88620235912972,0.005446459469313855,0.0039015676684505366,0.2
PPO,cosine,1282,25.64,5.891140942861355,0.005408084208393619,0.0019504826958045907,0.2
PPO,cosine,1283,25.66,5.896515119660662,0.00518398249371006,0.0038210618358226725,0.2
PPO,cosine,1284,25.68,5.901811089284245,0.004610938657823061,0.0023792310937469515,0.2
PPO,cosine,1285,25.7,5.906054341123155,0.003780182928470185,0.003955635684158045,0.2
PPO,cosine,1286,25.72,5.909322932909742,0.0030351776703547956,0.0006434297553891989,0.2
PPO,cosine,1287,25.740000000000002,5.911817164270181,0.0026373901628163206,0.0019676192872074244,0.2
PPO,cosine,1288,25.76,5.914151797709754,0.0024647902443515196,0.004306739923086328,0.2
PPO,cosine,1289,25.78,5.9168408414568185,0.0023756884269770105,0.003037456822648707,0.2
PPO,cosine,1290,25.8,5.920171220296367,0.0022993466787065465,0.00036007818750022065,0.2
PPO,cosine,1291,25.82,5.924284132843446,0.002200523696703848,0.004418666014780241,0.2
PPO,cosine,1292,25.84,5.929169515931026,0.002046214528490079,0.0008340380373537003,0.2
PPO,cosine,1293,25.86,5.934593733971143,0.0017974186757549115,0.004714144871370857,0.2
PPO,cosine,1294,25.88,5.940489673361684,0.0013771621333323724,0.0006198155954053616,0.2
PPO,cosine,1295,25.900000000000002,5.946343089412039,0.0008745053734888557,0.0035737885677412052,0.2
PPO,cosine,1296,25.92,5.951511483246542,0.0007359497469772714,0.001597409650368893,0.2
PPO,cosine,1297,25.94,5.956158425273784,0.000872411107944225,0.003790491800395581,0.2
PPO,cosine,1298,25.96,5.9610788663449545,0.0010137318815827516,0.0012444289531609643,0.2
PPO,cosine,1299,25.98,5.9664885550079045,0.0010230359653664062,0.003536690760541845,0.2
PPO,cosine,1300,26.0,5.971900362297212,0.0007202246747914645,0.00199583946346043,0.2
PPO,cosine,1301,26.02,5.97628876811621,0.00010441884915959879,0.003677946433301404,0.2
PPO,cosine,1302,26.04,5.9796460796151285,-0.0004450366399121287,0.0006600977929159449,0.2
PPO,cosine,1303,26.060000000000002,5.982167377129713,-0.000626005220068848,0.002327652527623337,0.2
PPO,cosine,1304,26.080000000000002,5.984498173736203,-0.0005752572514345941,0.004586425062202879,0.2
PPO,cosine,1305,26.1,5.987157800577086,-0.00044956404742862955,0.0028664182058206933,0.2
PPO,cosine,1306,26.12,5.9904268435039025,-0.0003131657270484088,0.0005626382425890903,0.2
PPO,cosine,1307,26.14,5.994452682284449,-0.00019908131159242695,0.004475398745692838,0.2
PPO,cosine,1308,26.16,5.999235362177286,-0.00013848759630707446,0.0007770777401622466,0.2
PPO,cosine,1309,26.18,6.004555492092841,-0.00017786060007680415,0.004558962886556176,-0.2
PPO,cosine,1310,26.2,6.010085525929288,-0.00029397829016077694,0.010089809537618753,-0.2
PPO,cosine,1311,26.22,6.015120669238951,-0.0002785400292682035,0.01512323453437333,-0.2
PPO,cosine,1312,26.240000000000002,6.019226047887563,-0.0002211021127659052,0.01922731919741114,-0.2
PPO,cosine,1313,26.26,6.023483085163629,-0.00018935432602831264,0.023483848574350537,-0.2
PPO,cosine,1314,26.28,6.028025318793,-0.00019191284987657634,0.028025975879373936,-0.2
PPO,cosine,1315,26.3,6.0327051291459775,-0.0003049882857922673,0.03270655118335675,-0.2
PPO,cosine,1316,26.32,6.037119520447977,-0.00042415514877128,0.037121943724406456,-0.2
PPO,cosine,1317,26.34,6.041294596836388,-0.00032868051802069885,0.04129590486673897,-0.2
PPO,cosine,1318,26.36,6.044667531601514,0.0002152987615454834,0.044668050471550785,-0.2
PPO,cosine,1319,26.38,6.047640770646913,0.0009749003561572249,0.04765074457483523,-0.2
PPO,cosine,1320,26.400000000000002,6.050848023379005,0.0016667155755029136,0.050875332159716034,-0.2
PPO,cosine,1321,26.42,6.054684089353771,0.0020511210986463896,0.05472254312632478,-0.2
PPO,cosine,1322,26.44,6.059369369157935,0.001982707327958974,0.05940246731036908,-0.2
PPO,cosine,1323,26.46,6.064900395316984,0.0014669820396966608,0.06491697273137141,-0.2
PPO,cosine,1324,26.48,6.070922837591979,0.0005286124198613942,0.07092480753014913,-0.2
PPO,cosine,1325,26.5,6.077019521703827,-0.0007826333315103507,0.0770234979627505,-0.2
PPO,cosine,1326,26.52,6.082765744407762,-0.002339065790457678,0.08279879030603723,-0.2
PPO,cosine,1327,26.54,6.088008185707037,-0.004159055978858026,0.08810640441011958,-0.2
PPO,cosine,1328,26.560000000000002,6.093484976427843,-0.006132578289875144,0.09368590787410748,-0.2
PPO,cosine,1329,26.580000000000002,6.099211351539905,-0.008175398033138308,0.09954762381581429,-0.2
PPO,cosine,1330,26.6,6.104677635496884,-0.010163869734922974,0.1051699178530012,-0.2
PPO,cosine,1331,26.62,6.109858407777721,-0.011690118200957365,0.11047863423761342,-0.2
PPO,cosine,1332,26.64,6.113997018199509,-0.012190489945707478,0.11464697206422664,-0.2
PPO,cosine,1333,26.66,6.117510394692104,-0.011950396537146279,0.1181164884259989,-0.2
PPO,cosine,1334,26.68,6.1211593956840655,-0.011524516305255002,0.12170625965248477,-0.2
PPO,cosine,1335,26.7,6.1253838375459,-0.011261334968456979,0.1258885395221048,-0.2
PPO,cosine,1336,26.72,6.130377234973101,-0.011372978286852417,0.13087233487007227,-0.2
PPO,cosine,1337,26.740000000000002,6.136092284787629,-0.011937581179483325,0.1366148448124646,-0.2
PPO,cosine,1338,26.76,6.142190107121451,-0.01291257929676719,0.14277521237002208,-0.2
PPO,cosine,1339,26.78,6.1482655267441695,-0.014200331429480396,0.14894400234125954,-0.2
PPO,cosine,1340,26.8,6.15360931017627,-0.015658927204955982,0.1544053825941298,-0.2
PPO,cosine,1341,26.82,6.1585609228038845,-0.017382426454010714,0.15951086166731246,-0.2
PPO,cosine,1342,26.84,6.163793074217852,-0.01935109244604263,0.16493221619983825,-0.2
PPO,cosine,1343,26.86,6.16924351988759,-0.021541417557867957,0.17060891446329346,-0.2
PPO,cosine,1344,26.88,6.174407069218219,-0.023762174909378146,0.1760183704893116,-0.2
PPO,cosine,1345,26.900000000000002,6.179275210114158,-0.0255928621037053,0.18109278161245043,-0.2
PPO,cosine,1346,26.92,6.183120355806842,-0.02639275752645217,0.18501254649529758,-0.2
PPO,cosine,1347,26.94,6.186386514689758,-0.026454912947770415,0.1882546022738077,-0.2
PPO,cosine,1348,26.96,6.189833972172413,-0.026342353060356163,0.19165295864012355,-0.2
PPO,cosine,1349,26.98,6.1938930238872745,-0.026426486352740364,0.19568562515704307,-0.2
PPO,cosine,1350,27.0,6.1987442483051645,-0.026932185282772875,0.2005607609640791,-0.2
PPO,cosine,1351,27.02,6.204354793998768,-0.027925991034161917,0.20625407342770027,-0.2
PPO,cosine,1352,27.04,6.210394562076195,-0.02933821396553463,0.21243022984010893,-0.2
PPO,cosine,1353,27.060000000000002,6.216456270959325,-0.03106707810703467,0.21867437110856267,-0.2
PPO,cosine,1354,27.080000000000002,6.221884578144704,-0.032901229432664096,0.22431062595569118,-0.2
PPO,cosine,1355,27.1,6.226803924530106,-0.03490395979466237,0.22947397802715122,-0.2
PPO,cosine,1356,27.12,6.231975295542426,-0.03711173569474663,0.2349251341774072,-0.2
PPO,cosine,1357,27.14,6.23740746874934,-0.0395091360168701,0.2406725535801047,-0.2
PPO,cosine,1358,27.16,6.242600557443114,-0.04193875897646283,0.2461988829710558,-0.2
PPO,cosine,1359,27.18,6.2474453468248,-0.044002402808183246,0.2513272987921112,-0.2
PPO,cosine,1360,27.2,6.251249321377174,-0.04499226283889494,0.25524600919084867,-0.2
PPO,cosine,1361,27.22,6.254473316135822,-0.045194704613253665,0.258455469956125,-0.2
PPO,cosine,1362,27.240000000000002,6.257829056911645,-0.04522174957072317,0.26176483572509435,-0.2
PPO,cosine,1363,27.26,6.26172208655634,-0.04546852841853205,0.26564231151672923,-0.2
PPO,cosine,1364,27.28,6.266364930939735,-0.046192733962539013,0.27034060942718885,-0.2
PPO,cosine,1365,27.3,6.271744905070429,-0.04747531837521079,0.27586083318688837,-0.2
PPO,cosine,1366,27.32,6.277562229969925,-0.049228928645041865,0.28189409167525376,-0.2
PPO,cosine,1367,27.34,6.28345301014612,-0.05135767870410865,0.28806808244366633,-0.2
PPO,cosine,1368,27.36,6.288978440575473,-0.053627386800322335,0.293912292584818,-0.2
PPO,cosine,1369,27.38,6.293922339212212,-0.05599056035971662,0.2992077611583194,-0.2
PPO,cosine,1370,27.400000000000002,6.299082692227053,-0.058556178325460756,0.3047610257396198,-0.2
PPO,cosine,1371,27.42,6.30446794663402,-0.061304549242988275,0.3105784575359701,-0.2
PPO,cosine,1372,27.44,6.309629095614285,-0.06409438047050868,0.3161934004036424,-0.2
PPO,cosine,1373,27.46,6.3143430303785975,-0.06648615203409426,0.32129729093146825,-0.2
PPO,cosine,1374,27.48,6.318091131355906,-0.06777056326353083,0.3252304061620565,-0.2
PPO,cosine,1375,27.5,6.321144436927599,-0.06805870787424552,0.32827692134394204,-0.2
PPO,cosine,1376,27.52,6.324237781896406,-0.06803509207853306,0.3312988272892557,-0.2
PPO,cosine,1377,27.54,6.327712487282314,-0.06812597349290417,0.3347187215933951,-0.2
PPO,cosine,1378,27.560000000000002,6.3318583504969626,-0.06867662737208541,0.3388900174714049,-0.2
PPO,cosine,1379,27.580000000000002,6.33673038439205,-0.06985424549179643,0.3438996472607174,-0.2
PPO,cosine,1380,27.6,6.342192612154988,-0.07168660463990564,0.34962087051297736,-0.2
PPO,cosine,1381,27.62,6.34789110567668,-0.07405601499167383,0.35568597774636784,-0.2
PPO,cosine,1382,27.64,6.353472491582626,-0.07677540923281434,0.3617143427740955,-0.2
PPO,cosine,1383,27.66,6.358209351706276,-0.07960060822427986,0.3669471303600914,-0.2
PPO,cosine,1384,27.68,6.362637989712713,-0.0826847265544589,0.37194499000290804,-0.2
PPO,cosine,1385,27.7,6.367284722075951,-0.08606091075304244,0.37723274967856585,-0.2
PPO,cosine,1386,27.72,6.3719667237617585,-0.08962079995476985,0.38261093995152473,-0.2
PPO,cosine,1387,27.740000000000002,6.37623222316247,-0.0929511799934926,0.3875443298617038,-0.2
PPO,cosine,1388,27.76,6.380385872852538,-0.09566608417468647,0.3922313245103017,-0.2
PPO,cosine,1389,27.78,6.383925249153079,-0.09709236545578048,0.3960120255333829,-0.2
PPO,cosine,1390,27.8,6.387136706714854,-0.09772086152571591,0.3992795968533213,-0.2
PPO,cosine,1391,27.82,6.390619226872862,-0.09825962751297551,0.4027882009217016,-0.2
PPO,cosine,1392,27.84,6.3947111015438,-0.09914688585625497,0.40697292128213314,-0.2
PPO,cosine,1393,27.86,6.399512259398392,-0.10061871650575506,0.41198807206140536,-0.2
PPO,cosine,1394,27.88,6.404921421203313,-0.10272991760334638,0.4177496778216605,-0.2
PPO,cosine,1395,27.900000000000002,6.410606368816737,-0.10535026934004606,0.42390596759527494,-0.2
PPO,cosine,1396,27.92,6.416181957672029,-0.10826155975337748,0.43003254203833974,-0.2
PPO,cosine,1397,27.94,6.420909641116325,-0.11112056525223658,0.43533057095344263,-0.2
PPO,cosine,1398,27.96,6.425257263639519,-0.11416430265089342,0.440314919436006,-0.2
PPO,cosine,1399,27.98,6.429826220093073,-0.11752764369558978,0.44560445073196503,-0.2
PPO,cosine,1400,28.0,6.43447965044452,-0.12111933487485461,0.45104596210466125,-0.2
PPO,cosine,1401,28.02,6.438772766750132,-0.12455656373887318,0.456109502654792,-0.2
PPO,cosine,1402,28.04,6.44295443113022,-0.12747345446778066,0.4609317841631731,-0.2
PPO,cosine,1403,28.060000000000002,6.446485233531038,-0.12911021668052347,0.46477791665757673,-0.2
PPO,cosine,1404,28.080000000000002,6.449671405294619,-0.1299430210775624,0.46807003906082373,-0.2
PPO,cosine,1405,28.1,6.453097289071829,-0.1307119365972289,0.4715747700346561,-0.2
PPO,cosine,1406,28.12,6.4570721866163945,-0.13187967523221159,0.4757175974437416,-0.2
PPO,cosine,1407,28.14,6.461695714253633,-0.1336971654256136,0.4806639830515868,-0.2
PPO,cosine,1408,28.16,6.466887008257611,-0.13620221315754105,0.4863481482937455,-0.2
PPO,cosine,1409,28.18,6.47233074083401,-0.13923981509938715,0.49242669997240796,-0.2
PPO,cosine,1410,28.2,6.477666341011207,-0.14257133564834623,0.4984894372838687,-0.2
PPO,cosine,1411,28.22,6.482184115792863,-0.1457982156970055,0.5037446190515341,-0.2
PPO,cosine,1412,28.240000000000002,6.486297251819274,-0.14917118598720178,0.508662029107547,-0.2
PPO,cosine,1413,28.26,6.490608258364461,-0.152854439644022,0.5138686046980279,-0.2
PPO,cosine,1414,28.28,6.495004702339297,-0.15674762924645655,0.5192296935002855,-0.2
PPO,cosine,1415,28.3,6.4990709928991075,-0.16044860670541294,0.5242285869227367,-0.2
PPO,cosine,1416,28.32,6.503062729013587,-0.16361051383538028,0.5289995364459925,-0.2
PPO,cosine,1417,28.34,6.50649427702985,-0.16545121198827037,0.5328325780321411,-0.2
PPO,cosine,1418,28.36,6.509637249930907,-0.1664648045337753,0.5361349248702284,-0.2
PPO,cosine,1419,28.38,6.513016560229893,-0.1674305739299891,0.5396470959401496,-0.2
PPO,cosine,1420,28.400000000000002,6.5169088438437495,-0.16882981875370348,0.5437814455682449,-0.2
PPO,cosine,1421,28.42,6.521401283487779,-0.1709221944300616,0.5487018270167242,-0.2
PPO,cosine,1422,28.44,6.526406369234485,-0.17373554568542457,0.554335372680876,-0.2
PPO,cosine,1423,28.46,6.5316233303775775,-0.17709792587863557,0.5603454655409121,-0.2
PPO,cosine,1424,28.48,6.5367104312570845,-0.18074301896059689,0.5663268719769143,-0.2
PPO,cosine,1425,28.5,6.540973891706423,-0.18422656026800377,0.5714824380645241,-0.2
PPO,cosine,1426,28.52,6.5448475242972295,-0.1878583284401237,0.5763241937461393,-0.2
PPO,cosine,1427,28.54,6.5489018002713575,-0.1918342749556331,0.5814581458616697,-0.2
PPO,cosine,1428,28.560000000000002,6.553005036884776,-0.19602302801865043,0.5867193522746057,-0.2
PPO,cosine,1429,28.580000000000002,6.556778075319794,-0.1999797575558631,0.5916026779764578,-0.2
PPO,cosine,1430,28.6,6.560515435929666,-0.20338076930896642,0.5962728328878742,-0.2
PPO,cosine,1431,28.62,6.563795228498381,-0.2054284739879159,0.6000549288211416,-0.2
PPO,cosine,1432,28.64,6.566847203284409,-0.20664164908208488,0.603337818313024,-0.2
PPO,cosine,1433,28.66,6.570145471696474,-0.20782947389887751,0.6068434304802838,-0.2
PPO,cosine,1434,28.68,6.5739376303791595,-0.2094901352928912,0.6109750570606615,-0.2
PPO,cosine,1435,28.7,6.57829189767983,-0.21188572144076007,0.615887228210336,-0.2
PPO,cosine,1436,28.72,6.583112287853372,-0.2150321296924291,0.6214971898936112,-0.2
PPO,cosine,1437,28.740000000000002,6.588109534718391,-0.2187411424908466,0.6274715230549374,-0.2
PPO,cosine,1438,28.76,6.592957734577011,-0.22271674718868834,0.6334047872198403,-0.2
PPO,cosine,1439,28.78,6.596980433886419,-0.2264577688072219,0.6384894356967559,-0.2
PPO,cosine,1440,28.8,6.600650203899908,-0.23032511243075665,0.6432964517710651,-0.2
PPO,cosine,1441,28.82,6.604480965801802,-0.23455214922818912,0.648391817286617,-0.2
PPO,cosine,1442,28.84,6.608322604486589,-0.23898392159619697,0.6535822105220156,-0.2
PPO,cosine,1443,28.86,6.611827008627116,-0.24313002695325828,0.658365019189125,-0.2
PPO,cosine,1444,28.88,6.6153241179488464,-0.24670853021703174,0.6629395666358842,-0.2
PPO,cosine,1445,28.900000000000002,6.618456837214128,-0.24892664132332018,0.6666733324930672,-0.2
PPO,cosine,1446,28.92,6.62140944460862,-0.2503141621283294,0.6699305020752535,-0.2
PPO,cosine,1447,28.94,6.624606097147054,-0.2517026465387498,0.6734144332191624,-0.2
PPO,cosine,1448,28.96,6.628265276448171,-0.25360447536366537,0.6775193632029837,-0.2
PPO,cosine,1449,28.98,6.632437399567152,-0.256283704153004,0.6823916774006306,-0.2
PPO,cosine,1450,29.0,6.63702089428652,-0.2597418747778246,0.6879400128431962,-0.2
PPO,cosine,1451,29.02,6.641743519951548,-0.26377679575481344,0.6938392777715024,-0.2
PPO,cosine,1452,29.04,6.64629847620693,-0.2680651324790454,0.699686097902772,-0.2
PPO,cosine,1453,29.060000000000002,6.650042521286915,-0.27206013486817654,0.7046786476583066,-0.2
PPO,cosine,1454,29.080000000000002,6.6534421995825985,-0.27617187146668687,0.7094065201171729,-0.2
PPO,cosine,1455,29.1,6.656978826516608,-0.2806569049071497,0.7144154790898638,-0.2
PPO,cosine,1456,29.12,6.660503356057114,-0.28533648578136966,0.7195009336205007,-0.2
PPO,cosine,1457,29.14,6.663707225239626,-0.28969297623773005,0.7241749107203019,-0.2
PPO,cosine,1458,29.16,6.666949915937782,-0.29345567997042654,0.7286552178337299,-0.2
PPO,cosine,1459,29.18,6.669941662642164,-0.2958582649284475,0.7323618943324526,-0.2
PPO,cosine,1460,29.2,6.672814018976729,-0.29744152995388884,0.7356290966736763,-0.2
PPO,cosine,1461,29.22,6.675927122427076,-0.2990500866850686,0.7391268018269225,-0.2
PPO,cosine,1462,29.240000000000002,6.6794655805964736,-0.30120506112399864,0.7432347973971716,-0.2
PPO,cosine,1463,29.26,6.683463252479021,-0.30417379042451415,0.7480933847257433,-0.2
PPO,cosine,1464,29.28,6.687809794568838,-0.30793967738509537,0.7535974777113201,-0.2
PPO,cosine,1465,29.3,6.692249920680996,-0.3122905260863303,0.7594309220502691,-0.2
PPO,cosine,1466,29.32,6.696489437186287,-0.3168667960831195,0.7651810913581516,-0.2
PPO,cosine,1467,29.34,6.69992074850859,-0.3211124556093964,0.7700664019033172,-0.2
PPO,cosine,1468,29.36,6.7031092266377765,-0.32548500629383487,0.7747922779076144,-0.2
PPO,cosine,1469,29.38,6.706382906484298,-0.3301977115400912,0.7797482537842054,-0.2
PPO,cosine,1470,29.400000000000002,6.709596246035947,-0.33506133188308707,0.7847247469728325,-0.2
PPO,cosine,1471,29.42,6.712503046758184,-0.3395155985938821,0.7892600543092605,-0.2
PPO,cosine,1472,29.44,6.715488504698333,-0.34337841479614023,0.7936198939689996,-0.2
PPO,cosine,1473,29.46,6.7183207277137935,-0.345883426123837,0.7972578079457345,-0.2
PPO,cosine,1474,29.48,6.721081446310124,-0.347592266102328,0.8004866242897826,-0.2
PPO,cosine,1475,29.5,6.724074637422633,-0.349363027295673,0.8039518675890456,-0.2
PPO,cosine,1476,29.52,6.727453785839667,-0.3517263970224496,0.8080225670702877,-0.2
PPO,cosine,1477,29.54,6.731234467747567,-0.3549467981507922,0.8128290572682342,-0.2
PPO,cosine,1478,29.560000000000002,6.735305025847281,-0.3589917163161846,0.8182594536086403,-0.2
PPO,cosine,1479,29.580000000000002,6.739426496017873,-0.3636367176475995,0.8240043722182483,-0.2
PPO,cosine,1480,29.6,6.743325994928793,-0.36850043002320676,0.8296542060787545,-0.2
PPO,cosine,1481,29.62,6.746432263237706,-0.37298635994050766,0.8344339088890346,-0.2
PPO,cosine,1482,29.64,6.749266605157148,-0.37759797661821826,0.839035563936291,-0.2
PPO,cosine,1483,29.66,6.752166409705894,-0.38257061066252146,0.8438688168385827,-0.2
PPO,cosine,1484,29.68,6.754986688466763,-0.3876852307657173,0.8487076869664119,-0.2
PPO,cosine,1485,29.7,6.757525326887363,-0.3923535261691016,0.853103692626596,-0.2
PPO,cosine,1486,29.72,6.760190247423108,-0.396423732584929,0.8573453143475935,-0.2
PPO,cosine,1487,29.740000000000002,6.762817985140803,-0.3991288011696973,0.8609268716780966,-0.2
PPO,cosine,1488,29.76,6.7654412658596605,-0.40102919840207407,0.8641323680153693,-0.2
PPO,cosine,1489,29.78,6.76829964997804,-0.40300273960015176,0.8675802903948467,-0.2
PPO,cosine,1490,29.8,6.771512859694018,-0.4055935552499808,0.8716296373652976,-0.2
PPO,cosine,1491,29.82,6.775079511724564,-0.40906859851143595,0.8764047967596359,-0.2
PPO,cosine,1492,29.84,6.778881022326693,-0.41337904055364394,0.8817810828713242,-0.2
PPO,cosine,1493,29.86,6.782697793722168,-0.4182945419435955,0.8874605118636837,-0.2
PPO,cosine,1494,29.88,6.786276874676631,-0.42340329141538935,0.8930294904607771,-0.2
PPO,cosine,1495,29.900000000000002,6.789089064818144,-0.428076563941594,0.8977255130671152,-0.2
PPO,cosine,1496,29.92,6.791652655691668,-0.43286853906935485,0.9022688620249002,-0.2
PPO,cosine,1497,29.94,6.7942432187385835,-0.43801413369880543,0.9070163569815819,-0.2
PPO,cosine,1498,29.96,6.796737204243074,-0.44328921452726605,0.9117540788728454,-0.2
PPO,cosine,1499,29.98,6.7989763064608795,-0.4480900474340231,0.9160501235714639,-0.2
PPO,cosine,1500,30.0,6.801372921528846,-0.45229680817949486,0.9202015877236012,-0.2
PPO,cosine,1501,30.02,6.803821400426074,-0.4551541406648004,0.9237392140356755,-0.2
PPO,cosine,1502,30.04,6.806311730395184,-0.4572204717449846,0.9269245742537969,-0.2
PPO,cosine,1503,30.060000000000002,6.80902299443112,-0.4593809112799196,0.9303488738998215,-0.2
PPO,cosine,1504,30.080000000000002,6.812039533972648,-0.46218546424519963,0.9343573235620652,-0.2
PPO,cosine,1505,30.1,6.815344681881891,-0.46590245971539385,0.9390697802836253,-0.2
PPO,cosine,1506,30.12,6.818823440279703,-0.4704671117658824,0.9443575221306919,-0.2
PPO,cosine,1507,30.14,6.822275674293166,-0.4756420492285474,0.9499329679133218,-0.2
PPO,cosine,1508,30.16,6.825474851024017,-0.48099030277337124,0.9553849491357622,-0.2
PPO,cosine,1509,30.18,6.827937783102012,-0.48585246554189876,0.9599654113357503,-0.2
PPO,cosine,1510,30.2,6.830150284013306,-0.49082324217833295,0.9643946023852596,-0.2
PPO,cosine,1511,30.22,6.83236554772507,-0.4961435084468013,0.9690153693381529,-0.2
PPO,cosine,1512,30.240000000000002,6.834472779810997,-0.5015752758760478,0.9736131560407482,-0.2
PPO,cosine,1513,30.26,6.83635935988766,-0.5065032060530935,0.9777742462418197,-0.2
PPO,cosine,1514,30.28,6.8384614946658004,-0.5108285435790253,0.9818164181619068,-0.2
PPO,cosine,1515,30.3,6.840729149982144,-0.5138394837575521,0.9853205157195933,-0.2
PPO,cosine,1516,30.32,6.843094309527654,-0.5160839229504858,0.9885092970153971,-0.2
PPO,cosine,1517,30.34,6.8456679023911375,-0.5184432343675538,0.9919362824275141,-0.2
PPO,cosine,1518,30.36,6.848495974403865,-0.52146640888155,0.9959280266020152,-0.2
PPO,cosine,1519,30.38,6.851544732929479,-0.5254206414727095,1.0005974628518364,-0.2
PPO,cosine,1520,30.400000000000002,6.854697401092006,-0.5302172120566553,1.005802137298664,-0.2
PPO,cosine,1521,30.42,6.857775519096231,-0.5356216031983927,1.011271152052517,-0.2
PPO,cosine,1522,30.44,6.860582832794468,-0.5411666316523057,1.0165943809181976,-0.2
PPO,cosine,1523,30.46,6.862697728910382,-0.5461866142696538,1.0210617949343115,-0.2
PPO,cosine,1524,30.48,6.8646098251887455,-0.5513264905262397,1.0254321279191974,-0.2
PPO,cosine,1525,30.5,6.866482934764168,-0.5567898290139752,1.0299551397662603,-0.2
PPO,cosine,1526,30.52,6.868226550652289,-0.5623338538509483,1.0344257858563037,-0.2
PPO,cosine,1527,30.54,6.8697829860405,-0.567308190207586,1.038441633161024,-0.2
PPO,cosine,1528,30.560000000000002,6.871577586744862,-0.5717182783885885,1.0423575584028777,-0.2
PPO,cosine,1529,30.580000000000002,6.873609874990948,-0.574837113965398,1.0457685792151954,-0.2
PPO,cosine,1530,30.6,6.87578148165487,-0.57721603483159,1.048890630369202,-0.2
PPO,cosine,1531,30.62,6.878146295054669,-0.5797230434454148,1.052245086764417,-0.2
PPO,cosine,1532,30.64,6.880718015952769,-0.5829155417880709,1.056150913686989,-0.2
PPO,cosine,1533,30.66,6.883452442934198,-0.5870681476242386,1.0607248601222454,-0.2
PPO,cosine,1534,30.68,6.886241984536618,-0.5920819484454006,1.0658263877528575,-0.2
PPO,cosine,1535,30.7,6.8889242208440615,-0.5977077650696944,1.0711866517222062,-0.2
PPO,cosine,1536,30.72,6.891326271765684,-0.6034584466111887,1.0763942676947433,-0.2
PPO,cosine,1537,30.740000000000002,6.893064965890515,-0.6086240572892482,1.0807350630067725,-0.2
PPO,cosine,1538,30.76,6.894545114097077,-0.6138682104298536,1.0849171124704886,-0.2
PPO,cosine,1539,30.78,6.895977672078434,-0.6194469257387885,1.0892614390816955,-0.2
PPO,cosine,1540,30.8,6.897291718193209,-0.6251112459259685,1.0935705269077243,-0.2
PPO,cosine,1541,30.82,6.89846483496064,-0.6302167075845523,1.0974571327298224,-0.2
PPO,cosine,1542,30.84,6.89991317492908,-0.6347795902626095,1.1012669297790174,-0.2
PPO,cosine,1543,30.86,6.901694735941273,-0.638051681032719,1.1046100418214932,-0.2
PPO,cosine,1544,30.88,6.903679221776554,-0.6405725542950733,1.1076864778387396,-0.2
PPO,cosine,1545,30.900000000000002,6.905854717236973,-0.6432280228913146,1.1109973259072883,-0.2
PPO,cosine,1546,30.92,6.908196317276504,-0.646578071450421,1.1148469640247265,-0.2
PPO,cosine,1547,30.94,6.9106390256724985,-0.6508942602664568,1.1193421162118289,-0.2
PPO,cosine,1548,30.96,6.913081726624511,-0.6560734989057969,1.124344553712114,-0.2
PPO,cosine,1549,30.98,6.915381032111203,-0.6618628387098893,1.1295949943294206,-0.2
PPO,cosine,1550,31.0,6.917393609237083,-0.667755165755569,1.1346840950953214,-0.2
PPO,cosine,1551,31.02,6.9187867259625095,-0.6730226557401476,1.1389155117674132,-0.2
PPO,cosine,1552,31.04,6.919915123279103,-0.6783501101294757,1.1429797487052336,-0.2
PPO,cosine,1553,31.060000000000002,6.9209723017083835,-0.6840059253488551,1.1471940055746375,-0.2
PPO,cosine,1554,31.080000000000002,6.921908501928286,-0.68974417261279,1.1513740962784242,-0.2
PPO,cosine,1555,31.1,6.92274106311378,-0.6949130783469798,1.1551429591241185,-0.2
PPO,cosine,1556,31.12,6.923879038543787,-0.6995532741002737,1.1588473847599627,-0.2
PPO,cosine,1557,31.14,6.925436063628094,-0.7029378476747568,1.1621331789244644,-0.2
PPO,cosine,1558,31.16,6.927243029226323,-0.7055881513338715,1.165175641073722,-0.2
PPO,cosine,1559,31.18,6.929226062360782,-0.7083834089162439,1.1684468875384635,-0.2
PPO,cosine,1560,31.2,6.931322791781303,-0.7118814170422553,1.1722360233423177,-0.2
PPO,cosine,1561,31.220000000000002,6.9334510029064935,-0.7163515040944675,1.176643638594772,-0.2
PPO,cosine,1562,31.240000000000002,6.93551726057169,-0.7216780658487199,1.181529422212883,-0.2
PPO,cosine,1563,31.26,6.937398139478789,-0.7276072866878561,1.1866455391310247,-0.2
PPO,cosine,1564,31.28,6.938985036487069,-0.7336136310641229,1.191587956648484,-0.2
PPO,cosine,1565,31.3,6.9399995720518675,-0.7389588758832661,1.1956836603819399,-0.2
PPO,cosine,1566,31.32,6.940749036094585,-0.7443473312060263,1.1996089772865262,-0.2
PPO,cosine,1567,31.34,6.941405754261703,-0.7500522804310022,1.2036707263769413,-0.2
PPO,cosine,1568,31.36,6.941938542874824,-0.7558310349570225,1.2076956454162406,-0.2
PPO,cosine,1569,31.38,6.94240923704039,-0.7610311441554739,1.211323066912225,-0.2
PPO,cosine,1570,31.400000000000002,6.943222186976148,-0.7657218652862777,1.2149066091603764,-0.2
PPO,cosine,1571,31.42,6.944543733037242,-0.7692013961027527,1.2181271080582488,-0.2
PPO,cosine,1572,31.44,6.946164191788823,-0.7719676772562349,1.2211309399699044,-0.2
PPO,cosine,1573,31.46,6.947947777141887,-0.7748889288711313,1.2243601758777087,-0.2
PPO,cosine,1574,31.48,6.9497947985271145,-0.7785190313519543,1.2280887758978773,-0.2
PPO,cosine,1575,31.5,6.951605348276151,-0.7831234688524329,1.2324102832803863,-0.2
PPO,cosine,1576,31.52,6.953293471015963,-0.7885747219129486,1.2371816899395764,-0.2
PPO,cosine,1577,31.54,6.954754514761941,-0.7946180478044887,1.242165055600473,-0.2
PPO,cosine,1578,31.560000000000002,6.955915824892309,-0.8007118161614664,1.2469620991915262,-0.2
PPO,cosine,1579,31.580000000000002,6.956552473699725,-0.8061117157593953,1.2509231524061017,-0.2
PPO,cosine,1580,31.6,6.95692340498198,-0.811537940296044,1.254709620407149,-0.2
PPO,cosine,1581,31.62,6.957180234836002,-0.8172677332867014,1.2586185084577008,-0.2
PPO,cosine,1582,31.64,6.957309792987234,-0.8230628563616822,1.2624874277677032,-0.2
PPO,cosine,1583,31.66,6.957417925971489,-0.8282714816741749,1.265971062989309,-0.2
PPO,cosine,1584,31.68,6.957902925683561,-0.8329919780899967,1.2694304433860923,-0.2
PPO,cosine,1585,31.7,6.958974694704561,-0.8365475082018384,1.2725738479799162,-0.2
PPO,cosine,1586,31.720000000000002,6.960385269927258,-0.8394234279101371,1.2755279526602532,-0.2
PPO,cosine,1587,31.740000000000002,6.961947185505234,-0.8424634822919286,1.2787052462146558,-0.2
PPO,cosine,1588,31.76,6.963523076815175,-0.8462111326775218,1.2823611038325968,-0.2
PPO,cosine,1589,31.78,6.96499751580804,-0.8509332806360814,1.286587600441483,-0.2
PPO,cosine,1590,31.8,6.966293464047338,-0.8564897591365281,1.291238849387034,-0.2
PPO,cosine,1591,31.82,6.9673246378415685,-0.8626244613306528,1.2960856130137857,-0.2
PPO,cosine,1592,31.84,6.968054162098405,-0.8687806073918517,1.300733871526455,-0.2
PPO,cosine,1593,31.86,6.968312352458977,-0.874210311544013,1.3045583470027386,-0.2
PPO,cosine,1594,31.88,6.968306900433896,-0.8796435426730222,1.3082014430485251,-0.2
PPO,cosine,1595,31.900000000000002,6.968168389758169,-0.8853635923718481,1.3119522558479444,-0.2
PPO,cosine,1596,31.92,6.967902295824063,-0.8911439477389731,1.3156642390265432,-0.2
PPO,cosine,1597,31.94,6.9676563941788014,-0.8963397292202515,1.3190086456781676,-0.2
PPO,cosine,1598,31.96,6.967818414504382,-0.9010731207410576,1.3223483854021998,-0.2
PPO,cosine,1599,31.98,6.968645672788752,-0.9046943673166152,1.3254230787438346,-0.2
PPO,cosine,1600,32.0,6.969855826210377,-0.9076600433629873,1.328332442557929,-0.2
PPO,cosine,1601,32.02,6.971202651151173,-0.9107963988429926,1.3314596012453515,-0.2
PPO,cosine,1602,32.04,6.972512006177969,-0.9146373308102114,1.335043463364368,-0.2
PPO,cosine,1603,32.06,6.9736503255393005,-0.919443185523159,1.3391679236853606,-0.2
PPO,cosine,1604,32.08,6.974550628752866,-0.9250657509789197,1.3436873042627135,-0.2
PPO,cosine,1605,32.1,6.975145409681797,-0.9312487373021567,1.3483815412376208,-0.2
PPO,cosine,1606,32.12,6.975437058232511,-0.9374280866887459,1.3528669085635208,-0.2
PPO,cosine,1607,32.14,6.975310455043775,-0.9428564614551341,1.3565429556875048,-0.2
PPO,cosine,1608,32.160000000000004,6.97492260506973,-0.9482668125086211,1.360030894348069,-0.2
PPO,cosine,1609,32.18,6.974383222405974,-0.9539477534335964,1.3636124744175875,-0.2
PPO,cosine,1610,32.2,6.973712150896699,-0.9596841589188451,1.367153626218958,-0.2
PPO,cosine,1611,32.22,6.973101083054527,-0.9648385396181822,1.3703427036236004,-0.2
PPO,cosine,1612,32.24,6.972929404410781,-0.969560207658585,1.373549643166229,-0.2
PPO,cosine,1613,32.26,6.973500867255072,-0.973230141138061,1.3765467104918696,-0.2
PPO,cosine,1614,32.28,6.974500606513543,-0.9762716184978784,1.3794048373047454,-0.2
PPO,cosine,1615,32.3,6.975624762096102,-0.9794893427843318,1.3824771423221278,-0.2
PPO,cosine,1616,32.32,6.9766627628825235,-0.9834060248730593,1.385986133465251,-0.2
PPO,cosine,1617,32.34,6.977463007486032,-0.9882743223860896,1.3900072184313734,-0.2
PPO,cosine,1618,32.36,6.977968338729499,-0.9939393391720688,1.3943950234819205,-0.2
PPO,cosine,1619,32.38,6.97812958732096,-1.0001440404137243,1.3989373078046639,-0.2
PPO,cosine,1620,32.4,6.977993471686381,-1.0063302686833042,1.4032718340825456,-0.2
PPO,cosine,1621,32.42,6.977498930433582,-1.011751570770623,1.4068210262700869,-0.2
PPO,cosine,1622,32.44,6.976738112272304,-1.0171166765338286,1.410157322304318,-0.2
PPO,cosine,1623,32.46,6.975800025583884,-1.022729333679511,1.413563221047451,-0.2
PPO,cosine,1624,32.480000000000004,6.974726857584241,-1.0283915564924817,1.4169268295720423,-0.2
PPO,cosine,1625,32.5,6.973754407381842,-1.0334713545252712,1.4199509451103796,-0.2
PPO,cosine,1626,32.52,6.973251600256481,-1.0381465159610703,1.4230133049286329,-0.2
PPO,cosine,1627,32.54,6.973566879931587,-1.0418377972084567,1.4259237235532252,-0.2
PPO,cosine,1628,32.56,6.974353367794987,-1.0449332610413071,1.4287232081001042,-0.2
PPO,cosine,1629,32.58,6.975250786282073,-1.048211814627971,1.4317339503097166,-0.2
PPO,cosine,1630,32.6,6.97601273837199,-1.0521824940338513,1.435161616758087,-0.2
PPO,cosine,1631,32.62,6.976469342869044,-1.057086870232532,1.4390708908115377,-0.2
PPO,cosine,1632,32.64,6.976572798355151,-1.0627630716949192,1.4433155500602182,-0.2
PPO,cosine,1633,32.660000000000004,6.976292795366408,-1.0689541709006516,1.4476914870821942,-0.2
PPO,cosine,1634,32.68,6.975715050702608,-1.075101955338797,1.4518485026134436,-0.2
PPO,cosine,1635,32.7,6.974831736850005,-1.0804679295391664,1.4552346415381439,-0.2
PPO,cosine,1636,32.72,6.973671258838729,-1.0857475360103024,1.4583838425603315,-0.2
PPO,cosine,1637,32.74,6.97232043640373,-1.0912752164141246,1.4616048128711243,-0.2
PPO,cosine,1638,32.76,6.970832423567573,-1.0968499326226906,1.4647850932285211,-0.2
PPO,cosine,1639,32.78,6.9694868747849394,-1.1018477101703779,1.4676420465454012,-0.2
PPO,cosine,1640,32.8,6.968642391610094,-1.1064733384817944,1.4705615701476662,-0.2
PPO,cosine,1641,32.82,6.968694857851165,-1.1101906130181947,1.4733950335402262,-0.2
PPO,cosine,1642,32.84,6.969274203836573,-1.113336701064876,1.4761473815852681,-0.2
PPO,cosine,1643,32.86,6.969954152063734,-1.1166696969246352,1.4791086062677863,-0.2
PPO,cosine,1644,32.88,6.970451311980539,-1.1206888131767792,1.482470628681839,-0.2
PPO,cosine,1645,32.9,6.97057744668579,-1.1256167604149891,1.4862818276969691,-0.2
PPO,cosine,1646,32.92,6.970293184215412,-1.1312848788622016,1.4903940218872151,-0.2
PPO,cosine,1647,32.94,6.969587717928289,-1.1374369773499793,1.4946113943766268,-0.2
PPO,cosine,1648,32.96,6.968584072973126,-1.143516140649574,1.4985940979275563,-0.2
PPO,cosine,1649,32.980000000000004,6.967322413034404,-1.148801223429315,1.5018178656919066,-0.2
PPO,cosine,1650,33.0,6.965789408670885,-1.1539848605207226,1.504802392413,-0.2
PPO,cosine,1651,33.02,6.964049955308356,-1.1594008635733362,1.5078470342792207,-0.2
PPO,cosine,1652,33.04,6.962177199546877,-1.1648507044623546,1.5108481482314216,-0.2
PPO,cosine,1653,33.06,6.960489921660252,-1.1697133601843404,1.5135290663230283,-0.2
PPO,cosine,1654,33.08,6.959323685081569,-1.1742324787447167,1.516286202172084,-0.2
PPO,cosine,1655,33.1,6.959101151334821,-1.1779165010432762,1.5190004285456318,-0.2
PPO,cosine,1656,33.12,6.959436681080697,-1.181064600562444,1.521654473165596,-0.2
PPO,cosine,1657,33.14,6.959866048815814,-1.184404044231624,1.5245182096851155,-0.2
PPO,cosine,1658,33.160000000000004,6.9600706871999325,-1.188417722862507,1.5277671316120978,-0.2
PPO,cosine,1659,33.18,6.959845073710335,-1.1933228340254685,1.531444400470541,-0.2
PPO,cosine,1660,33.2,6.95915946261598,-1.1989440162618255,1.5354001526819683,-0.2
PPO,cosine,1661,33.22,6.958025315737041,-1.2050197639521685,1.539443125649141,-0.2
PPO,cosine,1662,33.24,6.956594862585559,-1.2109990902791077,1.543240916960768,-0.2
PPO,cosine,1663,33.26,6.95496888697382,-1.216181380469965,1.5463061550966697,-0.2
PPO,cosine,1664,33.28,6.953072668756031,-1.2212010542584237,1.549089902766017,-0.2
PPO,cosine,1665,33.3,6.950952657935998,-1.2264424530284002,1.5519252714695573,-0.2
PPO,cosine,1666,33.32,6.948678622313993,-1.2317341553751364,1.554721890870929,-0.2
PPO,cosine,1667,33.34,6.94660928278567,-1.2364862994942298,1.557230716076759,-0.2
PPO,cosine,1668,33.36,6.94508010199916,-1.2409413460726084,1.5598435253535017,-0.2
PPO,cosine,1669,33.38,6.944569120072728,-1.2446324870143168,1.5624726718654671,-0.2
PPO,cosine,1670,33.4,6.944674647477439,-1.2478200740833878,1.565076715970209,-0.2
PPO,cosine,1671,33.42,6.944866304434657,-1.2511981687430267,1.5678868552041343,-0.2
PPO,cosine,1672,33.44,6.944789885676605,-1.255230180434326,1.5710603852016647,-0.2
PPO,cosine,1673,33.46,6.94422388005508,-1.2601143070310499,1.5746259246089573,-0.2
PPO,cosine,1674,33.480000000000004,6.943146882431984,-1.2656802472322966,1.5784399038529082,-0.2
PPO,cosine,1675,33.5,6.94159465162139,-1.2716640968970385,1.5823179400167866,-0.2
PPO,cosine,1676,33.52,6.939747616859087,-1.277522586022469,1.5859349107671066,-0.2
PPO,cosine,1677,33.54,6.937751382691364,-1.28258023599613,1.58883281609723,-0.2
PPO,cosine,1678,33.56,6.935499283518785,-1.2874530361003653,1.5914440705309782,-0.2
PPO,cosine,1679,33.58,6.933009490310696,-1.292529458463372,1.5940950755853438,-0.2
PPO,cosine,1680,33.6,6.930367779991663,-1.2976498374788867,1.5967088985646682,-0.2
PPO,cosine,1681,33.62,6.927971978348169,-1.3022314270947781,1.5990430520510437,-0.2
PPO,cosine,1682,33.64,6.926131416267767,-1.3065493596060782,1.6014963719238307,-0.2
PPO,cosine,1683,33.660000000000004,6.925351159481611,-1.3101864448379468,1.604014740764891,-0.2
PPO,cosine,1684,33.68,6.925228747643585,-1.3133524552418867,1.6065313277854276,-0.2
PPO,cosine,1685,33.7,6.925186238924212,-1.316711180971674,1.609253836655532,-0.2
PPO,cosine,1686,33.72,6.924834243512743,-1.3207087308772563,1.6123243872711224,-0.2
PPO,cosine,1687,33.74,6.923935905158661,-1.3255274417293912,1.6157600550883227,-0.2
PPO,cosine,1688,33.76,6.922478938716145,-1.3309915714312741,1.6194153128817688,-0.2
PPO,cosine,1689,33.78,6.920521656114149,-1.3368360719456474,1.623111457241986,-0.2
PPO,cosine,1690,33.8,6.9182752484658865,-1.3425307866745206,1.6265356882386544,-0.2
PPO,cosine,1691,33.82,6.915937432666996,-1.3474325763351154,1.629268525544422,-0.2
PPO,cosine,1692,33.84,6.913352932141494,-1.3521020882339916,1.6316842941139644,-0.2
PPO,cosine,1693,33.86,6.910514258427434,-1.3569606605477866,1.6341292632695694,-0.2
PPO,cosine,1694,33.88,6.907510326744275,-1.3618642461094235,1.6365357368474078,-0.2
PPO,cosine,1695,33.9,6.904766480701206,-1.3662639343846896,1.6386822519941986,-0.2
PPO,cosine,1696,33.92,6.902586767743834,-1.3704406760536436,1.6409663372198193,-0.2
PPO,cosine,1697,33.94,6.901520324966239,-1.374010074707493,1.6433631922751966,-0.2
PPO,cosine,1698,33.96,6.901150542759013,-1.3771560257011146,1.6457919126790463,-0.2
PPO,cosine,1699,33.980000000000004,6.900854833650119,-1.3804955710423923,1.6484257499136699,-0.2
PPO,cosine,1700,34.0,6.900213435988578,-1.384448659551299,1.65138799840248,-0.2
PPO,cosine,1701,34.02,6.898974432153158,-1.3891858346561852,1.6546879805191352,-0.2
PPO,cosine,1702,34.04,6.897130667763908,-1.3945413781214075,1.6581884966237312,-0.2
PPO,cosine,1703,34.06,6.894765719603672,-1.4002448878733063,1.6617134045897342,-0.2
PPO,cosine,1704,34.08,6.89212905270033,-1.4057904273125952,1.6649747662339263,-0.2
PPO,cosine,1705,34.1,6.889454365292093,-1.410570012610769,1.66758412933618,-0.2
PPO,cosine,1706,34.12,6.886547440964839,-1.4150496242247164,1.669829872801363,-0.2
PPO,cosine,1707,34.14,6.883368693238921,-1.4196979561485892,1.672089272403576,-0.2
PPO,cosine,1708,34.160000000000004,6.880019801884827,-1.4244086286613569,1.6743281617157184,-0.2
PPO,cosine,1709,34.18,6.876941171463165,-1.4286590453114285,1.676333047445331,-0.2
PPO,cosine,1710,34.2,6.8744520997621885,-1.4327247420227596,1.6785013140247116,-0.2
PPO,cosine,1711,34.22,6.873121629794449,-1.4362600972823067,1.6808285003117647,-0.2
PPO,cosine,1712,34.24,6.872532379537779,-1.4394000161542753,1.6832068084007936,-0.2
PPO,cosine,1713,34.26,6.872010008803702,-1.4427404555187051,1.68579401987436,-0.2
PPO,cosine,1714,34.28,6.87110088041803,-1.446671180599987,1.6886900984620083,-0.2
PPO,cosine,1715,34.300000000000004,6.8695424745360985,-1.4513364314732449,1.6918869797784528,-0.2
PPO,cosine,1716,34.32,6.867343248095576,-1.456554796999138,1.6952392712175424,-0.2
PPO,cosine,1717,34.34,6.864602451455501,-1.4620695538625064,1.69858316823009,-0.2
PPO,cosine,1718,34.36,6.861614191083111,-1.467384261964123,1.7016449648900909,-0.2
PPO,cosine,1719,34.38,6.858639781709332,-1.4719322564984185,1.7040677341157466,-0.2
PPO,cosine,1720,34.4,6.855450848606189,-1.4762181870877267,1.7061700648732598,-0.2
PPO,cosine,1721,34.42,6.851985884477663,-1.4806524750708594,1.7082774070046842,-0.2
PPO,cosine,1722,34.44,6.848334207311204,-1.4851275607192844,1.7103434739555505,-0.2
PPO,cosine,1723,34.46,6.8449942949955345,-1.48913270178987,1.7121715924856942,-0.2
PPO,cosine,1724,34.480000000000004,6.842232100289328,-1.4929944174581506,1.7141724654535129,-0.2
PPO,cosine,1725,34.5,6.840648743966948,-1.4964112013113895,1.716373151195102,-0.2
PPO,cosine,1726,34.52,6.839817107428502,-1.4994900348504494,1.7186515465752148,-0.2
PPO,cosine,1727,34.54,6.839037709771952,-1.502766066351021,1.7211304798287326,-0.2
PPO,cosine,1728,34.56,6.837831183487147,-1.5066061708679712,1.723897690154762,-0.2
PPO,cosine,1729,34.58,6.835923334425516,-1.5111427771427994,1.7269395802829712,-0.2
PPO,cosine,1730,34.6,6.8333275885276406,-1.5162078895614781,1.7301217396963036,-0.2
PPO,cosine,1731,34.62,6.83017688646797,-1.5215340363871956,1.7332799793196612,-0.2
PPO,cosine,1732,34.64,6.826790016605582,-1.52666915117571,1.7361740778822325,-0.2
PPO,cosine,1733,34.660000000000004,6.823464500728469,-1.5311011583814451,1.7384949068539113,-0.2
PPO,cosine,1734,34.68,6.819958337686977,-1.5351948654623846,1.740446767495191,-0.2
PPO,cosine,1735,34.7,6.816157899323892,-1.5394019848173541,1.7423754438950287,-0.2
PPO,cosine,1736,34.72,6.812168547787665,-1.543662480119497,1.744279680138538,-0.2
PPO,cosine,1737,34.74,6.808496338933775,-1.5474959341256498,1.7459696435518963,-0.2
PPO,cosine,1738,34.76,6.805425893127835,-1.5512188306486532,1.7478531774378951,-0.2
PPO,cosine,1739,34.78,6.803574575908198,-1.5545728234000438,1.749979646253071,-0.2
PPO,cosine,1740,34.800000000000004,6.8025186719921455,-1.5576209531900023,1.7522041127427386,-0.2
PPO,cosine,1741,34.82,6.80150883827964,-1.5608719351331273,1.7546331855195862,-0.2
PPO,cosine,1742,34.84,6.800035533983429,-1.5646574437731913,1.7573302967828808,-0.2
PPO,cosine,1743,34.86,6.797817513419512,-1.5690809371986059,1.7602635519145842,-0.2
PPO,cosine,1744,34.88,6.794886693853303,-1.5739600411438426,1.7632909763231255,-0.2
PPO,cosine,1745,34.9,6.7913945344720945,-1.5790415305564354,1.7662608709967826,-0.2
PPO,cosine,1746,34.92,6.787694246566358,-1.5838760141822181,1.7689334228216425,-0.2
PPO,cosine,1747,34.94,6.784102293855863,-1.5879869602993342,1.7710220194313637,-0.2
PPO,cosine,1748,34.96,6.78033933167435,-1.5918132056147223,1.7727940529366035,-0.2
PPO,cosine,1749,34.980000000000004,6.7762871568167515,-1.5957364218665995,1.7745412020886564,-0.2
PPO,cosine,1750,35.0,6.772028422823566,-1.5996937639650717,1.7762454853190146,-0.2
PPO,cosine,1751,35.02,6.768115544997469,-1.6032357652890763,1.7777419412189186,-0.2
PPO,cosine,1752,35.04,6.764825033190669,-1.606725773732869,1.7794732488499496,-0.2
PPO,cosine,1753,35.06,6.762746830939664,-1.60997762304721,1.7815192041685222,-0.2
PPO,cosine,1754,35.08,6.761461822483586,-1.6129920444280323,1.7836948849195446,-0.2
PPO,cosine,1755,35.1,6.760201596534706,-1.616207017979736,1.7860659540848056,-0.2
PPO,cosine,1756,35.12,6.75843392005902,-1.6199239584270537,1.7886798601712008,-0.2
PPO,cosine,1757,35.14,6.75587463491417,-1.624224768309606,1.7914945050702842,-0.2
PPO,cosine,1758,35.160000000000004,6.752575907856625,-1.6289216034742358,1.7943678796030924,-0.2
PPO,cosine,1759,35.18,6.74871678518153,-1.6337657166110637,1.7971553191603191,-0.2
PPO,cosine,1760,35.2,6.744678820750708,-1.6383215422904776,1.7996233000291237,-0.2
PPO,cosine,1761,35.22,6.740789866640266,-1.6421488635086516,1.8015056248703911,-0.2
PPO,cosine,1762,35.24,6.736730652243754,-1.645690384871552,1.80307207199662,-0.2
PPO,cosine,1763,35.26,6.7323626671062335,-1.6493114915153393,1.8046006406447685,-0.2
PPO,cosine,1764,35.28,6.727779862594942,-1.6529492850021645,1.8060744356719853,-0.2
PPO,cosine,1765,35.300000000000004,6.723610465852018,-1.6561683876405233,1.807347734806555,-0.2
PPO,cosine,1766,35.32,6.720038411147124,-1.6593824297781292,1.8088685308179926,-0.2
PPO,cosine,1767,35.34,6.717702900223848,-1.6624302164087292,1.810737882030002,-0.2
PPO,cosine,1768,35.36,6.716183080287699,-1.6652922926930325,1.8127649115627744,-0.2
PPO,cosine,1769,35.38,6.714689061550685,-1.6683626699526002,1.814997094540806,-0.2
PPO,cosine,1770,35.4,6.712654761601261,-1.6719197690961956,1.8174687132183667,-0.2
PPO,cosine,1771,35.42,6.709785212884154,-1.676031182752637,1.8201306475053398,-0.2
PPO,cosine,1772,35.44,6.706139590988087,-1.6805117965154395,1.8228420173422526,-0.2
PPO,cosine,1773,35.46,6.701940070303428,-1.6851007194969663,1.8254545453521365,-0.2
PPO,cosine,1774,35.480000000000004,6.697577899052575,-1.6894159881300996,1.8277694893493015,-0.2
PPO,cosine,1775,35.5,6.6933982449307,-1.693086213522574,1.8295742817642529,-0.2
PPO,cosine,1776,35.52,6.689105101479614,-1.6964068569967827,1.8310275981947763,-0.2
PPO,cosine,1777,35.54,6.684502398002607,-1.6997655729929086,1.8324154921859916,-0.2
PPO,cosine,1778,35.56,6.679672948494074,-1.7031442142430797,1.833754490498743,-0.2
PPO,cosine,1779,35.58,6.675231683853796,-1.7061460807302262,1.834903887311579,-0.2
PPO,cosine,1780,35.6,6.671393983623245,-1.7091657619114131,1.8363053893445154,-0.2
PPO,cosine,1781,35.62,6.668815596795886,-1.7120964482209025,1.8380937273512652,-0.2
PPO,cosine,1782,35.64,6.667090206884589,-1.7148839246387229,1.8400641888547349,-0.2
PPO,cosine,1783,35.660000000000004,6.665379752448368,-1.7178780743650501,1.8422364922431713,-0.2
PPO,cosine,1784,35.68,6.663097678845574,-1.7213185851095,1.8446235938894848,-0.2
PPO,cosine,1785,35.7,6.659949991495161,-1.725240720325783,1.8471571493364307,-0.2
PPO,cosine,1786,35.72,6.656008356880618,-1.729462335191871,1.8496991466572417,-0.2
PPO,cosine,1787,35.74,6.651514024617429,-1.7337399597453993,1.8521135959468518,-0.2
PPO,cosine,1788,35.76,6.646887490420776,-1.7377128730958322,1.854213972168763,-0.2
PPO,cosine,1789,35.78,6.642482491450107,-1.7410421517424202,1.8558048189300007,-0.2
PPO,cosine,1790,35.800000000000004,6.637972607160443,-1.7440634592919613,1.8570854577871574,-0.2
PPO,cosine,1791,35.82,6.633167248312251,-1.7471050799802597,1.8582994712446477,-0.2
PPO,cosine,1792,35.84,6.6281199981025285,-1.7501538067628335,1.859455049024514,-0.2
PPO,cosine,1793,35.86,6.62348408528911,-1.7528542556333597,1.8604382403349964,-0.2
PPO,cosine,1794,35.88,6.61946737312517,-1.7556285169779955,1.8617119315277952,-0.2
PPO,cosine,1795,35.9,6.616692580831858,-1.7584054885459672,1.8634107441467753,-0.2
PPO,cosine,1796,35.92,6.614745803825796,-1.7610960247398721,1.8653073772641346,-0.2
PPO,cosine,1797,35.94,6.612795756079206,-1.7639905109897662,1.8673995720066505,-0.2
PPO,cosine,1798,35.96,6.610244845816839,-1.7672872143319538,1.869679884308331,-0.2
PPO,cosine,1799,35.980000000000004,6.606794456536159,-1.7710068379688966,1.8720749805004078,-0.2
PPO,cosine,1800,36.0,6.602533810064509,-1.7749680643023416,1.8744488847562781,-0.2
PPO,cosine,1801,36.02,6.597733266190283,-1.7789387837030086,1.8766747863370583,-0.2
PPO,cosine,1802,36.04,6.592831342247821,-1.782582674208896,1.8785765863390003,-0.2
PPO,cosine,1803,36.06,6.588189120465294,-1.7856034250117285,1.8799856469790803,-0.2
PPO,cosine,1804,36.08,6.583452141545769,-1.788319049327248,1.8810904878981916,-0.2
PPO,cosine,1805,36.1,6.578410349177033,-1.7910326119053224,1.882114860720115,-0.2
PPO,cosine,1806,36.12,6.5731114831914095,-1.7937323104501859,1.8830646228206878,-0.2
PPO,cosine,1807,36.14,6.568247531893238,-1.7961050957380555,1.8838521100232275,-0.2
PPO,cosine,1808,36.160000000000004,6.564001615594639,-1.7985976554361653,1.8849539380403526,-0.2
PPO,cosine,1809,36.18,6.561001326654776,-1.8011811389057186,1.8865248431065307,-0.2
PPO,cosine,1810,36.2,6.55884075098257,-1.80373486217086,1.8883226519769587,-0.2
PPO,cosine,1811,36.22,6.556669345780666,-1.8064959482238967,1.8903196479646585,-0.2
PPO,cosine,1812,36.24,6.553870189593764,-1.809627048530007,1.892491014956757,-0.2
PPO,cosine,1813,36.26,6.550144472541845,-1.8131264708540185,1.8947523690392614,-0.2
PPO,cosine,1814,36.28,6.545593115383571,-1.8168152714498926,1.896968523230551,-0.2
PPO,cosine,1815,36.300000000000004,6.540516855353514,-1.8204715667253968,1.8990195354911101,-0.2
PPO,cosine,1816,36.32,6.535367870911143,-1.823791948423473,1.900746124115006,-0.2
PPO,cosine,1817,36.34,6.53050984585585,-1.8265218381657942,1.9020049216147021,-0.2
PPO,cosine,1818,36.36,6.525582571229125,-1.8289410492923228,1.9029614817348042,-0.2
PPO,cosine,1819,36.38,6.520357928668762,-1.8313328552161543,1.9038257274557975,-0.2
PPO,cosine,1820,36.4,6.514869344277063,-1.833695327216808,1.904607307224523,-0.2
PPO,cosine,1821,36.42,6.509829887896032,-1.83575642588299,1.905237037683965,-0.2
PPO,cosine,1822,36.44,6.505383086687315,-1.8379615607859483,1.9061780512943478,-0.2
PPO,cosine,1823,36.46,6.502192593009123,-1.8403250804195814,1.9076146891064152,-0.2
PPO,cosine,1824,36.480000000000004,6.4998647818297215,-1.8427080636707023,1.9093029639192163,-0.2
PPO,cosine,1825,36.5,6.497522041591265,-1.845299826036377,1.9111932476437394,-0.2
PPO,cosine,1826,36.52,6.494525580638501,-1.8482282058139887,1.9132441168529024,-0.2
PPO,cosine,1827,36.54,6.490576848851274,-1.8514693814299585,1.9153601528176047,-0.2
PPO,cosine,1828,36.56,6.485780178265506,-1.8548518527729851,1.9174091314404034,-0.2
PPO,cosine,1829,36.58,6.480466190692243,-1.8581661191782222,1.9192782723878707,-0.2
PPO,cosine,1830,36.6,6.475078439346527,-1.861161538897873,1.9208388265038352,-0.2
PPO,cosine,1831,36.62,6.469986345422495,-1.8636384244246953,1.9219873417574198,-0.2
PPO,cosine,1832,36.64,6.464891204832408,-1.8657490637020955,1.9227957252489858,-0.2
PPO,cosine,1833,36.660000000000004,6.459517658632026,-1.867797183998001,1.9234923444468195,-0.2
PPO,cosine,1834,36.68,6.453893443703004,-1.8698080070529735,1.9241105065655624,-0.2
PPO,cosine,1835,36.7,6.448716213951514,-1.871542212565913,1.9245821609063858,-0.2
PPO,cosine,1836,36.72,6.444100693689361,-1.8734462575008601,1.9253639411496597,-0.2
PPO,cosine,1837,36.74,6.440734713078123,-1.8755908057977295,1.9266779591060441,-0.2
PPO,cosine,1838,36.76,6.438264100276478,-1.8778117963114414,1.9282770972963281,-0.2
PPO,cosine,1839,36.78,6.435778711698747,-1.880237630439504,1.9300768462656044,-0.2
PPO,cosine,1840,36.800000000000004,6.432621978960289,-1.882959294129447,1.9320190164768,-0.2
PPO,cosine,1841,36.82,6.4284994331978265,-1.88592722876613,1.9339941252372908,-0.2
PPO,cosine,1842,36.84,6.423516690501834,-1.8889779340696184,1.9358729355346518,-0.2
PPO,cosine,1843,36.86,6.418022014149239,-1.89192285161611,1.9375537362304611,-0.2
PPO,cosine,1844,36.88,6.412459127104048,-1.894550974427005,1.9389290668391528,-0.2
PPO,cosine,1845,36.9,6.407202535954341,-1.896703600002837,1.9399222797708595,-0.2
PPO,cosine,1846,36.92,6.401980236905843,-1.8984845645696216,1.940575108768528,-0.2
PPO,cosine,1847,36.94,6.396495290548059,-1.9001796399812085,1.94110565905772,-0.2
PPO,cosine,1848,36.96,6.390745110937094,-1.9018248465592107,1.941550794780092,-0.2
PPO,cosine,1849,36.980000000000004,6.385422365367704,-1.9032320494973118,1.9418657610554273,-0.2
PPO,cosine,1850,37.0,6.380608190439396,-1.9048531549672232,1.9425056336129725,-0.2
PPO,cosine,1851,37.02,6.377035675777032,-1.9067904256831303,1.9437092447908706,-0.2
PPO,cosine,1852,37.04,6.374371084644547,-1.9088549692700643,1.945220039667737,-0.2
PPO,cosine,1853,37.06,6.371690409117148,-1.9111179561540992,1.946927220664474,-0.2
PPO,cosine,1854,37.08,6.3683236287508,-1.9136314844375981,1.9487554371257063,-0.2
PPO,cosine,1855,37.1,6.363979899260017,-1.9163270933072323,1.9505873206828446,-0.2
PPO,cosine,1856,37.12,6.358773072580775,-1.919049636100198,1.9522985487433404,-0.2
PPO,cosine,1857,37.14,6.3530727715248485,-1.9216322598139288,1.9537991002019182,-0.2
PPO,cosine,1858,37.160000000000004,6.347323684899986,-1.9238967488999144,1.9549967883656905,-0.2
PPO,cosine,1859,37.18,6.341903864525576,-1.9257155092227933,1.9558319138000397,-0.2
PPO,cosine,1860,37.2,6.336551178823709,-1.927159915681601,1.9563261580261977,-0.2
PPO,cosine,1861,37.22,6.330956181222662,-1.9285043341822048,1.9566964406491458,-0.2
PPO,cosine,1862,37.24,6.3251059514139,-1.9297858071626612,1.956979085522168,-0.2
PPO,cosine,1863,37.26,6.319669756697378,-1.930851346213458,1.957134557081164,-0.2
PPO,cosine,1864,37.28,6.31475666736936,-1.9321681070711887,1.9576376972352485,-0.2
PPO,cosine,1865,37.300000000000004,6.311046527512232,-1.9338822581657396,1.958736973339105,-0.2
PPO,cosine,1866,37.32,6.308227935716164,-1.9357826132531522,1.9601680504816545,-0.2
PPO,cosine,1867,37.34,6.305386126802483,-1.9378775763548686,1.9617925954041222,-0.2
PPO,cosine,1868,37.36,6.301847545000958,-1.940176437875731,1.9635163738841765,-0.2
PPO,cosine,1869,37.38,6.297322734441756,-1.9425924342357277,1.965214027521128,-0.2
PPO,cosine,1870,37.4,6.291933501894659,-1.9449759388140764,1.9667629679486485,-0.2
PPO,cosine,1871,37.42,6.28606701131403,-1.9471839053073956,1.9680852359718322,-0.2
PPO,cosine,1872,37.44,6.280172503359077,-1.9490661916586676,1.9691002135760673,-0.2
PPO,cosine,1873,37.46,6.274630233365715,-1.9505247578890812,1.969763588915372,-0.2
PPO,cosine,1874,37.480000000000004,6.269179776007027,-1.9516124889454203,1.9700885916168673,-0.2
PPO,cosine,1875,37.5,6.263511246437171,-1.9525795937226573,1.9702804995281786,-0.2
PPO,cosine,1876,37.52,6.257585470815236,-1.9534590632225295,1.9703686422751834,-0.2
PPO,cosine,1877,37.54,6.252075950216695,-1.9541495852428166,1.9703408045773,-0.2
PPO,cosine,1878,37.56,6.24706626624641,-1.9551320223231357,1.970680837840135,-0.2
PPO,cosine,1879,37.58,6.243233661426702,-1.9565943999020696,1.9716552081383751,-0.2
PPO,cosine,1880,37.6,6.240283814867196,-1.9583029731190984,1.9729893173086956,-0.2
PPO,cosine,1881,37.62,6.2373016542911115,-1.9602076322179824,1.9745191912298363,-0.2
PPO,cosine,1882,37.64,6.233607142612065,-1.9622750962307525,1.9761315367066998,-0.2
PPO,cosine,1883,37.660000000000004,6.228918634689379,-1.9643985144824396,1.9776919034594,-0.2
PPO,cosine,1884,37.68,6.223364343429493,-1.9664338214434747,1.9790789787253251,-0.2
PPO,cosine,1885,37.7,6.217349733157238,-1.9682617407195884,1.9802260442899005,-0.2
PPO,cosine,1886,37.72,6.211319917882086,-1.969759730559839,1.9810627208215448,-0.2
PPO,cosine,1887,37.74,6.205661188871151,-1.970859533852819,1.9815609571210386,-0.2
PPO,cosine,1888,37.76,6.200129010009811,-1.9715880918470285,1.981719259774329,-0.2
PPO,cosine,1889,37.78,6.194389611305703,-1.9721834988459908,1.9817404154187288,-0.2
PPO,cosine,1890,37.800000000000004,6.188391745300133,-1.972681330944203,1.9816566511767426,-0.2
PPO,cosine,1891,37.82,6.182798210598093,-1.9730227922897834,1.981472716111135,-0.2
PPO,cosine,1892,37.84,6.177676900146316,-1.9736869956857133,1.981668347071351,-0.2
PPO,cosine,1893,37.86,6.17370832682302,-1.9749023878552716,1.9825271812421907,-0.2
PPO,cosine,1894,37.88,6.170619854257692,-1.9764197290663117,1.983770672257625,-0.2
PPO,cosine,1895,37.9,6.167498682700671,-1.9781301005240794,1.9852089319026007,-0.2
PPO,cosine,1896,37.92,6.163659801112421,-1.9799573071350067,1.986709709186892,-0.2
PPO,cosine,1897,37.94,6.158827979245714,-1.9817753127504554,1.9881297033187857,-0.2
PPO,cosine,1898,37.96,6.153136293499088,-1.9834478368021133,1.9893506593111285,-0.2
PPO,cosine,1899,37.980000000000004,6.147003244366064,-1.9848816289860702,1.9903178225953122,-0.2
PPO,cosine,1900,38.0,6.140855404386487,-1.985988746976402,1.9909775358003865,-0.2
PPO,cosine,1901,38.02,6.135077654388859,-1.986743982729209,1.9913306168554523,-0.2
PPO,cosine,1902,38.04,6.129466962857469,-1.9871307858541731,1.9913438815435573,-0.2
PPO,cosine,1903,38.06,6.123663729136326,-1.987362787891482,1.9912065610075982,-0.2
PPO,cosine,1904,38.08,6.117608409170075,-1.9874747317148103,1.990951417567082,-0.2
PPO,cosine,1905,38.1,6.111944225564952,-1.9874494249017784,1.9905995896160902,-0.2
PPO,cosine,1906,38.12,6.106710130251938,-1.987752384818192,1.9906146275079954,-0.2
PPO,cosine,1907,38.14,6.102622190243562,-1.9886767711163067,1.991322830157874,-0.2
PPO,cosine,1908,38.160000000000004,6.099429599487702,-1.989967120890156,1.9924495947145415,-0.2
PPO,cosine,1909,38.18,6.096207559938507,-1.9914564515535491,1.9937789980395455,-0.2
PPO,cosine,1910,38.2,6.09226399870228,-1.9930238082320735,1.9951582758358826,-0.2
PPO,cosine,1911,38.22,6.087332261311223,-1.9945230967612608,1.9964341480198793,-0.2
PPO,cosine,1912,38.24,6.081542312741226,-1.9958253193289113,1.9974903889735085,-0.2
PPO,cosine,1913,38.26,6.075322004479366,-1.9968632913269257,1.998283365443398,-0.2
PPO,cosine,1914,38.28,6.069079478746611,-1.997579007792979,1.998773090362957,-0.2
PPO,cosine,1915,38.300000000000004,6.063261080391916,-1.9979609773569165,1.9989622385961565,-0.2
PPO,cosine,1916,38.32,6.057644760921395,-1.997982870208924,1.9988142655359389,-0.2
PPO,cosine,1917,38.34,6.051841992799559,-1.9978729973119835,1.9985454975070742,-0.2
PPO,cosine,1918,38.36,6.045791934187117,-1.9976598177568279,1.9981845882492537,-0.2
PPO,cosine,1919,38.38,6.0400574736422685,-1.997328805619666,1.9977304520261694,-0.2
PPO,cosine,1920,38.4,6.034723527721966,-1.9973162113485061,1.9976180244213377,-0.2
PPO,cosine,1921,38.42,6.030523649941402,-1.9979733535274542,1.9982064994918536,-0.2
PPO,cosine,1922,38.44,6.027222630111572,-1.999051164542278,1.9992365117834432,-0.2
PPO,cosine,1923,38.46,6.023898362704113,-2.000323109484859,2.0004658642624,-0.2
PPO,cosine,1924,38.480000000000004,6.019862459000057,-2.0016245029638116,2.001723049810501,-0.2
PPO,cosine,1925,38.5,6.014853474299921,-2.002793336691983,2.0028484154315285,-0.2
PPO,cosine,1926,38.52,6.0089946541959645,-2.0037141593900416,2.0037343477477862,-0.2
PPO,cosine,1927,38.54,6.002718445534114,-2.004348716548751,2.0043505600260514,-0.2
PPO,cosine,1928,38.56,5.996409513510446,-2.004672098478149,2.0046753138625757,-0.2
PPO,cosine,1929,38.58,5.990515740475388,-2.0047027653004075,2.0047252002161873,-0.2
PPO,cosine,1930,38.6,5.984872430800253,-2.0043785883758862,2.0044181116603976,-0.2
PPO,cosine,1931,38.62,5.979060233559873,-2.0039085693053504,2.003971346197404,-0.2
PPO,cosine,1932,38.64,5.973003940305134,-2.003319817906787,2.0034247781083545,-0.2
PPO,cosine,1933,38.660000000000004,5.967207208071907,-2.002620138584126,2.0027826576455245,-0.2
PPO,cosine,1934,38.68,5.961777681673791,-2.0022192576083784,2.00243388317459,-0.2
PPO,cosine,1935,38.7,5.957512494092589,-2.0025660653253503,2.0028239535027543,-0.2
PPO,cosine,1936,38.72,5.954157903478703,-2.0034106223701653,2.0037088584831597,-0.2
PPO,cosine,1937,38.74,5.950774578908927,-2.0044563533084254,2.0048009131869313,-0.2
PPO,cosine,1938,38.76,5.946682333280856,-2.0054937986019707,2.0059019785997347,-0.2
PPO,cosine,1939,38.78,5.941627196790233,-2.006344468160818,2.006841318089776,-0.2
PPO,cosine,1940,38.800000000000004,5.935724348983825,-2.006900995993341,2.007489751497368,-0.2
PPO,cosine,1941,38.82,5.9294109977613605,-2.0071526367482413,2.007858900863967,-0.2
PPO,cosine,1942,38.84,5.9230557721237185,-2.007097013641125,2.0079416586512546,-0.2
PPO,cosine,1943,38.86,5.917114502564667,-2.0067825837488336,2.007767051236969,-0.2
PPO,cosine,1944,38.88,5.911463185264854,-2.006123198037068,2.007236330116741,-0.2
PPO,cosine,1945,38.9,5.9056492001027765,-2.005296924854476,2.0065591679243373,-0.2
PPO,cosine,1946,38.92,5.899589222777717,-2.0043282045898874,2.005763971617476,-0.2
PPO,cosine,1947,38.94,5.893734193569367,-2.0032498245404993,2.0048616383599067,-0.2
PPO,cosine,1948,38.96,5.8882381949919305,-2.002464402041797,2.0042381290276827,-0.2
PPO,cosine,1949,38.980000000000004,5.883886101028922,-2.0024906235618753,2.004402987827927,-0.2
PPO,cosine,1950,39.0,5.8804442871754725,-2.003088341793588,2.0051166813266037,-0.2
PPO,cosine,1951,39.02,5.876987613871446,-2.0038990040078515,2.006049548229505,-0.2
PPO,cosine,1952,39.04,5.8728432384655855,-2.004664412048453,2.0069693331381195,-0.2
PPO,cosine,1953,39.06,5.8677653639175915,-2.005186415918156,2.0076694525982988,-0.2
PPO,cosine,1954,39.08,5.861861668750802,-2.0053654247279296,2.0080691106963178,-0.2
PPO,cosine,1955,39.1,5.855565130373088,-2.005218455413493,2.0081768245671188,-0.2
PPO,cosine,1956,39.12,5.84922185726997,-2.004771230930869,2.0080064454332427,-0.2
PPO,cosine,1957,39.14,5.843313088350438,-2.0040920308804075,2.007573941965141,-0.2
PPO,cosine,1958,39.160000000000004,5.837700615714532,-2.003112434025187,2.0068452277984665,-0.2
PPO,cosine,1959,39.18,5.831928915327638,-2.0019814673782097,2.0059890082242915,-0.2
PPO,cosine,1960,39.2,5.825937113426182,-2.000705703273374,2.0050146724729876,-0.2
PPO,cosine,1961,39.22,5.820122433820883,-1.9993243065710435,2.0039158001613098,-0.2
PPO,cosine,1962,39.24,5.8146577619322235,-1.998205915746248,2.003078385384586,-0.2
PPO,cosine,1963,39.26,5.810326145473062,-1.9979321733893038,2.003037234321392,-0.2
PPO,cosine,1964,39.28,5.806889458941226,-1.9982741212756827,2.0035695196081913,-0.2
PPO,cosine,1965,39.300000000000004,5.803454030089672,-1.9988283026524198,2.004319417300985,-0.2
PPO,cosine,1966,39.32,5.799367070843587,-1.9992983011837957,2.005010359785227,-0.2
PPO,cosine,1967,39.34,5.794376612196908,-1.999471845063333,2.005464797332838,-0.2
PPO,cosine,1968,39.36,5.788551609533247,-1.9992551489425616,2.0055923271476863,-0.2
PPO,cosine,1969,39.38,5.7822973878340305,-1.99868719382779,2.005413490791987,-0.2
PPO,cosine,1970,39.4,5.775942830547693,-1.997826069311581,2.004946233920057,-0.2
PPO,cosine,1971,39.42,5.770018468623992,-1.9967776942917117,2.004274856774123,-0.2
PPO,cosine,1972,39.44,5.76443626427087,-1.9955127578628764,2.0033821032933523,-0.2
PPO,cosine,1973,39.46,5.758668779662102,-1.9941014129228223,2.0023723201566104,-0.2
PPO,cosine,1974,39.480000000000004,5.752756244697547,-1.992546090224203,2.001221458826006,-0.2
PPO,cosine,1975,39.5,5.746926258608542,-1.990876344577649,1.9999637126429481,-0.2
PPO,cosine,1976,39.52,5.7415412897079445,-1.9894055583057515,1.9988889230240507,-0.2
PPO,cosine,1977,39.54,5.737228676484906,-1.988736302658211,1.998546150327302,-0.2
PPO,cosine,1978,39.56,5.734214985491115,-1.9889652478063773,1.9990018570739125,-0.2
PPO,cosine,1979,39.58,5.731364607995556,-1.9895165974502438,1.9997612957931084,-0.2
PPO,cosine,1980,39.6,5.728022090237754,-1.990030858031737,2.0005249545168704,-0.2
PPO,cosine,1981,39.62,5.723830332325101,-1.9902446494850026,2.0010604850345977,-0.2
PPO,cosine,1982,39.64,5.718709096521108,-1.9900044777276233,2.0012267709364697,-0.2
PPO,cosine,1983,39.660000000000004,5.7128478889729015,-1.9892726446039746,2.000977817391448,-0.2
PPO,cosine,1984,39.68,5.706650381128874,-1.9881243832486493,2.000331404019268,-0.2
PPO,cosine,1985,39.7,5.700557000863531,-1.9866427795639685,1.9993612618561312,-0.2
PPO,cosine,1986,39.72,5.69500368976034,-1.9849458750066469,1.9981485434151989,-0.2
PPO,cosine,1987,39.74,5.689672489839925,-1.9829534830011213,1.996635154760359,-0.2
PPO,cosine,1988,39.76,5.684215425455084,-1.9807223714696103,1.9948849794169168,-0.2
PPO,cosine,1989,39.78,5.678654443662207,-1.9782588803935153,1.992928727591214,-0.2
PPO,cosine,1990,39.800000000000004,5.67358578559784,-1.9758729086778903,1.9910202144023104,-0.2
PPO,cosine,1991,39.82,5.6687931086147305,-1.9740296792777685,1.9896393678151993,-0.2
PPO,cosine,1992,39.84,5.664763049021371,-1.9732942266307971,1.9892798616567464,-0.2
PPO,cosine,1993,39.86,5.661385975740449,-1.973304614579546,1.989607084043415,-0.2
PPO,cosine,1994,39.88,5.657900353408894,-1.9735285396712154,1.9901629885520673,-0.2
PPO,cosine,1995,39.9,5.6536893648163415,-1.9735735752610357,1.9906181519271464,-0.2
PPO,cosine,1996,39.92,5.648557058327047,-1.973197708738023,1.990756251592232,-0.2
PPO,cosine,1997,39.94,5.642642793773776,-1.9722990357605936,1.9904519447360234,-0.2
PPO,cosine,1998,39.96,5.636375565835106,-1.9709691327188872,1.9897593345773232,-0.2
PPO,cosine,1999,39.980000000000004,5.630128334467591,-1.9692777318211176,1.988725527279012,-0.2
PPO,cosine,2000,40.0,5.624364043467618,-1.9674083763187047,1.9874829634457813,-0.2
PPO,cosine,2001,40.02,5.618968935334729,-1.9653110901319477,1.985963634140431,-0.2
PPO,cosine,2002,40.04,5.613460426550732,-1.9630263726396175,1.9842846153515417,-0.2
PPO,cosine,2003,40.06,5.607785090957969,-1.9605296625976574,1.9824301194711278,-0.2
PPO,cosine,2004,40.08,5.6022336630608,-1.9579098341297598,1.9804538833960266,-0.2
PPO,cosine,2005,40.1,5.596981199327464,-1.955541251079512,1.9786839661076816,-0.2
PPO,cosine,2006,40.12,5.592751253670967,-1.9542274010206278,1.9778593687785462,-0.2
PPO,cosine,2007,40.14,5.589347619586418,-1.9537602009563708,1.9777887849492215,-0.2
PPO,cosine,2008,40.160000000000004,5.585950981056749,-1.9535527476836831,1.977981266201664,-0.2
PPO,cosine,2009,40.18,5.581951411048763,-1.9531775878860456,1.9780854620969948,-0.2
PPO,cosine,2010,40.2,5.57712113421213,-1.9523654869578377,1.9778449415838637,-0.2
PPO,cosine,2011,40.22,5.571506443018315,-1.9510238399587507,1.9771811089871412,-0.2
PPO,cosine,2012,40.24,5.565430403095163,-1.9492503667128107,1.9761623549303975,-0.2
PPO,cosine,2013,40.26,5.559261644130887,-1.9471799578774187,1.9748778254740413,-0.2
PPO,cosine,2014,40.28,5.55351403398823,-1.9450079216797544,1.9734306346314934,-0.2
PPO,cosine,2015,40.300000000000004,5.548343203319993,-1.9428358626470534,1.9719279098374114,-0.2
PPO,cosine,2016,40.32,5.5430171746676455,-1.9404384147397127,1.9702367422678098,-0.2
PPO,cosine,2017,40.34,5.537553285199523,-1.937772945170666,1.968306517099492,-0.2
PPO,cosine,2018,40.36,5.532086039817846,-1.9348828183148892,1.966148957370568,-0.2
PPO,cosine,2019,40.38,5.527117741064343,-1.9321657013910494,1.964113197689217,-0.2
PPO,cosine,2020,40.4,5.522744250075218,-1.9301974315392518,1.962752553205488,-0.2
PPO,cosine,2021,40.42,5.519166130368581,-1.9293482404341968,1.9624012351588367,-0.2
PPO,cosine,2022,40.44,5.515942604268197,-1.9291482786920484,1.9626375673753536,-0.2
PPO,cosine,2023,40.46,5.512503717250095,-1.9290605347833325,1.9630156289055314,-0.2
PPO,cosine,2024,40.480000000000004,5.508386733773278,-1.9286438229344278,1.963167391976879,-0.2
PPO,cosine,2025,40.5,5.503440328390104,-1.9276380156121138,1.962861129350769,-0.2
PPO,cosine,2026,40.52,5.497797146735274,-1.925952782001872,1.9619953535892907,-0.2
PPO,cosine,2027,40.54,5.4918290819788185,-1.9237122215567768,1.9606162889367054,-0.2
PPO,cosine,2028,40.56,5.485866499782688,-1.9210737549931,1.9588592933172833,-0.2
PPO,cosine,2029,40.58,5.480409394797769,-1.9182970853284895,1.9569109957441813,-0.2
PPO,cosine,2030,40.6,5.475426539665431,-1.9155088389069792,1.9548882267274799,-0.2
PPO,cosine,2031,40.62,5.470260225055485,-1.9125143637158697,1.9526844391689084,-0.2
PPO,cosine,2032,40.64,5.464957393863517,-1.9092665734230942,1.9502666524517862,-0.2
PPO,cosine,2033,40.660000000000004,5.459711238464691,-1.9058325638602736,1.9476729909497106,-0.2
PPO,cosine,2034,40.68,5.4548888806523195,-1.9026351816616374,1.9452487337333435,-0.2
PPO,cosine,2035,40.7,5.450856136273726,-1.9004527441060086,1.943707216289366,-0.2
PPO,cosine,2036,40.72,5.447771632379413,-1.8995609000620213,1.9433026323861498,-0.2
PPO,cosine,2037,40.74,5.444829656477322,-1.8991842274493274,1.9433897050319267,-0.2
PPO,cosine,2038,40.76,5.441489258872657,-1.8987713586909694,1.9435086803451938,-0.2
PPO,cosine,2039,40.78,5.437400284347905,-1.8979176049970268,1.943318403812855,-0.2
PPO,cosine,2040,40.800000000000004,5.432499341397026,-1.8964246292623217,1.9426130325110287,-0.2
PPO,cosine,2041,40.82,5.426949240020743,-1.894255945940166,1.9413576450895667,-0.2
PPO,cosine,2042,40.84,5.421144754311161,-1.8915935830438224,1.939674496659258,-0.2
PPO,cosine,2043,40.86,5.415398311965314,-1.8885949119521663,1.9376577682696705,-0.2
PPO,cosine,2044,40.88,5.410154035555202,-1.8855410869424636,1.9355029022977754,-0.2
PPO,cosine,2045,40.9,5.4053657689037795,-1.882327403860361,1.933130570785445,-0.2
PPO,cosine,2046,40.92,5.40048945913106,-1.878905790259936,1.9305826630982532,-0.2
PPO,cosine,2047,40.94,5.395499503717834,-1.8752432070592222,1.9278137068603343,-0.2
PPO,cosine,2048,40.96,5.390730176844779,-1.8715397885711025,1.9249719835228831,-0.2
PPO,cosine,2049,40.980000000000004,5.3861753775143555,-1.868217634590578,1.9224832983573246,-0.2
PPO,cosine,2050,41.0,5.38228061617038,-1.8661481969024014,1.92112513730923,-0.2
PPO,cosine,2051,41.02,5.378969670750793,-1.8650790368685968,1.9206510024030998,-0.2
PPO,cosine,2052,41.04,5.37558307701573,-1.8642616208010465,1.9204317664821113,-0.2
PPO,cosine,2053,41.06,5.37158603353872,-1.8631334349303308,1.920020236937761,-0.2
PPO,cosine,2054,41.08,5.366842626330897,-1.8614069063324503,1.9191619590428708,-0.2
PPO,cosine,2055,41.1,5.361443262486919,-1.8590084092362733,1.9177746737137278,-0.2
PPO,cosine,2056,41.12,5.3556970084215525,-1.8560947582171368,1.9159337128214595,-0.2
PPO,cosine,2057,41.14,5.349950255050001,-1.8528743854876217,1.913806975479363,-0.2
PPO,cosine,2058,41.160000000000004,5.344635285582871,-1.8496344379214449,1.911601136540146,-0.2
PPO,cosine,2059,41.18,5.3399104034050575,-1.846505781228579,1.9093971908053196,-0.2
PPO,cosine,2060,41.2,5.335081659242547,-1.8430815739355755,1.9069224773062678,-0.2
PPO,cosine,2061,41.22,5.33015539840502,-1.8393041580198672,1.9041344808604552,-0.2
PPO,cosine,2062,41.24,5.3252905137590005,-1.8352639551506338,1.901092986729924,-0.2
PPO,cosine,2063,41.26,5.320907192358581,-1.8314744844864768,1.898197214870742,-0.2
PPO,cosine,2064,41.28,5.317082992614766,-1.828617325984182,1.896118726544009,-0.2
PPO,cosine,2065,41.300000000000004,5.313905807370308,-1.8270733160884312,1.8952134696693543,-0.2
PPO,cosine,2066,41.32,5.310919405706188,-1.8262109201317427,1.8949458335152318,-0.2
PPO,cosine,2067,41.34,5.307649025367401,-1.8253972027526104,1.8947866978810581,-0.2
PPO,cosine,2068,41.36,5.30373412938041,-1.824118186373627,1.8942896281960222,-0.2
PPO,cosine,2069,41.38,5.299099820146965,-1.8221150189515345,1.893225284187643,-0.2
PPO,cosine,2070,41.4,5.2938854136442695,-1.8193312829897654,1.891523825143731,-0.2
PPO,cosine,2071,41.42,5.28842015107394,-1.8159576253824194,1.8893117339529537,-0.2
PPO,cosine,2072,41.44,5.2830113887030095,-1.8122224858460125,1.8867211213085573,-0.2
PPO,cosine,2073,41.46,5.278074941236092,-1.8084619966136926,1.8840293935834624,-0.2
PPO,cosine,2074,41.480000000000004,5.273686475179062,-1.8048490797928536,1.881386281721895,-0.2
PPO,cosine,2075,41.5,5.2691655798985355,-1.8009731589066742,1.878512147818722,-0.2
PPO,cosine,2076,41.52,5.264554745402845,-1.7967742899606627,1.8753412055890362,-0.2
PPO,cosine,2077,41.54,5.260036475252023,-1.792342531457393,1.8719386152180015,-0.2
PPO,cosine,2078,41.56,5.255959288477748,-1.7881996885051124,1.868740771341981,-0.2
PPO,cosine,2079,41.58,5.252432930925437,-1.7851177984155466,1.8664566076098752,-0.2
PPO,cosine,2080,41.6,5.249529433350699,-1.7834423238929449,1.865422234147359,-0.2
PPO,cosine,2081,41.62,5.246722422906968,-1.7823899378405663,1.8649821054339595,-0.2
PPO,cosine,2082,41.64,5.243567613616771,-1.781308764783035,1.864592363383951,-0.2
PPO,cosine,2083,41.660000000000004,5.239769561465331,-1.7796966986341936,1.8638277317832066,-0.2
PPO,cosine,2084,41.68,5.235289627955556,-1.7773246497581452,1.8624616247527617,-0.2
PPO,cosine,2085,41.7,5.230263768997227,-1.7741579824342322,1.8604384955885986,-0.2
PPO,cosine,2086,41.72,5.225016509877809,-1.7704210911544258,1.8579237521851741,-0.2
PPO,cosine,2087,41.74,5.219842278676166,-1.766354893578518,1.855080755843787,-0.2
PPO,cosine,2088,41.76,5.215143794715961,-1.7623506128843784,1.852190361771723,-0.2
PPO,cosine,2089,41.78,5.210940354124096,-1.7585143923445075,1.8493705671793108,-0.2
PPO,cosine,2090,41.800000000000004,5.2066017154348545,-1.7544096298290575,1.846332474385241,-0.2
PPO,cosine,2091,41.82,5.20223561291169,-1.7500073078575136,1.8430017951590152,-0.2
PPO,cosine,2092,41.84,5.19800708313082,-1.7454116591108948,1.839460920080601,-0.2
PPO,cosine,2093,41.86,5.194165344431592,-1.7411196344096345,1.8361427048171264,-0.2
PPO,cosine,2094,41.88,5.190882849530735,-1.7379963529513027,1.8338466997612912,-0.2
PPO,cosine,2095,41.9,5.1882249113242835,-1.7363226019564415,1.8328105808600421,-0.2
PPO,cosine,2096,41.92,5.185591349163111,-1.7351511813332987,1.8322619126722461,-0.2
PPO,cosine,2097,41.94,5.182563350238869,-1.7338142897444615,1.831646185922523,-0.2
PPO,cosine,2098,41.96,5.178919546508077,-1.731846711568208,1.8305636835068886,-0.2
PPO,cosine,2099,41.980000000000004,5.174660279887459,-1.7290632374183466,1.8288390657218354,-0.2
PPO,cosine,2100,42.0,5.1699023252719085,-1.7254623882334963,1.8264206765682143,-0.2
PPO,cosine,2101,42.02,5.164961943008039,-1.7213213824790505,1.8235339211708947,-0.2
PPO,cosine,2102,42.04,5.160120432791562,-1.7168932291023977,1.8203630489876486,-0.2
PPO,cosine,2103,42.06,5.155741233011895,-1.7126207118527799,1.8172273910034022,-0.2
PPO,cosine,2104,42.08,5.1518286342831505,-1.7084808106097302,1.8141197269231086,-0.2
PPO,cosine,2105,42.1,5.147819328219721,-1.7040769570521668,1.810791334161202,-0.2
PPO,cosine,2106,42.12,5.143785997679648,-1.6993968652668052,1.8072059513199514,-0.2
PPO,cosine,2107,42.14,5.13990469778112,-1.6945964141607228,1.8034609438727944,-0.2
PPO,cosine,2108,42.160000000000004,5.136312895028201,-1.690141937329993,1.7999954623958037,-0.2
PPO,cosine,2109,42.18,5.133279381401416,-1.6870879877662892,1.7977646215100347,-0.2
PPO,cosine,2110,42.2,5.130734548187865,-1.6852912404959264,1.7966397663785993,-0.2
PPO,cosine,2111,42.22,5.128096403271629,-1.683774243989909,1.795798178535081,-0.2
PPO,cosine,2112,42.24,5.1250068785573015,-1.6819081502777555,1.7947317727966199,-0.2
PPO,cosine,2113,42.26,5.121347738590714,-1.6793119357941668,1.793102948635916,-0.2
PPO,cosine,2114,42.28,5.117154460500854,-1.675881755761941,1.7908074492747657,-0.2
PPO,cosine,2115,42.300000000000004,5.112540801272408,-1.6717256546801835,1.7879035567855321,-0.2
PPO,cosine,2116,42.32,5.107857152254347,-1.6671897741061728,1.7846580223104807,-0.2
PPO,cosine,2117,42.34,5.103348133239509,-1.662534915200811,1.7812715279761324,-0.2
PPO,cosine,2118,42.36,5.099354351334005,-1.6581519933547173,1.7780147489965483,-0.2
PPO,cosine,2119,42.38,5.095711152459816,-1.6536855474620125,1.7745945213506094,-0.2
PPO,cosine,2120,42.4,5.092053528230338,-1.6488219113331408,1.7708057681140403,-0.2
PPO,cosine,2121,42.42,5.088466386296611,-1.6435918528084037,1.7666513854145967,-0.2
PPO,cosine,2122,42.44,5.085384939256632,-1.6387196044292327,1.7627069715264494,-0.2
PPO,cosine,2123,42.46,5.0824562718174,-1.6345458628396135,1.7594093953509566,-0.2
PPO,cosine,2124,42.480000000000004,5.079613438620489,-1.6316850915810115,1.757367695413427,-0.2
PPO,cosine,2125,42.5,5.076885904271465,-1.6298129453841177,1.7562584264459586,-0.2
PPO,cosine,2126,42.52,5.073950333937643,-1.6280844699140766,1.7553315925738966,-0.2
PPO,cosine,2127,42.54,5.070498544772007,-1.6258156576240945,1.7540169130554095,-0.2
PPO,cosine,2128,42.56,5.066504075042878,-1.6227094364783679,1.7520420711945994,-0.2
PPO,cosine,2129,42.58,5.062083915599187,-1.6187196621630606,1.749335400378822,-0.2
PPO,cosine,2130,42.6,5.057473226560659,-1.6140741448753022,1.7460317049137972,-0.2
PPO,cosine,2131,42.62,5.05298603640509,-1.6091548716929431,1.7424497870938458,-0.2
PPO,cosine,2132,42.64,5.048869732593358,-1.6042928493471038,1.7388368906514373,-0.2
PPO,cosine,2133,42.660000000000004,5.045355079134373,-1.5997462436168324,1.735361573607541,-0.2
PPO,cosine,2134,42.68,5.042046732510799,-1.5949097274603625,1.7315642577289079,-0.2
PPO,cosine,2135,42.7,5.038734766489564,-1.589499017960663,1.7272260112770255,-0.2
PPO,cosine,2136,42.72,5.035601219915953,-1.583721382839379,1.7224773757546594,-0.2
PPO,cosine,2137,42.74,5.032969277319165,-1.5784098812822132,1.7180508438808537,-0.2
PPO,cosine,2138,42.76,5.030640537063125,-1.5742950460436846,1.7147052897393824,-0.2
PPO,cosine,2139,42.78,5.028426500709406,-1.5717175976964561,1.7128160495705067,-0.2
PPO,cosine,2140,42.800000000000004,5.026094832019252,-1.5699037421448527,1.7116926611500576,-0.2
PPO,cosine,2141,42.82,5.0234035061846125,-1.5680705452996717,1.710639931079815,-0.2
PPO,cosine,2142,42.84,5.020167436246483,-1.565612030284053,1.7091365482952356,-0.2
PPO,cosine,2143,42.86,5.016401995818569,-1.5622741357832068,1.706938405219464,-0.2
PPO,cosine,2144,42.88,5.012244246412045,-1.5580345321373723,1.7039786899251403,-0.2
PPO,cosine,2145,42.9,5.007956702365688,-1.5531715598982851,1.7004520336361801,-0.2
PPO,cosine,2146,42.92,5.0038161533725765,-1.5480552275218087,1.6966588567665875,-0.2
PPO,cosine,2147,42.94,5.000080660522177,-1.5430974410574714,1.692904310176766,-0.2
PPO,cosine,2148,42.96,4.996869724797415,-1.5384776557176734,1.6893337887745214,-0.2
PPO,cosine,2149,42.980000000000004,4.99365872448065,-1.533533785623696,1.6854630140274014,-0.2
PPO,cosine,2150,43.0,4.9904902051644315,-1.5281311697479885,1.681141948575477,-0.2
PPO,cosine,2151,43.02,4.9875695956125545,-1.52247702969697,1.6765045928186537,-0.2
PPO,cosine,2152,43.04,4.985056236092918,-1.517238725437456,1.6721650136120914,-0.2
PPO,cosine,2153,43.06,4.982867045670661,-1.5132983274589413,1.668989933496778,-0.2
PPO,cosine,2154,43.08,4.9809086162119005,-1.5108968039387558,1.6672269432420783,-0.2
PPO,cosine,2155,43.1,4.978822252174409,-1.5090110501809275,1.6659890374937258,-0.2
PPO,cosine,2156,43.12,4.9763763521120925,-1.5069010298796932,1.6646394163269553,-0.2
PPO,cosine,2157,43.14,4.973458403461162,-1.5040502055000298,1.6627158631749173,-0.2
PPO,cosine,2158,43.160000000000004,4.970106816580174,-1.500275381946791,1.6600361042221685,-0.2
PPO,cosine,2159,43.18,4.966411561035895,-1.4955869571535279,1.656559276537657,-0.2
PPO,cosine,2160,43.2,4.962603822737033,-1.490319062247724,1.652572349670366,-0.2
PPO,cosine,2161,43.22,4.9589291533317015,-1.484849983557388,1.6483648240722035,-0.2
PPO,cosine,2162,43.24,4.9555981524294905,-1.4796715319707516,1.644328522930607,-0.2
PPO,cosine,2163,43.26,4.952736445504986,-1.4748888062014902,1.640551322651795,-0.2
PPO,cosine,2164,43.28,4.949833995729087,-1.4697866673660456,1.6364900381523992,-0.2
PPO,cosine,2165,43.300000000000004,4.946989783555471,-1.4643295587483913,1.632055769655659,-0.2
PPO,cosine,2166,43.32,4.944388249526434,-1.458726620159526,1.627423631461057,-0.2
PPO,cosine,2167,43.34,4.942078919727844,-1.4535589949379817,1.6231345879338384,-0.2
PPO,cosine,2168,43.36,4.940019033840661,-1.44980891696622,1.620129294370526,-0.2
PPO,cosine,2169,43.38,4.938146203235305,-1.447455483412346,1.618404719385413,-0.2
PPO,cosine,2170,43.4,4.936135022303778,-1.4453861171683948,1.6169956826473697,-0.2
PPO,cosine,2171,43.42,4.933793688695698,-1.442921687401812,1.61530727210239,-0.2
PPO,cosine,2172,43.44,4.93107945795079,-1.4396266898801242,1.6129374745954084,-0.2
PPO,cosine,2173,43.46,4.928038648944737,-1.4353898371581424,1.60974704663771,-0.2
PPO,cosine,2174,43.480000000000004,4.924717388670664,-1.4302770722491374,1.6058061184885661,-0.2
PPO,cosine,2175,43.5,4.921350034475125,-1.4247026428595169,1.6014506056784632,-0.2
PPO,cosine,2176,43.52,4.918130033703294,-1.4190216867865633,1.5969347660850453,-0.2
PPO,cosine,2177,43.54,4.915188757029423,-1.4136945762491075,1.592689012389012,-0.2
PPO,cosine,2178,43.56,4.912678900847024,-1.4085720712785006,1.588524107300153,-0.2
PPO,cosine,2179,43.58,4.91023802498366,-1.4031624596086398,1.584049918187955,-0.2
PPO,cosine,2180,43.6,4.90786545635161,-1.397389353204511,1.5792161402191307,-0.2
PPO,cosine,2181,43.62,4.905821403822365,-1.39176836432491,1.5744409787133853,-0.2
PPO,cosine,2182,43.64,4.903865631034616,-1.3866536009753072,1.5701197356251928,-0.2
PPO,cosine,2183,43.660000000000004,4.901834946647376,-1.3829118272556973,1.5671300405899957,-0.2
PPO,cosine,2184,43.68,4.899763958754161,-1.3802076890520076,1.565149998407907,-0.2
PPO,cosine,2185,43.7,4.897483777745559,-1.3775635702119482,1.5632939531756151,-0.2
PPO,cosine,2186,43.72,4.894856522121984,-1.3742647931272376,1.5609122692447452,-0.2
PPO,cosine,2187,43.74,4.891926543068549,-1.3700497061884704,1.5577369827964462,-0.2
PPO,cosine,2188,43.76,4.888759114208959,-1.3649104556356528,1.5537596983619744,-0.2
PPO,cosine,2189,43.78,4.885502501552636,-1.3591633735212727,1.5492264328087295,-0.2
PPO,cosine,2190,43.800000000000004,4.8823779625108354,-1.3532795380633935,1.544521817084876,-0.2
PPO,cosine,2191,43.82,4.879510812151767,-1.347658650737449,1.5400058130376022,-0.2
PPO,cosine,2192,43.84,4.877071916267807,-1.3425022819866441,1.5357952654711848,-0.2
PPO,cosine,2193,43.86,4.874684726610835,-1.3369842723347174,1.5312286947853746,-0.2
PPO,cosine,2194,43.88,4.872444456159153,-1.3309794974918214,1.5261637160676969,-0.2
PPO,cosine,2195,43.9,4.870528894586336,-1.3247979496925004,1.5208243912663781,-0.2
PPO,cosine,2196,43.92,4.868937717108113,-1.3191775182684864,1.515926139639875,-0.2
PPO,cosine,2197,43.94,4.867442098127775,-1.3149503937593219,1.5123357704678748,-0.2
PPO,cosine,2198,43.96,4.8659073245402915,-1.3122259152979006,1.510195334970862,-0.2
PPO,cosine,2199,43.980000000000004,4.864169463992741,-1.309927146776398,1.50851638280821,-0.2
PPO,cosine,2200,44.0,4.862135453125035,-1.307318238227997,1.5066254250763882,-0.2
PPO,cosine,2201,44.02,4.8597983597875585,-1.3038890495432423,1.5040468899763604,-0.2
PPO,cosine,2202,44.04,4.857228169750615,-1.2994827364599917,1.5006136368208387,-0.2
PPO,cosine,2203,44.06,4.85449477892608,-1.2941278416609028,1.4963100346262692,-0.2
PPO,cosine,2204,44.08,4.851761809559538,-1.2882181383331195,1.4914848639847729,-0.2
PPO,cosine,2205,44.1,4.849199584634775,-1.2821912416894312,1.4865031967921927,-0.2
PPO,cosine,2206,44.12,4.8468827072233545,-1.2765618455827472,1.481815871019001,-0.2
PPO,cosine,2207,44.14,4.844978989036742,-1.271399422298591,1.4774599516045148,-0.2
PPO,cosine,2208,44.160000000000004,4.843118943277488,-1.2658892294621211,1.4727648435092702,-0.2
PPO,cosine,2209,44.18,4.841367520228991,-1.2599665236785202,1.4676293328215266,-0.2
PPO,cosine,2210,44.2,4.839902988590116,-1.2539818415509494,1.4623566259795187,-0.2
PPO,cosine,2211,44.22,4.8386342248039975,-1.2484588867624518,1.4574719000914194,-0.2
PPO,cosine,2212,44.24,4.837333697001644,-1.2444288819483431,1.4540161031666228,-0.2
PPO,cosine,2213,44.26,4.835919986632233,-1.2414701834079043,1.45161185610575,-0.2
PPO,cosine,2214,44.28,4.834301590798925,-1.2386414912575685,1.4493964169923987,-0.2
PPO,cosine,2215,44.300000000000004,4.832430290473382,-1.2352566956219915,1.4467309402184116,-0.2
PPO,cosine,2216,44.32,4.830355432154861,-1.2309808537629756,1.4432759729991342,-0.2
PPO,cosine,2217,44.34,4.8281121888873955,-1.2257737475246269,1.438974140850356,-0.2
PPO,cosine,2218,44.36,4.825742335765767,-1.2198244465033161,1.4340124583883793,-0.2
PPO,cosine,2219,44.38,4.823424265727178,-1.2136400653281003,1.4288062761408296,-0.2
PPO,cosine,2220,44.4,4.8212423011008605,-1.2075775278384058,1.4236734052760929,-0.2
PPO,cosine,2221,44.42,4.819424182062549,-1.2020741454262116,1.4189739968416182,-0.2
PPO,cosine,2222,44.44,4.817917615869091,-1.1964293035322042,1.4140370716519002,-0.2
PPO,cosine,2223,44.46,4.8166538135245744,-1.1902482664479042,1.4085154858539566,-0.2
PPO,cosine,2224,44.480000000000004,4.815771686379227,-1.1837519734658744,1.4025848362718407,-0.2
PPO,cosine,2225,44.5,4.815251066143966,-1.1779994441841493,1.3972588762506026,-0.2
PPO,cosine,2226,44.52,4.81458493066916,-1.1732524796205204,1.3929237333976725,-0.2
PPO,cosine,2227,44.54,4.813433018287916,-1.1697199825128253,1.3898951094315504,-0.2
PPO,cosine,2228,44.56,4.81192721713866,-1.1669212538425267,1.3876760010932012,-0.2
PPO,cosine,2229,44.58,4.81014103690352,-1.1640388403820858,1.3854655309176511,-0.2
PPO,cosine,2230,44.6,4.808106603086363,-1.1604194821472704,1.382619059724363,-0.2
PPO,cosine,2231,44.62,4.805915469863036,-1.1558189505593321,1.378881097395216,-0.2
PPO,cosine,2232,44.64,4.803667768988005,-1.1502483458187303,1.3742441202041038,-0.2
PPO,cosine,2233,44.660000000000004,4.801474852844179,-1.1440557492100158,1.368984627603518,-0.2
PPO,cosine,2234,44.68,4.799488405068735,-1.1378193555318377,1.3636265439912971,-0.2
PPO,cosine,2235,44.7,4.79773160225201,-1.1318925948314347,1.3585002019302785,-0.2
PPO,cosine,2236,44.72,4.796328978196688,-1.126478197150559,1.3537441189660409,-0.2
PPO,cosine,2237,44.74,4.795115700017531,-1.1206920164455347,1.3485830489226753,-0.2
PPO,cosine,2238,44.76,4.794175218788886,-1.114335637279991,1.3428022775749957,-0.2
PPO,cosine,2239,44.78,4.793640145577462,-1.1078463509622103,1.3367621328528332,-0.2
PPO,cosine,2240,44.800000000000004,4.793332727000391,-1.1018997263285502,1.3311734812362097,-0.2
PPO,cosine,2241,44.82,4.7928803057952605,-1.0975148783600892,1.3271219314353355,-0.2
PPO,cosine,2242,44.84,4.792113523167812,-1.0943066790487639,1.3242894516656252,-0.2
PPO,cosine,2243,44.86,4.7910484846280665,-1.0913127561606235,1.3217531868578425,-0.2
PPO,cosine,2244,44.88,4.789727171297623,-1.087875607997724,1.3188571214374754,-0.2
PPO,cosine,2245,44.9,4.788241263792374,-1.0835769874436116,1.3151905506603951,-0.2
PPO,cosine,2246,44.92,4.786658103100941,-1.0783463877742556,1.3106692086565408,-0.2
PPO,cosine,2247,44.94,4.78500242018495,-1.0722904298798728,1.3053736553315867,-0.2
PPO,cosine,2248,44.96,4.783386638878002,-1.0659205350441205,1.2997643450843592,-0.2
PPO,cosine,2249,44.980000000000004,4.781881601930408,-1.0596326089341892,1.2942092170687716,-0.2
PPO,cosine,2250,45.0,4.780578815768273,-1.053851507449678,1.2890642556004026,-0.2
PPO,cosine,2251,45.02,4.779646502816172,-1.048146474474249,1.2838860031102957,-0.2
PPO,cosine,2252,45.04,4.779038915439242,-1.0419742106542689,1.2781703188105382,-0.2
PPO,cosine,2253,45.06,4.778835259865423,-1.0354668111828091,1.272013642678712,-0.2
PPO,cosine,2254,45.08,4.778949314470049,-1.029619539599201,1.2663866956084948,-0.2
PPO,cosine,2255,45.1,4.778908354102348,-1.024575094742249,1.261574770788145,-0.2
PPO,cosine,2256,45.12,4.778269109067007,-1.0206385981472674,1.2579996195808771,-0.2
PPO,cosine,2257,45.14,4.777197503070985,-1.01749842859188,1.2553155380978607,-0.2
PPO,cosine,2258,45.160000000000004,4.775863530072861,-1.0143113628246436,1.2526611454219543,-0.2
PPO,cosine,2259,45.18,4.7743751163945465,-1.0104134979140722,1.2493638174222106,-0.2
PPO,cosine,2260,45.2,4.772851263109099,-1.0055730096230995,1.2451810542719148,-0.2
PPO,cosine,2261,45.22,4.771378483247614,-0.9998009689919972,1.2400950864299565,-0.2
PPO,cosine,2262,45.24,4.770014860124992,-0.9934243816421133,1.2343854532516785,-0.2
PPO,cosine,2263,45.26,4.7688322054415755,-0.9870460508353329,1.2286292314084395,-0.2
PPO,cosine,2264,45.28,4.767805379389275,-0.9809793132030205,1.2231245624722584,-0.2
PPO,cosine,2265,45.300000000000004,4.767067240046905,-0.9754816749069599,1.218071586392421,-0.2
PPO,cosine,2266,45.32,4.766580436636268,-0.969633196359078,1.2126142332976018,-0.2
PPO,cosine,2267,45.34,4.766469394729623,-0.9632346808474928,1.2065249774935924,-0.2
PPO,cosine,2268,45.36,4.766789772877692,-0.9567373477755251,1.2002145756088094,-0.2
PPO,cosine,2269,45.38,4.767274050668534,-0.9508367877035315,1.1944209699049346,-0.2
PPO,cosine,2270,45.4,4.767421066861051,-0.9464503484411904,1.1901758728154996,-0.2
PPO,cosine,2271,45.42,4.767055649418136,-0.9433056735876799,1.187268491701385,-0.2
PPO,cosine,2272,45.44,4.766347198215454,-0.9403594044399505,1.1846514340262677,-0.2
PPO,cosine,2273,45.46,4.76543008037765,-0.9369826842208984,1.1816849795236786,-0.2
PPO,cosine,2274,45.480000000000004,4.764452877479607,-0.9327342070013044,1.1778947904893737,-0.2
PPO,cosine,2275,45.5,4.7635056950470895,-0.9275327576196026,1.173177927322012,-0.2
PPO,cosine,2276,45.52,4.762618718682905,-0.9214493815114135,1.1676039610182023,-0.2
PPO,cosine,2277,45.54,4.76182621346984,-0.9149896772376398,1.1616435337695226,-0.2
PPO,cosine,2278,45.56,4.761147425222428,-0.9086061370134065,1.1557110401544608,-0.2
PPO,cosine,2279,45.58,4.760561281597509,-0.9026676342493285,1.1501839125140856,-0.2
PPO,cosine,2280,45.6,4.760366022287207,-0.8970217412318969,1.1448294184804317,-0.2
PPO,cosine,2281,45.62,4.7604951172893,-0.8910171979543688,1.1390365440473145,-0.2
PPO,cosine,2282,45.64,4.760969601206391,-0.884657808978385,1.1327982814643907,-0.2
PPO,cosine,2283,45.660000000000004,4.761714907312041,-0.8787873368429758,1.1269545918606079,-0.2
PPO,cosine,2284,45.68,4.762289353687032,-0.8735876655782824,1.1218034398210326,-0.2
PPO,cosine,2285,45.7,4.7621901773250865,-0.8694772772659646,1.1178883422384354,-0.2
PPO,cosine,2286,45.72,4.761585907380434,-0.8661606603474006,1.1148792253905875,-0.2
PPO,cosine,2287,45.74,4.76074879215328,-0.8627768869012051,1.1118728552807997,-0.2
PPO,cosine,2288,45.76,4.759864132308642,-0.8586863363443712,1.1081886532636038,-0.2
PPO,cosine,2289,45.78,4.7590715280311375,-0.853670950427436,1.1035944489708742,-0.2
PPO,cosine,2290,45.800000000000004,4.758434238030673,-0.847744254959232,1.098086407828072,-0.2
PPO,cosine,2291,45.82,4.757956002278351,-0.8412420321694091,1.0919773421566306,-0.2
PPO,cosine,2292,45.84,4.75762563872586,-0.8347659349539368,1.0858441775708032,-0.2
PPO,cosine,2293,45.86,4.757364358627289,-0.8286479997723459,1.0800398141244791,-0.2
PPO,cosine,2294,45.88,4.757294492795429,-0.8231438844355091,1.0747745378004796,-0.2
PPO,cosine,2295,45.9,4.757487488112648,-0.8172844023567977,1.0690950685771021,-0.2
PPO,cosine,2296,45.92,4.758067422906285,-0.8109269038308479,1.0628203202248951,-0.2
PPO,cosine,2297,45.94,4.759060498921306,-0.8045643624671622,1.0564287969096096,-0.2
PPO,cosine,2298,45.96,4.760137479817143,-0.7988103886290946,1.0506000181043766,-0.2
PPO,cosine,2299,45.980000000000004,4.760704618296574,-0.7945310535507165,1.0463295036894373,-0.2
PPO,cosine,2300,46.0,4.760721955603604,-0.7912681460026595,1.043187976609516,-0.2
PPO,cosine,2301,46.02,4.760422243758996,-0.7881099710079753,1.040235575379053,-0.2
PPO,cosine,2302,46.04,4.760009888881579,-0.7844578349323607,1.0368413089749828,-0.2
PPO,cosine,2303,46.06,4.7596735969704405,-0.7799404489542267,1.0325913765935715,-0.2
PPO,cosine,2304,46.08,4.7594887567894695,-0.7745046818978196,1.0274085906440469,-0.2
PPO,cosine,2305,46.1,4.759449456108142,-0.7682538864036143,1.0214046703561712,-0.2
PPO,cosine,2306,46.12,4.759537652367177,-0.7617124461919673,1.0150892425220241,-0.2
PPO,cosine,2307,46.14,4.759699812032434,-0.7552722744273817,1.0088535931706446,-0.2
PPO,cosine,2308,46.160000000000004,4.759912309093294,-0.7493793370126248,1.0031227810047998,-0.2
PPO,cosine,2309,46.18,4.7604704941292155,-0.7436794824857067,0.9974819516578314,-0.2
PPO,cosine,2310,46.2,4.761455434018119,-0.7375776591042954,0.9913400349234601,-0.2
PPO,cosine,2311,46.22,4.7628976950365205,-0.7312189647334921,0.9848278916776825,-0.2
PPO,cosine,2312,46.24,4.764465262193596,-0.7255599689588573,0.9789558185176575,-0.2
PPO,cosine,2313,46.26,4.765665328349122,-0.7206838981079101,0.9739367701284062,-0.2
PPO,cosine,2314,46.28,4.766022066396433,-0.7167347896349204,0.9700380887904155,-0.2
PPO,cosine,2315,46.300000000000004,4.765765236584734,-0.7134014353469024,0.9668991117722346,-0.2
PPO,cosine,2316,46.32,4.765274479869601,-0.70994441125587,0.9637063677820165,-0.2
PPO,cosine,2317,46.34,4.764821771039243,-0.7057823889675275,0.9598245380278686,-0.2
PPO,cosine,2318,46.36,4.764576202723502,-0.7007197264699849,0.9550078650806952,-0.2
PPO,cosine,2319,46.38,4.764613608214447,-0.6947856807121708,0.9492784965611526,-0.2
PPO,cosine,2320,46.4,4.764909970430548,-0.6883070135507406,0.9429574706965194,-0.2
PPO,cosine,2321,46.42,4.765377097681902,-0.6818964466398176,0.9366581214215314,-0.2
PPO,cosine,2322,46.44,4.765896635793789,-0.6758444771827112,0.9306914482979176,-0.2
PPO,cosine,2323,46.46,4.766538581915953,-0.6704137761432539,0.925286507633046,-0.2
PPO,cosine,2324,46.480000000000004,4.767518845506642,-0.664675216409881,0.9194913621113215,-0.2
PPO,cosine,2325,46.5,4.76898268792317,-0.6584898541474524,0.913138546199407,-0.2
PPO,cosine,2326,46.52,4.7708558897316315,-0.6523300383957549,0.9067031207413213,-0.2
PPO,cosine,2327,46.54,4.772725974270096,-0.6467667413518744,0.9008442921620644,-0.2
PPO,cosine,2328,46.56,4.773896797321739,-0.6425761175318718,0.8964933159200539,-0.2
PPO,cosine,2329,46.58,4.774369466940142,-0.6393135931291325,0.8932208091467211,-0.2
PPO,cosine,2330,46.6,4.774505341245432,-0.6361169769392993,0.8901005009024976,-0.2
PPO,cosine,2331,46.62,4.774586966078295,-0.6324190729772843,0.886511495994373,-0.2
PPO,cosine,2332,46.64,4.7748492064778105,-0.6278780700561065,0.8820625617179938,-0.2
PPO,cosine,2333,46.660000000000004,4.775374730224908,-0.622449348733687,0.8766888835403738,-0.2
PPO,cosine,2334,46.68,4.77614784113301,-0.6162395407352586,0.8704973759546119,-0.2
PPO,cosine,2335,46.7,4.77708492111685,-0.6097735741005508,0.8640161176365534,-0.2
PPO,cosine,2336,46.72,4.7780745696653115,-0.6034146595610809,0.8576246551760288,-0.2
PPO,cosine,2337,46.74,4.779042867142923,-0.5976343939215845,0.8517968802898834,-0.2
PPO,cosine,2338,46.76,4.780329610292443,-0.5921028749780443,0.8461224740128471,-0.2
PPO,cosine,2339,46.78,4.782080975498407,-0.586218748179285,0.839984805391088,-0.2
PPO,cosine,2340,46.800000000000004,4.784306803537153,-0.580132916235824,0.833524506987728,-0.2
PPO,cosine,2341,46.82,4.786560088552337,-0.5747406582712823,0.827725346444485,-0.2
PPO,cosine,2342,46.84,4.788342355968448,-0.5700918628497563,0.8227691219821849,-0.2
PPO,cosine,2343,46.86,4.78917207558555,-0.566261821270896,0.8188567117789285,-0.2
PPO,cosine,2344,46.88,4.7893153867909755,-0.5629408514140993,0.8156188996105738,-0.2
PPO,cosine,2345,46.9,4.789246893588162,-0.5594569091815187,0.8122811795767435,-0.2
PPO,cosine,2346,46.92,4.789310781625321,-0.5552849097540346,0.8082339480906271,-0.2
PPO,cosine,2347,46.94,4.789699401374045,-0.5502545849368642,0.8032747808393059,-0.2
PPO,cosine,2348,46.96,4.790484216010459,-0.5444054521327807,0.7974229029532852,-0.2
PPO,cosine,2349,46.980000000000004,4.79160706699944,-0.5380463879327473,0.7909911855199755,-0.2
PPO,cosine,2350,47.0,4.792899223264301,-0.5317761158873091,0.7846012339707924,-0.2
PPO,cosine,2351,47.02,4.794202558955752,-0.5258694955284269,0.7785594727308629,-0.2
PPO,cosine,2352,47.04,4.79554467162191,-0.5205979709824589,0.773120481849016,-0.19749531112343724
PPO,cosine,2353,47.06,4.797259608224807,-0.5150707121122917,0.7673369528713081,-0.192285615878105
PPO,cosine,2354,47.08,4.799499611579699,-0.5091601464760908,0.7610461980874654,-0.19041207533397395
PPO,cosine,2355,47.1,4.802127681779521,-0.5033171199932599,0.7547201753814897,-0.18757945254895114
PPO,cosine,2356,47.12,4.804679231422185,-0.4980640541818488,0.7489852087031426,-0.182911688232783
PPO,cosine,2357,47.14,4.806373560984011,-0.49406273564106185,0.7446821170536378,-0.17788443075890914
PPO,cosine,2358,47.160000000000004,4.807269027540944,-0.49087689276826724,0.7413731124513203,-0.17300521765647536
PPO,cosine,2359,47.18,4.80781525115971,-0.48772924654034056,0.7381910744474952,-0.16696278966803302
PPO,cosine,2360,47.2,4.808360385524988,-0.48409297539262885,0.7345374161136482,-0.159493697021964
PPO,cosine,2361,47.22,4.809170445797547,-0.47966683600561877,0.7300524519625343,-0.15122426480241113
PPO,cosine,2362,47.24,4.810331686578794,-0.47441695276890405,0.7246810126200414,-0.1428955967368362
PPO,cosine,2363,47.26,4.811823743882897,-0.46843416505329827,0.7185159874509401,-0.13378508065297412
PPO,cosine,2364,47.28,4.813537539938554,-0.4621721656332152,0.7120237729767553,-0.12239111579495976
PPO,cosine,2365,47.300000000000004,4.8153654135343436,-0.45592464386169146,0.7055159485636745,-0.10826205386181355
PPO,cosine,2366,47.32,4.817089589366774,-0.45014939424031847,0.6994911659477417,-0.09591665762613477
PPO,cosine,2367,47.34,4.8189113944749336,-0.4448185669343212,0.6938704556051399,-0.09290825807513725
PPO,cosine,2368,47.36,4.821044148976394,-0.4392327919665245,0.687923443435002,-0.09426983002250955
PPO,cosine,2369,47.38,4.823580887633967,-0.43336445040961313,0.6816002220371837,-0.09751591474179344
PPO,cosine,2370,47.4,4.826359020399552,-0.42777385215047153,0.6754693700573022,-0.129103386312015
PPO,cosine,2371,47.42,4.82895026412216,-0.4227916096411745,0.6699742106573596,-0.1288615845523613
PPO,cosine,2372,47.44,4.830579525259772,-0.41890633704125985,0.6657947619743738,-0.12702195817406814
PPO,cosine,2373,47.46,4.83147565559669,-0.4156588773650038,0.6624259295682859,-0.12424915820195893
PPO,cosine,2374,47.480000000000004,4.832132962547259,-0.4123274472568834,0.6590399922788175,-0.11923690583430968
PPO,cosine,2375,47.5,4.832917129056107,-0.4083825498962472,0.6550291219897767,-0.11241523018485422
PPO,cosine,2376,47.52,4.834032425347615,-0.4036478800668765,0.6501687447512655,-0.10538270321251984
PPO,cosine,2377,47.54,4.8355248900111345,-0.3981288563277228,0.6444516383514924,-0.09858777039656896
PPO,cosine,2378,47.56,4.837309159604818,-0.3920495403909246,0.6381165166065562,-0.09063999866432759
PPO,cosine,2379,47.58,4.83927606075294,-0.38582285041462866,0.6315905082282756,-0.08047146372686155
PPO,cosine,2380,47.6,4.8412326381993775,-0.37974548045340684,0.6252112281594508,-0.06758611219604527
PPO,cosine,2381,47.62,4.842962412042465,-0.37430483441461304,0.6195062184067315,-0.05950136863545863
PPO,cosine,2382,47.64,4.844937483719028,-0.3690507702577505,0.6139157746641173,-0.060067633177035784
PPO,cosine,2383,47.660000000000004,4.847371650091333,-0.3635008387512715,0.607918764410116,-0.0651067687387421
PPO,cosine,2384,47.68,4.8503231388539865,-0.35781869499926566,0.6016593984426499,-0.06963686465097928
PPO,cosine,2385,47.7,4.8533501920809465,-0.352754279330819,0.5959798603181301,-0.06924037451277787
PPO,cosine,2386,47.72,4.855962812917307,-0.34836370666253164,0.5910617700031184,-0.10289571246425623
PPO,cosine,2387,47.74,4.85761877109317,-0.3448000096851847,0.587180557494879,-0.10142468712630315
PPO,cosine,2388,47.76,4.858570753370854,-0.34171111201940996,0.583949051485053,-0.09882130634980911
PPO,cosine,2389,47.78,4.859309754171864,-0.33842921862028147,0.5805902312681948,-0.09436799598245571
PPO,cosine,2390,47.800000000000004,4.860202047530926,-0.3344592406064533,0.576527731486961,-0.0883649162236182
PPO,cosine,2391,47.82,4.861434943973334,-0.32968000768219097,0.5715936448951566,-0.08209177672181944
PPO,cosine,2392,47.84,4.863059870685124,-0.32411960163115905,0.565800787184511,-0.07605464465803281
PPO,cosine,2393,47.86,4.864985159513053,-0.31803743513819704,0.5594237948852159,-0.06901707006260781
PPO,cosine,2394,47.88,4.867097320820534,-0.3118348691170961,0.5528799101395713,-0.06009434734526664
PPO,cosine,2395,47.9,4.86921415398153,-0.30579940480967976,0.546495708505899,-0.04874796272207238
PPO,cosine,2396,47.92,4.8710850663365335,-0.3003902399893883,0.5407813805798607,-0.041787007872219124
PPO,cosine,2397,47.94,4.873171490398259,-0.29519305791113465,0.5352127543652336,-0.04301824192614756
PPO,cosine,2398,47.96,4.875720435474969,-0.28972817622913916,0.5292622158986898,-0.04837674349393373
PPO,cosine,2399,47.980000000000004,4.878803496081292,-0.2841341722422026,0.5230463233642647,-0.0530917600568035
PPO,cosine,2400,48.0,4.881998827828167,-0.27911800218820165,0.517362354556482,-0.05266069048523825
PPO,cosine,2401,48.02,4.884849507539421,-0.2747432982623095,0.5123934608940365,-0.051524140989461564
PPO,cosine,2402,48.04,4.8867548184890115,-0.2712001493382211,0.5084725187578899,-0.09059442281067565
PPO,cosine,2403,48.06,4.887924905982532,-0.2681287521588334,0.5051968305986086,-0.08833753420238644
PPO,cosine,2404,48.08,4.888855384278431,-0.26487948946408085,0.5018169776904282,-0.08401374446697396
PPO,cosine,2405,48.1,4.889931872803476,-0.26095849032381213,0.4977512818234835,-0.07833280818876265
PPO,cosine,2406,48.120000000000005,4.891347948929251,-0.2562380617791839,0.4928232532433053,-0.07248300379724704
PPO,cosine,2407,48.14,4.893156071350626,-0.25074135718316815,0.48704059714273573,-0.06695502177909862
PPO,cosine,2408,48.160000000000004,4.895258183973436,-0.24472186097415904,0.48067424990692076,-0.06050957443362748
PPO,cosine,2409,48.18,4.89753455090903,-0.23856912880329686,0.4741319927981736,-0.05223297991838027
PPO,cosine,2410,48.2,4.899793472681494,-0.232577927351852,0.46775034427985407,-0.04159314686981164
PPO,cosine,2411,48.22,4.901764062956371,-0.22721246198368605,0.4620500680467052,-0.03535679946611747
PPO,cosine,2412,48.24,4.903935868639739,-0.22206744951473756,0.45650736396854275,-0.03710706687196774
PPO,cosine,2413,48.26,4.906573074384738,-0.21667418198487573,0.45060071240133037,-0.04263384159984262
PPO,cosine,2414,48.28,4.9097481185053455,-0.21116889519156543,0.4444448705207944,-0.04724698889134871
PPO,cosine,2415,48.300000000000004,4.913043249178687,-0.20622228101802415,0.4388021059608634,-0.04668128035752028
PPO,cosine,2416,48.32,4.916034244409879,-0.201886606877169,0.43382302708932646,-0.09228493472092225
PPO,cosine,2417,48.34,4.918055335276184,-0.19837083628062632,0.42988098554752213,-0.09104428303687717
PPO,cosine,2418,48.36,4.919329632341373,-0.19533585121668245,0.4266107827516386,-0.08872206496026713
PPO,cosine,2419,48.38,4.920386802125137,-0.19212395403944246,0.4232314801893896,-0.08468935979636605
PPO,cosine,2420,48.4,4.921621994999218,-0.18824262895247992,0.4191596904415685,-0.07935469482921187
PPO,cosine,2421,48.42,4.923223630751905,-0.18357703726066574,0.4142326768732376,-0.0739406677480412
PPO,cosine,2422,48.44,4.925235720552939,-0.1781487737471469,0.40845923011699264,-0.06883577674454466
PPO,cosine,2423,48.46,4.927547160689512,-0.17220780830152962,0.40211085042858075,-0.0627405757630104
PPO,cosine,2424,48.480000000000004,4.930023260685924,-0.16614514435383482,0.3956011486564693,-0.05464859088579832
PPO,cosine,2425,48.5,4.932452074430358,-0.16025789116776767,0.3892744183270855,-0.04413450465099622
PPO,cosine,2426,48.52,4.934568512410323,-0.15501056345976774,0.3836496388417556,-0.038279075957563524
PPO,cosine,2427,48.54,4.936890816205036,-0.1499835614494558,0.3781827507358349,-0.04025411760070252
PPO,cosine,2428,48.56,4.939683650384144,-0.14472030077033443,0.3723651993175479,-0.04578344505045884
PPO,cosine,2429,48.58,4.943012851933657,-0.13937102308446953,0.36632711510603705,-0.10445070006994461
PPO,cosine,2430,48.6,4.946404785392912,-0.13455022524270457,0.36073903414475483,-0.10330595712971567
PPO,cosine,2431,48.620000000000005,4.949390427794647,-0.13032205638598046,0.3558430716005716,-0.10117569111765601
PPO,cosine,2432,48.64,4.951367126920239,-0.12685032459240736,0.35195963386321444,-0.09974835200022358
PPO,cosine,2433,48.660000000000004,4.952595649661143,-0.1238051424701029,0.34869392316513687,-0.09837509526415777
PPO,cosine,2434,48.68,4.95363095538017,-0.12057926295071249,0.3453077515372557,-0.09577814473293955
PPO,cosine,2435,48.7,4.954885714577267,-0.11671251996270705,0.34124514255831667,-0.09189512768917663
PPO,cosine,2436,48.72,4.956560732482994,-0.11209587182145216,0.33634636896617404,-0.08765356009884993
PPO,cosine,2437,48.74,4.958707021573673,-0.10675468076705846,0.33062262920763125,-0.08345398251799674
PPO,cosine,2438,48.76,4.961218084660634,-0.10092204038177126,0.3243285408253025,-0.07804016605114938
PPO,cosine,2439,48.78,4.963931291818147,-0.09500485249094681,0.31790140948200746,-0.07018881239167651
PPO,cosine,2440,48.800000000000004,4.966636506644802,-0.08925964662792374,0.31164575281287404,-0.059477504580156555
PPO,cosine,2441,48.82,4.969055802387641,-0.08411953723596159,0.30604211502212575,-0.11692760449508466
PPO,cosine,2442,48.84,4.971622934056336,-0.07925944450275384,0.3006459779480255,-0.11877929938708132
PPO,cosine,2443,48.86,4.974626483814214,-0.07419532219666353,0.29493369449943435,-0.12398032200436715
PPO,cosine,2444,48.88,4.978141833715531,-0.0690390836406597,0.2889973990415035,-0.12735847957873592
PPO,cosine,2445,48.9,4.981663966391254,-0.0644240808133801,0.2835933435510713,-0.12438509846882129
PPO,cosine,2446,48.92,4.9846985743615075,-0.06038603320346337,0.27889059875685623,-0.1210334979082126
PPO,cosine,2447,48.94,4.986663539670139,-0.05704566919618185,0.2751514564991887,-0.11964065288630765
PPO,cosine,2448,48.96,4.987843521618018,-0.05407762348448212,0.27196838232922504,-0.1901904326438564
PPO,cosine,2449,48.980000000000004,4.9888544197123394,-0.05085642200443173,0.26859229943745455,-0.188538201536945
PPO,cosine,2450,49.0,4.990159740183636,-0.04697095376742331,0.2644945557853116,-0.18479885159557163
PPO,cosine,2451,49.02,4.992002569731927,-0.04234726594326967,0.2595328871760209,-0.1807759655065406
PPO,cosine,2452,49.04,4.99443356888154,-0.037017657442838726,0.2537247903309641,-0.1764930484144087
PPO,cosine,2453,49.06,4.997301615405232,-0.031228570291414015,0.24735310021276777,-0.16999715831667017
PPO,cosine,2454,49.08,5.000327458277533,-0.025495509886587196,0.24099522505617238,-0.16007708203024995
PPO,cosine,2455,49.1,5.003202419086016,-0.020099965971206998,0.23501030530104447,-0.14836020572980857
PPO,cosine,2456,49.120000000000005,5.005841442146745,-0.01538929015897797,0.22975542715736053,-0.1428180611999208
PPO,cosine,2457,49.14,5.008846554903031,-0.01053694076738339,0.22427332446103218,-0.14140724847191222
PPO,cosine,2458,49.160000000000004,5.012369942494567,-0.005398672166647087,0.2183786271887863,-0.2
PPO,cosine,2459,49.18,5.016239176457403,-0.0003487661171933224,0.212405486325181,-0.2
PPO,cosine,2460,49.2,5.01985430555762,0.0040997319594556336,0.20710428847881937,-0.2
PPO,cosine,2461,49.22,5.022321546146136,0.007536564043496849,0.203114512392468,-0.2
PPO,cosine,2462,49.24,5.0237427845352,0.01030613107183102,0.2000609054494833,-0.2
PPO,cosine,2463,49.26,5.024837675017554,0.013073130827057147,0.19710016883355413,-0.2
PPO,cosine,2464,49.28,5.0260891686614135,0.016244751971457045,0.19370799368368208,-0.2
PPO,cosine,2465,49.300000000000004,5.027878228906718,0.02007740799713704,0.18953560521958954,-0.2
PPO,cosine,2466,49.32,5.0303093258730325,0.024586589551741235,0.1845446629166895,-0.2
PPO,cosine,2467,49.34,5.033353603639848,0.029719843083765796,0.17877254973777976,-0.2
PPO,cosine,2468,49.36,5.0367644493202235,0.035082420409096655,0.17262684726996064,-0.2
PPO,cosine,2469,49.38,5.0402587796766865,0.04033433765059757,0.16657860695233337,-0.2
PPO,cosine,2470,49.4,5.043534913761352,0.04507783231509208,0.16109946841183348,-0.2
PPO,cosine,2471,49.42,5.046883784007098,0.04934873165218327,0.1560769667965079,-0.2
PPO,cosine,2472,49.44,5.050650912041736,0.053759369607463636,0.15083193567784528,-0.2
PPO,cosine,2473,49.46,5.05484779161698,0.05831118213312575,0.14520603755679287,-0.2
PPO,cosine,2474,49.480000000000004,5.058900252892237,0.06243308875369157,0.1400811987339765,-0.2
PPO,cosine,2475,49.5,5.06231922149898,0.06616886410560342,0.13554956905884472,-0.2
PPO,cosine,2476,49.52,5.064514424324534,0.06949570752113433,0.1317632279599751,-0.2
PPO,cosine,2477,49.54,5.065844456935654,0.07261451789009073,0.12840780108352406,-0.2
PPO,cosine,2478,49.56,5.067064035221065,0.07594973450459462,0.12487253218819762,-0.2
PPO,cosine,2479,49.58,5.068687741848581,0.07981103452843194,0.12072833164785111,-0.2
PPO,cosine,2480,49.6,5.070964019474375,0.08427625054803844,0.11578332129776943,-0.2
PPO,cosine,2481,49.620000000000005,5.073948974430773,0.0892880429955878,0.11008087738457827,-0.2
PPO,cosine,2482,49.64,5.0774795887007675,0.09458992548611236,0.10395223236184777,-0.2
PPO,cosine,2483,49.660000000000004,5.081227561501768,0.09973918731509644,0.09794010020943561,-0.2
PPO,cosine,2484,49.68,5.084856140372504,0.10455561590233223,0.09232830769119384,-0.2
PPO,cosine,2485,49.7,5.088256453771348,0.1087856895762685,0.08739593730177361,-0.2
PPO,cosine,2486,49.72,5.09204261019605,0.11312925367184627,0.08204649137940753,-0.2
PPO,cosine,2487,49.74,5.096326157233928,0.11767940465790962,0.07640082160609175,-0.2
PPO,cosine,2488,49.76,5.100832377018616,0.12206971417211084,0.0709553295994227,-0.2
PPO,cosine,2489,49.78,5.105026577777373,0.12602004657975388,0.06605482740490028,-0.2
PPO,cosine,2490,49.800000000000004,5.107901527816828,0.1291911269287558,0.06208741130610481,-0.2
PPO,cosine,2491,49.82,5.10975177470977,0.13193187284703148,0.058893268919193935,-0.2
PPO,cosine,2492,49.84,5.111354104518455,0.13479805304786618,0.055668868616893304,-0.2
PPO,cosine,2493,49.86,5.113253027174517,0.13810507973146968,0.05194296310573878,-0.2
PPO,cosine,2494,49.88,5.1157858560565295,0.14199615214060246,0.04749571557391132,-0.2
PPO,cosine,2495,49.9,5.119023837949051,0.1464640358170564,0.042365571088705735,-0.2
PPO,cosine,2496,49.92,5.122871398313004,0.15139078228470024,0.036794938726294565,-0.2
PPO,cosine,2497,49.94,5.127027894929936,0.15637198100633043,0.030579226845531063,-0.2
PPO,cosine,2498,49.96,5.131113755495762,0.16118551908461928,0.02465859437271916,-0.2
PPO,cosine,2499,49.980000000000004,5.134816802185284,0.16542472368616948,0.019627945419435553,-0.2
PPO,cosine,2500,50.0,5.138727209184631,0.16958570011002988,0.015106783135068604,-0.2
PPO,cosine,2501,50.02,5.143080129690513,0.17384486489527454,0.009526466339762807,-0.2
PPO,cosine,2502,50.04,5.14774103974203,0.17800288568331404,0.003715959808966609,-0.2
PPO,cosine,2503,50.06,5.151959597785884,0.18161837775552792,0.003378632238692446,-0.2
PPO,cosine,2504,50.08,5.15526694241012,0.18483973456438293,0.007126184611357542,-0.2
PPO,cosine,2505,50.1,5.157336690102472,0.18774926228663194,0.009295359696192575,-0.2
PPO,cosine,2506,50.120000000000005,5.158761233568814,0.19061924251089662,0.012080520850019953,-0.2
PPO,cosine,2507,50.14,5.160227158198875,0.19373985305509242,0.015287118233966696,-0.2
PPO,cosine,2508,50.160000000000004,5.16223786751938,0.19731789055582874,0.01912764185770227,-0.2
PPO,cosine,2509,50.18,5.165031488363479,0.20138865062743203,0.023737370482369364,-0.2
PPO,cosine,2510,50.2,5.168642098453174,0.20587968774868262,0.029126595401192446,-0.2
PPO,cosine,2511,50.22,5.172862994756472,0.21055173595598486,0.03504656727652513,-0.2
PPO,cosine,2512,50.24,5.177286473337962,0.21498922105233267,0.040484524107888636,-0.2
PPO,cosine,2513,50.26,5.181555290277149,0.2190787384557361,0.04551286937718003,-0.2
PPO,cosine,2514,50.28,5.185602323243566,0.22261412327658334,0.050135532933034826,-0.2
PPO,cosine,2515,50.300000000000004,5.190044281684149,0.2262159777744034,0.05507375001644558,-0.2
PPO,cosine,2516,50.32,5.1949224679319785,0.22997152111432556,0.059892019502675815,-0.2
PPO,cosine,2517,50.34,5.199884399624492,0.23354856233119634,0.06479552486983874,-0.2
PPO,cosine,2518,50.36,5.204455999222876,0.2368734733249375,0.0694745009863125,-0.2
PPO,cosine,2519,50.38,5.207661031463408,0.23977046711776615,0.07306626026204693,-0.2
PPO,cosine,2520,50.4,5.20981518445138,0.24247514915543564,0.0762507364174078,-0.2
PPO,cosine,2521,50.42,5.211782059365186,0.2453438164174856,0.07956017486906501,-0.2
PPO,cosine,2522,50.44,5.214155937254759,0.2485994914400426,0.08337596791143025,-0.2
PPO,cosine,2523,50.46,5.217250456462492,0.2523151382775283,0.08787882179712088,-0.2
PPO,cosine,2524,50.480000000000004,5.221128212713149,0.2564626241377369,0.09309143347218655,-0.2
PPO,cosine,2525,50.5,5.225629094253681,0.2608774475406171,0.09854198566509524,-0.2
PPO,cosine,2526,50.52,5.230416939797127,0.2652109443971661,0.10407639874887227,-0.2
PPO,cosine,2527,50.54,5.235078934403012,0.2693277915361019,0.10946559960322082,-0.2
PPO,cosine,2528,50.56,5.239303739722411,0.2729214245079404,0.11414143538789409,-0.2
PPO,cosine,2529,50.58,5.243801482458891,0.2765598508646391,0.1189005491349941,-0.2
PPO,cosine,2530,50.6,5.2486841021248365,0.28030059238147853,0.12396771325172483,-0.2
PPO,cosine,2531,50.620000000000005,5.2537325686188865,0.28387263519591627,0.12889839487832735,-0.2
PPO,cosine,2532,50.64,5.258284536311501,0.28700782706939565,0.1331995303208708,-0.2
PPO,cosine,2533,50.660000000000004,5.261575643730639,0.2897010968030768,0.13676927164981095,-0.2
PPO,cosine,2534,50.68,5.263483013348975,0.29212164619265707,0.13966972703053476,-0.2
PPO,cosine,2535,50.7,5.264957727022095,0.2946196328511906,0.14250992742072613,-0.2
PPO,cosine,2536,50.72,5.266672876462843,0.29740618254814616,0.14570410085343916,-0.2
PPO,cosine,2537,50.74,5.269085108125631,0.3005808827510035,0.14945187334760274,-0.2
PPO,cosine,2538,50.76,5.272373244963641,0.3041234664405395,0.15376683623534623,-0.2
PPO,cosine,2539,50.78,5.27654143261364,0.3079662606290202,0.15866155504967946,-0.2
PPO,cosine,2540,50.800000000000004,5.281308864201961,0.31186820864694054,0.16385374685091686,-0.2
PPO,cosine,2541,50.82,5.286288873656294,0.315522279683403,0.16881953005695843,-0.2
PPO,cosine,2542,50.84,5.291039014747228,0.31879673995239316,0.17333764961445108,-0.2
PPO,cosine,2543,50.86,5.295599382000597,0.32157567269200843,0.17739791768870464,-0.2
PPO,cosine,2544,50.88,5.300550333203898,0.32440338683046993,0.1815571044267966,-0.2
PPO,cosine,2545,50.9,5.305874990766104,0.32734707068200897,0.18594655350814018,-0.2
PPO,cosine,2546,50.92,5.31110571323264,0.3300863799339424,0.1901839902711746,-0.2
PPO,cosine,2547,50.94,5.315807893010244,0.33273212282309084,0.19405872538059485,-0.2
PPO,cosine,2548,50.96,5.319131778288372,0.3352807573006763,0.19748674018915396,-0.2
PPO,cosine,2549,50.980000000000004,5.321496695268687,0.3378394566546699,0.20065125069249,-0.2
PPO,cosine,2550,51.0,5.323802539673769,0.3406039371678021,0.204002364252039,-0.2
PPO,cosine,2551,51.02,5.326620390634285,0.34368097277583015,0.20779183167615087,-0.2
PPO,cosine,2552,51.04,5.330234774838382,0.3470854977026297,0.21208289384871504,-0.2
PPO,cosine,2553,51.06,5.334689179861252,0.350764828058441,0.2169186551231091,-0.2
PPO,cosine,2554,51.08,5.339730284866343,0.35452257286034766,0.22206060372836198,-0.2
PPO,cosine,2555,51.1,5.345014765178574,0.35809163810717476,0.227005584265198,-0.2
PPO,cosine,2556,51.120000000000005,5.350101000561552,0.36138699328515717,0.2316741577059232,-0.2
PPO,cosine,2557,51.14,5.354816159716358,0.3642014032391105,0.23580710537541244,-0.2
PPO,cosine,2558,51.160000000000004,5.359873406286565,0.3670714995510084,0.24001219066159982,-0.2
PPO,cosine,2559,51.18,5.365308490857556,0.37003906519521634,0.244493884648285,-0.2
PPO,cosine,2560,51.2,5.370788029625077,0.3728117358257824,0.24876027366035558,-0.2
PPO,cosine,2561,51.22,5.375753055933355,0.3753357884665269,0.25264463905904094,-0.2
PPO,cosine,2562,51.24,5.379270230434134,0.37764514225693263,0.2559289015127608,-0.2
PPO,cosine,2563,51.26,5.381685684451536,0.37989555069617975,0.25879781361192666,-0.2
PPO,cosine,2564,51.28,5.383921040281526,0.3822917453483488,0.26173041046485734,-0.2
PPO,cosine,2565,51.300000000000004,5.386593684008724,0.38494433020827973,0.2650442468194684,-0.2
PPO,cosine,2566,51.32,5.390073787963955,0.38787480398538565,0.26887795497689243,-0.2
PPO,cosine,2567,51.34,5.394437797545413,0.3910424678914496,0.2732347285328919,-0.2
PPO,cosine,2568,51.36,5.399558348118538,0.39436426300449373,0.27789735786582875,-0.2
PPO,cosine,2569,51.38,5.405035837886933,0.397561987808772,0.28258072972517284,-0.2
PPO,cosine,2570,51.4,5.410459373159191,0.4005637890576349,0.28706778777315,-0.2
PPO,cosine,2571,51.42,5.415384138162598,0.4030694138491712,0.29089724868487327,-0.2
PPO,cosine,2572,51.44,5.420479025769161,0.4054971220339924,0.2947592885825926,-0.2
PPO,cosine,2573,51.46,5.425928883304983,0.40793689391824145,0.2986655644108384,-0.2
PPO,cosine,2574,51.480000000000004,5.431541106749953,0.41023703044889526,0.3025377581908745,-0.2
PPO,cosine,2575,51.5,5.436608559548675,0.4122803917890852,0.3059697649627021,-0.2
PPO,cosine,2576,51.52,5.440759577785673,0.4143629831368083,0.3091731821285842,-0.2
PPO,cosine,2577,51.54,5.44358242852548,0.41656073923574355,0.312116980374672,-0.2
PPO,cosine,2578,51.56,5.445798275686261,0.4189167489864142,0.31503718556446564,-0.2
PPO,cosine,2579,51.58,5.448170884811041,0.42147956929811725,0.3181761588361205,-0.2
PPO,cosine,2580,51.6,5.451211298480507,0.4242600260748574,0.3217048719908411,-0.2
PPO,cosine,2581,51.620000000000005,5.455152004453096,0.42720811413517995,0.3256726229823645,-0.2
PPO,cosine,2582,51.64,5.460005477729286,0.4302410105371802,0.33002529049613977,-0.2
PPO,cosine,2583,51.660000000000004,5.465472978547809,0.4331823651724977,0.33439962999054845,-0.2
PPO,cosine,2584,51.68,5.471112808396626,0.43580282458594305,0.33856833239855094,-0.2
PPO,cosine,2585,51.7,5.476531060243991,0.4380906726654241,0.3423139417699198,-0.2
PPO,cosine,2586,51.72,5.481669821623691,0.43990720342560025,0.3455478876566831,-0.2
PPO,cosine,2587,51.74,5.4871742075898595,0.44167554122547403,0.34882932244028,-0.2
PPO,cosine,2588,51.76,5.493041226519448,0.4434856479172236,0.3522549673542144,-0.2
PPO,cosine,2589,51.78,5.498796001647507,0.44512786845626595,0.35547724679360254,-0.2
PPO,cosine,2590,51.800000000000004,5.504054857943052,0.4467922619961108,0.3585803410707124,-0.2
PPO,cosine,2591,51.82,5.507881547421316,0.4486129722182691,0.36143540924841605,-0.2
PPO,cosine,2592,51.84,5.510752289727822,0.450646063780382,0.36418289560865824,-0.2
PPO,cosine,2593,51.86,5.513592541809351,0.4528952681791491,0.36714199804073705,-0.2
PPO,cosine,2594,51.88,5.516986346235779,0.4553444193588828,0.37046520507694003,-0.2
PPO,cosine,2595,51.9,5.52122167022758,0.45795050417645466,0.3741758568799073,-0.2
PPO,cosine,2596,51.92,5.526328077917578,0.4606528252601906,0.37819307732935015,-0.2
PPO,cosine,2597,51.94,5.531991868770557,0.4633008805138901,0.38235998153965517,-0.2
PPO,cosine,2598,51.96,5.53785724149977,0.46571697188785993,0.386298342287618,-0.2
PPO,cosine,2599,51.980000000000004,5.543450284283989,0.46784124010533557,0.389929525806827,-0.2
PPO,cosine,2600,52.0,5.548695409656874,0.46955847515918075,0.3930150691243766,-0.2
PPO,cosine,2601,52.02,5.554268050209045,0.47126391608513296,0.39622768893775023,-0.2
PPO,cosine,2602,52.04,5.560200715660249,0.4729877541165911,0.39949927241997385,-0.2
PPO,cosine,2603,52.06,5.566053611484132,0.47452208225104925,0.4025994444329588,-0.2
PPO,cosine,2604,52.08,5.571377676184655,0.4760151199931891,0.40548089057787434,-0.2
PPO,cosine,2605,52.1,5.575252351374172,0.4776607817442123,0.40814819447500006,-0.2
PPO,cosine,2606,52.120000000000005,5.578138073318007,0.47953419033299854,0.410714551826473,-0.2
PPO,cosine,2607,52.14,5.580953332655212,0.4815934591483022,0.41345292934568306,-0.2
PPO,cosine,2608,52.160000000000004,5.584301772329641,0.4837956560313342,0.4164870662433245,-0.2
PPO,cosine,2609,52.18,5.588504617535771,0.4860795427264504,0.4198291796835158,-0.2
PPO,cosine,2610,52.2,5.593603247550086,0.48838622296595996,0.42340654503870906,-0.2
PPO,cosine,2611,52.22,5.599344120439227,0.49061755056330575,0.4271063727464454,-0.2
PPO,cosine,2612,52.24,5.605334640386296,0.4926001721073826,0.4305997793476642,-0.2
PPO,cosine,2613,52.26,5.611160325391017,0.49435612193463263,0.43383398827960457,-0.2
PPO,cosine,2614,52.28,5.616509400605267,0.49573153730043623,0.43657018487379695,-0.2
PPO,cosine,2615,52.300000000000004,5.622161125336245,0.49708405752972845,0.43934317278608703,-0.2
PPO,cosine,2616,52.32,5.628134800498751,0.49844660231170557,0.4422292987178764,-0.2
PPO,cosine,2617,52.34,5.634067039892783,0.49964161218037,0.44488799628159326,-0.2
PPO,cosine,2618,52.36,5.63941380470684,0.5007580524686549,0.4473467858091887,-0.2
PPO,cosine,2619,52.38,5.643356514653255,0.5020830052970309,0.44961573030926366,-0.2
PPO,cosine,2620,52.4,5.64604166237103,0.5037163373324227,0.45188248687074445,-0.2
PPO,cosine,2621,52.42,5.648488364035413,0.5055768476526156,0.4543161967215091,-0.2
PPO,cosine,2622,52.44,5.651307057537475,0.5075743456276933,0.4569407927750099,-0.2
PPO,cosine,2623,52.46,5.654933091288248,0.5096170946760828,0.45982039037587485,-0.2
PPO,cosine,2624,52.480000000000004,5.659493064508554,0.5116198101905767,0.4629156161334702,-0.2
PPO,cosine,2625,52.5,5.66493425893687,0.5135045874858437,0.4660670841264667,-0.2
PPO,cosine,2626,52.52,5.670885008147941,0.515141341350543,0.4691197908871636,-0.2
PPO,cosine,2627,52.54,5.676931747895432,0.5164365428159525,0.47184933804059115,-0.2
PPO,cosine,2628,52.56,5.6825418940838,0.517276204383001,0.47400173980394944,-0.2
PPO,cosine,2629,52.58,5.687907837986355,0.5177029914435191,0.4757108753683377,-0.2
PPO,cosine,2630,52.6,5.6936324845276385,0.5180488162727237,0.4773861746661403,-0.2
PPO,cosine,2631,52.620000000000005,5.699642004041168,0.5183242052498045,0.479051685672227,-0.2
PPO,cosine,2632,52.64,5.705339363250059,0.5184874624475041,0.4805394781651198,-0.2
PPO,cosine,2633,52.660000000000004,5.710503666534931,0.518945995343126,0.4821512274475348,-0.2
PPO,cosine,2634,52.68,5.714407997990911,0.5199883399333689,0.48405960284962823,-0.2
PPO,cosine,2635,52.7,5.717499450858346,0.521466897688989,0.4861813576371864,-0.2
PPO,cosine,2636,52.72,5.720681425850821,0.5231824120206027,0.48856929072432026,-0.2
PPO,cosine,2637,52.74,5.72449760796484,0.5249945663088909,0.491184582289994,-0.2
PPO,cosine,2638,52.76,5.7291798440409725,0.5267871133830004,0.493955534386799,-0.2
PPO,cosine,2639,52.78,5.73472701901066,0.5284741991439822,0.49680653123967156,-0.2
PPO,cosine,2640,52.800000000000004,5.740782671990906,0.5299592476134553,0.49957084691696013,-0.2
PPO,cosine,2641,52.82,5.746937606701548,0.5311612322872515,0.5020302192716352,-0.2
PPO,cosine,2642,52.84,5.752616757189525,0.5320285163021564,0.5040552021945056,-0.2
PPO,cosine,2643,52.86,5.757909723602667,0.5325237385412842,0.5056387393017019,-0.2
PPO,cosine,2644,52.88,5.76356269738281,0.5329241913723026,0.5071619514958365,-0.2
PPO,cosine,2645,52.9,5.769586099195989,0.5332367161028859,0.5086574549272326,-0.2
PPO,cosine,2646,52.92,5.775426677362761,0.5333759738252496,0.5099361205817396,-0.2
PPO,cosine,2647,52.94,5.780782686264773,0.5336658663187661,0.5112552435220264,-0.2
PPO,cosine,2648,52.96,5.7847592394084755,0.5344502684167791,0.5127608881343371,-0.2
PPO,cosine,2649,52.980000000000004,5.787887646674286,0.5356713735226702,0.5145498981216095,-0.2
PPO,cosine,2650,53.0,5.791082284782339,0.5371058823619693,0.5165494529047686,-0.2
PPO,cosine,2651,53.02,5.794887259685202,0.5385832423006733,0.5186897140297924,-0.2
PPO,cosine,2652,53.04,5.799565876790201,0.5399728002702338,0.5209009882647875,-0.2
PPO,cosine,2653,53.06,5.8051244261225845,0.5412081685512219,0.5231051424337347,-0.2
PPO,cosine,2654,53.08,5.811221424831543,0.5422329661293118,0.5251559164791796,-0.2
PPO,cosine,2655,53.1,5.817453037522347,0.5429752335319542,0.526932356412127,-0.2
PPO,cosine,2656,53.120000000000005,5.823314999046732,0.5434597326972297,0.5283731627159276,-0.2
PPO,cosine,2657,53.14,5.828720946641861,0.5436195390098096,0.5294061563560924,-0.2
PPO,cosine,2658,53.160000000000004,5.834446821281921,0.5436931521577357,0.5303649764674859,-0.2
PPO,cosine,2659,53.18,5.840536829862549,0.5436957269494316,0.5312823918490737,-0.2
PPO,cosine,2660,53.2,5.846483060814204,0.5435503206276557,0.532007279499512,-0.2
PPO,cosine,2661,53.22,5.851941604973969,0.543554623942058,0.5327896406451739,-0.2
PPO,cosine,2662,53.24,5.856019699205492,0.5441207399383076,0.5339186992718639,-0.2
PPO,cosine,2663,53.26,5.859234077882951,0.5451765515931205,0.5353948566169914,-0.2
PPO,cosine,2664,53.28,5.862475039746088,0.5464361561295004,0.5370736605007557,-0.2
PPO,cosine,2665,53.300000000000004,5.866286185572293,0.5476929322837683,0.5388164179025738,-0.2
PPO,cosine,2666,53.32,5.870950019543949,0.5487954542137115,0.5405057875941155,-0.2
PPO,cosine,2667,53.34,5.876483596310423,0.5496721584409551,0.5420449473773888,-0.2
PPO,cosine,2668,53.36,5.88257572511131,0.5502934560671177,0.5433752439148932,-0.2
PPO,cosine,2669,53.38,5.888838718871475,0.550603311035381,0.5443845105527039,-0.2
PPO,cosine,2670,53.4,5.894824274263008,0.5506767452983676,0.5450966929495766,-0.2
PPO,cosine,2671,53.42,5.900330712832586,0.5504463205241158,0.5454308802419805,-0.2
PPO,cosine,2672,53.44,5.906120167954397,0.5501110332703587,0.5456601672320923,-0.2
PPO,cosine,2673,53.46,5.912225040903192,0.549701031574212,0.5458045429766522,-0.2
PPO,cosine,2674,53.480000000000004,5.918184523575102,0.5491586726687415,0.5457652062454813,-0.2
PPO,cosine,2675,53.5,5.923613500437646,0.5487805873440903,0.5458137619662938,-0.2
PPO,cosine,2676,53.52,5.9276985489834875,0.5490352608072433,0.5463737522144949,-0.2
PPO,cosine,2677,53.54,5.930865958695026,0.5498492724755257,0.5474142103184412,-0.2
PPO,cosine,2678,53.56,5.933977294287571,0.5508999867457259,0.5486746487693672,-0.2
PPO,cosine,2679,53.58,5.93756134412181,0.551945865154909,0.5499527509489566,-0.2
PPO,cosine,2680,53.6,5.941972795350196,0.552805480334983,0.551076761384618,-0.2
PPO,cosine,2681,53.620000000000005,5.947262460843132,0.5533834015638337,0.5519561159211037,-0.2
PPO,cosine,2682,53.64,5.953245532776858,0.5536531534802797,0.5525327654538966,-0.2
PPO,cosine,2683,53.660000000000004,5.9595062987166365,0.5535759558860154,0.5527370595419409,-0.2
PPO,cosine,2684,53.68,5.965681642105508,0.5532621155178458,0.5526625580538574,-0.2
PPO,cosine,2685,53.7,5.971200746888081,0.5526582991454171,0.5522441534515153,-0.2
PPO,cosine,2686,53.72,5.9768666374994295,0.5519165741276849,0.5516487014993939,-0.2
PPO,cosine,2687,53.74,5.98278210409995,0.5510801306329973,0.5509326134755811,-0.2
PPO,cosine,2688,53.76,5.9886267634892425,0.5501152693795771,0.5500514323441044,-0.2
PPO,cosine,2689,53.78,5.993903996384077,0.54928034636397,0.5492613323067759,-0.2
PPO,cosine,2690,53.800000000000004,5.998539887975039,0.5490473503579321,0.5490492918328839,-0.2
PPO,cosine,2691,53.82,6.0020478376694415,0.5496351198166368,0.5496389347334931,-0.2
PPO,cosine,2692,53.84,6.005133433300491,0.5506293434854261,0.5506532720729461,-0.2
PPO,cosine,2693,53.86,6.008495060797538,0.551682873753489,0.55174827525862,-0.2
PPO,cosine,2694,53.88,6.012543641928905,0.5525527190794906,0.5526950789675795,-0.2
PPO,cosine,2695,53.9,6.017449051781045,0.5530736393872443,0.5533488230701401,-0.2
PPO,cosine,2696,53.92,6.023166817289305,0.553152659371522,0.5536375763919057,-0.2
PPO,cosine,2697,53.94,6.029330088195527,0.5527865452227024,0.5535641052785198,-0.2
PPO,cosine,2698,53.96,6.0355165569603,0.5520179042621968,0.5531592830680347,-0.2
PPO,cosine,2699,53.980000000000004,6.0411794819857,0.5508908999586739,0.5524278535645069,-0.2
PPO,cosine,2700,54.0,6.046444882288248,0.5493958263747214,0.5513555124678924,-0.2
PPO,cosine,2701,54.02,6.051982811341882,0.547696235705868,0.5501575949501956,-0.2
PPO,cosine,2702,54.04,6.057742207237992,0.5458460974604966,0.5488917239397668,-0.2
PPO,cosine,2703,54.06,6.06319257828501,0.5439955432668602,0.5476535885434455,-0.2
PPO,cosine,2704,54.08,6.068323729791906,0.5426000197899898,0.5468847351396589,-0.2
PPO,cosine,2705,54.1,6.07238064767217,0.5422024988640953,0.5470123471475868,-0.2
PPO,cosine,2706,54.120000000000005,6.075807720133621,0.5425196882107156,0.5477904914546341,-0.2
PPO,cosine,2707,54.14,6.079401965660989,0.5430510084944045,0.5488251725072554,-0.2
PPO,cosine,2708,54.160000000000004,6.083621900689975,0.5434746379355854,0.5498702613837374,-0.2
PPO,cosine,2709,54.18,6.088660125389953,0.5435964029077215,0.5507791454733704,-0.2
PPO,cosine,2710,54.2,6.094470633815943,0.5433340030140764,0.551485756375345,-0.2
PPO,cosine,2711,54.22,6.100703235914793,0.5427072388545456,0.551971275365698,-0.2
PPO,cosine,2712,54.24,6.106929134344596,0.5417834420497797,0.5522346764293163,-0.2
PPO,cosine,2713,54.26,6.112425612538048,0.5406724235835888,0.5522374380448204,-0.2
PPO,cosine,2714,54.28,6.1175097845263435,0.5393078433146594,0.5519615016648688,-0.2
PPO,cosine,2715,54.300000000000004,6.122890404572271,0.5377343758677297,0.5515979609514462,-0.2
PPO,cosine,2716,54.32,6.128525419417542,0.5359613253308657,0.5511563532128367,-0.2
PPO,cosine,2717,54.34,6.1339049443744695,0.5341227765038161,0.5506520448596148,-0.2
PPO,cosine,2718,54.36,6.138924988442232,0.5326121032535763,0.5504323799940122,-0.2
PPO,cosine,2719,54.38,6.142826700203592,0.532043340610108,0.5508807335336845,-0.2
PPO,cosine,2720,54.4,6.146094820864074,0.5321674096394907,0.5518567282961325,-0.2
PPO,cosine,2721,54.42,6.1495086051553525,0.5324727977612187,0.5530642850258537,-0.2
PPO,cosine,2722,54.44,6.153525668917911,0.5326137446625925,0.5542991358645631,-0.2
PPO,cosine,2723,54.46,6.1583530217360405,0.532372782008485,0.5554245750022129,-0.2
PPO,cosine,2724,54.480000000000004,6.16397209291913,0.5316845445815462,0.5563949156877389,-0.2
PPO,cosine,2725,54.5,6.170050252671669,0.5306065176946045,0.5571897029322179,-0.2
PPO,cosine,2726,54.52,6.176186266899592,0.5292098235618842,0.5577675483554191,-0.2
PPO,cosine,2727,54.54,6.18180925367822,0.5276655281189002,0.5581088731493429,-0.2
PPO,cosine,2728,54.56,6.186897394272142,0.525946477647965,0.5581669403825507,-0.2
PPO,cosine,2729,54.58,6.192237424769883,0.5240490526195161,0.5581958769406745,-0.2
PPO,cosine,2730,54.6,6.1978628587550055,0.5219828990087185,0.5582256333529027,-0.2
PPO,cosine,2731,54.620000000000005,6.203266950316447,0.5198548936328714,0.5581814790236174,-0.2
PPO,cosine,2732,54.64,6.208278623205469,0.5180566908747338,0.5583571615412893,-0.2
PPO,cosine,2733,54.660000000000004,6.212180384258159,0.5172551297163606,0.5590826277768152,-0.2
PPO,cosine,2734,54.68,6.215430159012445,0.5172103715249329,0.5602827159792515,-0.2
PPO,cosine,2735,54.7,6.218776612543903,0.5173624418414856,0.561717991900179,-0.2
PPO,cosine,2736,54.72,6.222649452775919,0.5173388132391472,0.5632159679067216,-0.2
PPO,cosine,2737,54.74,6.227291691595286,0.5168881272893785,0.5646546282471856,-0.2
PPO,cosine,2738,54.76,6.232701065913003,0.5159230029369949,0.5659737900614957,-0.2
PPO,cosine,2739,54.78,6.238589618959833,0.5145074373984627,0.5671357063470183,-0.2
PPO,cosine,2740,54.800000000000004,6.244592032269255,0.5127117599304875,0.5680656749185097,-0.2
PPO,cosine,2741,54.82,6.25029889279936,0.5107419513158696,0.5687766491080022,-0.2
PPO,cosine,2742,54.84,6.25538323346517,0.5086766037907645,0.5691858072538633,-0.2
PPO,cosine,2743,54.86,6.260701683049975,0.5064252985507348,0.5695892823406095,-0.2
PPO,cosine,2744,54.88,6.266262207579224,0.5040101689579327,0.5700191344138947,-0.2
PPO,cosine,2745,54.9,6.271617772445707,0.5015369134314188,0.5703643483271746,-0.2
PPO,cosine,2746,54.92,6.276474397907147,0.4994050382357242,0.5708270183806513,-0.2
PPO,cosine,2747,54.94,6.280362415903751,0.4982535577362976,0.5717164437448565,-0.2
PPO,cosine,2748,54.96,6.2833324459731585,0.4981791936661306,0.5731141107519242,-0.2
PPO,cosine,2749,54.980000000000004,6.286272443572759,0.498490282851273,0.5748429994757358,-0.2
PPO,cosine,2750,55.0,6.289577321588205,0.4987438023878259,0.5767151858573395,-0.2
PPO,cosine,2751,55.02,6.293551313534227,0.49860287912004414,0.5785993473418954,-0.2
PPO,cosine,2752,55.04,6.298292908741739,0.4978788926044498,0.5803981832385767,-0.2
PPO,cosine,2753,55.06,6.303704650462522,0.49649445640612283,0.5820165461175257,-0.2
PPO,cosine,2754,55.08,6.309445692318566,0.4945385517836718,0.5833738215713902,-0.2
PPO,cosine,2755,55.1,6.315154648832687,0.4921399003413071,0.584400662378822,-0.2
PPO,cosine,2756,55.120000000000005,6.320304930273298,0.489505771853591,0.584988161448898,-0.2
PPO,cosine,2757,55.14,6.324970864821637,0.4865912238135675,0.5851299702419182,-0.2
PPO,cosine,2758,55.160000000000004,6.329809628624799,0.4834029521460926,0.585194672974033,-0.2
PPO,cosine,2759,55.18,6.334787645928475,0.4800136100723833,0.5852314360328329,-0.2
PPO,cosine,2760,55.2,6.33944737764596,0.47669632220792413,0.5852041573650001,-0.2
PPO,cosine,2761,55.22,6.343894788536186,0.4738917749319542,0.5855228773758598,-0.2
PPO,cosine,2762,55.24,6.347519579834224,0.4723480751124077,0.5864150087016469,-0.2
PPO,cosine,2763,55.26,6.350698203786013,0.47173809918983406,0.5878146513706288,-0.2
PPO,cosine,2764,55.28,6.354070486443515,0.47135937549363566,0.5895299570302577,-0.2
PPO,cosine,2765,55.300000000000004,6.3579907614726325,0.4707714066168672,0.5914246381304883,-0.2
PPO,cosine,2766,55.32,6.36265589095612,0.4696937335630379,0.5934066890367541,-0.2
PPO,cosine,2767,55.34,6.368020295492784,0.46803118346277217,0.5953924139491188,-0.2
PPO,cosine,2768,55.36,6.37377201558311,0.4658750166360764,0.5972813832346735,-0.2
PPO,cosine,2769,55.38,6.379550282930182,0.4633570354944517,0.5989642390114683,-0.2
PPO,cosine,2770,55.4,6.38482885896608,0.4607655607019303,0.6003317021631454,-0.2
PPO,cosine,2771,55.42,6.389548784662222,0.4581034432749902,0.6013376924592506,-0.2
PPO,cosine,2772,55.44,6.394434245606002,0.4552188313040426,0.6023309376751239,-0.2
PPO,cosine,2773,55.46,6.399492067033224,0.45211204594567705,0.6033234735294689,-0.2
PPO,cosine,2774,55.480000000000004,6.404313489315797,0.4489421383283583,0.6041675605405787,-0.2
PPO,cosine,2775,55.5,6.408681756113239,0.4461569048063583,0.6050427765755004,-0.2
PPO,cosine,2776,55.52,6.412211016787457,0.4444850709651706,0.6062053288052339,-0.2
PPO,cosine,2777,55.54,6.415030936056149,0.4439665341322755,0.6077474486273621,-0.2
PPO,cosine,2778,55.56,6.417914873437808,0.4438038613923772,0.6096020905700074,-0.2
PPO,cosine,2779,55.58,6.421180700519616,0.4435292939415371,0.6116464804725628,-0.2
PPO,cosine,2780,55.6,6.425083121979247,0.44276993756165695,0.6137922109313354,-0.2
PPO,cosine,2781,55.620000000000005,6.42969081406322,0.44132925226620245,0.6159591744557088,-0.2
PPO,cosine,2782,55.64,6.434892384214513,0.4391518947191355,0.6180499757165195,-0.2
PPO,cosine,2783,55.660000000000004,6.440358734743193,0.43637582729335994,0.6199513512450717,-0.2
PPO,cosine,2784,55.68,6.445748578232268,0.4331767285801699,0.6215576185515763,-0.2
PPO,cosine,2785,55.7,6.45051285661588,0.4298620843727394,0.6226903287810698,-0.2
PPO,cosine,2786,55.72,6.454754998076316,0.4263598331401645,0.6233657157645897,-0.2
PPO,cosine,2787,55.74,6.4591337215761335,0.42257648000818115,0.62399892287123,-0.2
PPO,cosine,2788,55.76,6.463621242861168,0.41859087846564497,0.6246302749361216,-0.2
PPO,cosine,2789,55.78,6.467799343642744,0.41472700544636004,0.6251677494553659,-0.2
PPO,cosine,2790,55.800000000000004,6.471826830845869,0.41140948686338347,0.6260018563768389,-0.2
PPO,cosine,2791,55.82,6.475214143446555,0.4094491295283584,0.6272775078090825,-0.2
PPO,cosine,2792,55.84,6.478296839950581,0.4084641173062913,0.6289759949580904,-0.2
PPO,cosine,2793,55.86,6.481600094518767,0.4076659304679112,0.6309755636351961,-0.2
PPO,cosine,2794,55.88,6.4854103269015715,0.40657175642904203,0.6331854219645986,-0.2
PPO,cosine,2795,55.9,6.4898813413014835,0.40487640775957734,0.6355380666141409,-0.2
PPO,cosine,2796,55.92,6.494952388534321,0.4024940003284374,0.6379492826363373,-0.2
PPO,cosine,2797,55.94,6.500328210435438,0.39956014929596717,0.6402941754091966,-0.2
PPO,cosine,2798,55.96,6.50567078360545,0.39626054164946295,0.6424370461457494,-0.2
PPO,cosine,2799,55.980000000000004,6.510426916337289,0.3929832459219532,0.6441827912145346,-0.2
PPO,cosine,2800,56.0,6.51465438224529,0.3896609529446828,0.6455267549947401,-0.2
PPO,cosine,2801,56.02,6.519007503208718,0.3860851498124382,0.6468620651210271,-0.2
PPO,cosine,2802,56.04,6.52349906098533,0.3822590141111213,0.6482076987522815,-0.2
PPO,cosine,2803,56.06,6.52773435134945,0.37843133428450015,0.6493949648423304,-0.2
PPO,cosine,2804,56.08,6.531626931191373,0.37507931787732257,0.6506240763046465,-0.2
PPO,cosine,2805,56.1,6.53482821186698,0.3730192078267531,0.6520617651852696,-0.2
PPO,cosine,2806,56.120000000000005,6.537617917690946,0.3720419387015399,0.6537952504990759,-0.2
PPO,cosine,2807,56.14,6.540548615386406,0.3713413998647513,0.6558103695807759,-0.2
PPO,cosine,2808,56.160000000000004,6.543853348400264,0.3704418258840874,0.6580300988028702,-0.2
PPO,cosine,2809,56.18,6.54774368537801,0.3689455661641091,0.6604119741976514,-0.2
PPO,cosine,2810,56.2,6.552242158014475,0.36667482070391816,0.6628889991746242,-0.2
PPO,cosine,2811,56.22,6.557198021222702,0.3636460851282774,0.6653631415126761,-0.2
PPO,cosine,2812,56.24,6.562300630404325,0.3600395670685045,0.6676904138955247,-0.2
PPO,cosine,2813,56.26,6.567228224030759,0.3561300655191863,0.6697585249205785,-0.2
PPO,cosine,2814,56.28,6.571301249209711,0.35233654632859757,0.6712124546127999,-0.2
PPO,cosine,2815,56.300000000000004,6.57505601036657,0.34836956529925256,0.672347208728873,-0.2
PPO,cosine,2816,56.32,6.5789490911680195,0.3440820757816452,0.6734794169375049,-0.2
PPO,cosine,2817,56.34,6.582812039887963,0.3396298812232024,0.6745504651677701,-0.2
PPO,cosine,2818,56.36,6.586306349215612,0.33552935054251043,0.6755257805635685,-0.2
PPO,cosine,2819,56.38,6.589807706137699,0.3320736459850091,0.6768648584297987,-0.2
PPO,cosine,2820,56.4,6.592971503664561,0.3299885378930814,0.6786071317773077,-0.2
PPO,cosine,2821,56.42,6.595971757441621,0.3287151745285769,0.6806144294925043,-0.2
PPO,cosine,2822,56.44,6.599245562783234,0.32744637455231046,0.6828736140186168,-0.2
PPO,cosine,2823,56.46,6.603031753664268,0.3256842438813886,0.6853594112872419,-0.2
PPO,cosine,2824,56.480000000000004,6.607381963483155,0.32317435455381543,0.6880076402235135,-0.2
PPO,cosine,2825,56.5,6.6121734318519625,0.3199092781580899,0.6907229957928428,-0.2
PPO,cosine,2826,56.52,6.61711842239233,0.3160793684270898,0.6933551142100747,-0.2
PPO,cosine,2827,56.54,6.621878976315885,0.31200394902110723,0.6957585251999852,-0.2
PPO,cosine,2828,56.56,6.62578444845805,0.3081661081101246,0.6975475081452779,-0.2
PPO,cosine,2829,56.58,6.629428432700289,0.30416832922372883,0.6990697564580353,-0.2
PPO,cosine,2830,56.6,6.633203096244581,0.29982438149572505,0.7006003288844634,-0.2
PPO,cosine,2831,56.620000000000005,6.636937355574152,0.2953083644102284,0.702065684260695,-0.2
PPO,cosine,2832,56.64,6.640315515581229,0.2911512692392662,0.7034010385787686,-0.2
PPO,cosine,2833,56.660000000000004,6.6437035250060825,0.28758328825716417,0.7050236703757253,-0.2
PPO,cosine,2834,56.68,6.646779830829862,0.28536504819874153,0.7069351881903851,-0.2
PPO,cosine,2835,56.7,6.649699471578307,0.2839437544241151,0.7090369941304852,-0.2
PPO,cosine,2836,56.72,6.6528633950008675,0.2824926642576553,0.7113597668489884,-0.2
PPO,cosine,2837,56.74,6.656479395865976,0.280499703723628,0.7138944466695335,-0.2
PPO,cosine,2838,56.76,6.660587090130462,0.2777051874911159,0.7165859856336201,-0.2
PPO,cosine,2839,56.78,6.665078175431742,0.2741161211228309,0.7193529226291098,-0.2
PPO,cosine,2840,56.800000000000004,6.669684373762691,0.26994134231220746,0.7220425809820666,-0.2
PPO,cosine,2841,56.82,6.674109060699333,0.26551474450666224,0.7245143927261731,-0.2
PPO,cosine,2842,56.84,6.677728722363338,0.26137680759583465,0.7263842348683186,-0.2
PPO,cosine,2843,56.86,6.681023789563473,0.25711657278159655,0.7279439085192949,-0.2
PPO,cosine,2844,56.88,6.684424144174542,0.2524956055061242,0.7295138380654325,-0.2
PPO,cosine,2845,56.9,6.687780338388063,0.24770077663352705,0.731024943909612,-0.2
PPO,cosine,2846,56.92,6.690816087210362,0.24327988978255863,0.7324015095023008,-0.2
PPO,cosine,2847,56.94,6.693914513278872,0.23943536542579164,0.7340617453291218,-0.2
PPO,cosine,2848,56.96,6.696806558196679,0.236968123115689,0.7359981460023346,-0.2
PPO,cosine,2849,56.980000000000004,6.699609020874804,0.23532214453294226,0.7381255271273204,-0.2
PPO,cosine,2850,57.0,6.702655207506428,0.2336426637657023,0.7404817586999929,-0.2
PPO,cosine,2851,57.02,6.7061203974393235,0.23140013812840363,0.7430693370108287,-0.2
PPO,cosine,2852,57.04,6.710032401120316,0.22832761286236827,0.7458414774173586,-0.2
PPO,cosine,2853,57.06,6.714280412362165,0.22444479314647728,0.748713545125791,-0.2
PPO,cosine,2854,57.08,6.718614255450674,0.21997049932456733,0.7515274237910586,-0.2
PPO,cosine,2855,57.1,6.722751675819851,0.2152689108770108,0.7541290929877841,-0.2
PPO,cosine,2856,57.120000000000005,6.726103000438243,0.21092036085225446,0.7561170318591328,-0.2
PPO,cosine,2857,57.14,6.72916853358806,0.20645940880756117,0.7578339117907895,-0.2
PPO,cosine,2858,57.160000000000004,6.732307317236939,0.20164034893171792,0.7595609502838258,-0.2
PPO,cosine,2859,57.18,6.735384785319815,0.1966603898661744,0.7612267017270128,-0.2
PPO,cosine,2860,57.2,6.738163467053331,0.19209005721307576,0.7627475953238511,-0.2
PPO,cosine,2861,57.22,6.741031150755542,0.18809772108315176,0.7645311759939929,-0.2
PPO,cosine,2862,57.24,6.743778777121364,0.18547729007799466,0.7665563869871732,-0.2
PPO,cosine,2863,57.26,6.746481888783598,0.18366328970585302,0.7687440499070572,-0.2
PPO,cosine,2864,57.28,6.749416505674072,0.18178795059659675,0.7711497636379372,-0.2
PPO,cosine,2865,57.300000000000004,6.752723596032542,0.17931380292397195,0.7737869551389572,-0.2
PPO,cosine,2866,57.32,6.756414252984717,0.17597322361380363,0.7766138664403702,-0.2
PPO,cosine,2867,57.34,6.7603770685823,0.1718041166621538,0.7795447010453439,-0.2
PPO,cosine,2868,57.36,6.764379838569524,0.16703458773739172,0.782417466006589,-0.2
PPO,cosine,2869,57.38,6.768156242500109,0.1620597585826455,0.785065206364256,-0.2
PPO,cosine,2870,57.4,6.771153000027348,0.15749056126085234,0.7870706615910906,-0.2
PPO,cosine,2871,57.42,6.773900007533702,0.15280804786245547,0.7888418860279912,-0.2
PPO,cosine,2872,57.44,6.776693198541596,0.1477805166876596,0.7906272230155291,-0.2
PPO,cosine,2873,57.46,6.779404588196918,0.1426204999573042,0.7923459592314958,-0.2
PPO,cosine,2874,57.480000000000004,6.781850586856609,0.13791579581733832,0.7939213480590843,-0.2
PPO,cosine,2875,57.5,6.784435743651608,0.1338047730045628,0.7957657652833866,-0.2
PPO,cosine,2876,57.52,6.787013594418564,0.1310493951083344,0.7978498240633312,-0.2
PPO,cosine,2877,57.54,6.789599644023338,0.129087811657645,0.8000820338942384,-0.2
PPO,cosine,2878,57.56,6.792409918372385,0.12704072581454137,0.8025290180114462,-0.2
PPO,cosine,2879,57.58,6.795549195359654,0.12436390459890165,0.8052110922015902,-0.2
PPO,cosine,2880,57.6,6.799010123718619,0.12079068684719495,0.8080888365977223,-0.2
PPO,cosine,2881,57.620000000000005,6.80267684560912,0.1163778766345609,0.8110696200986544,-0.2
PPO,cosine,2882,57.64,6.806338368224952,0.11135785791469856,0.8139914843479805,-0.2
PPO,cosine,2883,57.660000000000004,6.809754677250015,0.10615162665487331,0.8166828057267715,-0.2
PPO,cosine,2884,57.68,6.812414690086767,0.10139897249369412,0.8187181323822956,-0.2
PPO,cosine,2885,57.7,6.814827743519474,0.09652776281220708,0.8205253564653362,-0.2
PPO,cosine,2886,57.72,6.8172591404507585,0.09130462424914947,0.8223436246847123,-0.2
PPO,cosine,2887,57.74,6.81958646814322,0.08596309948572309,0.824082297611513,-0.2
PPO,cosine,2888,57.76,6.821672923175271,0.08111160074621936,0.8256666908959139,-0.2
PPO,cosine,2889,57.78,6.82395203973701,0.07686806396576419,0.8275298562859377,-0.2
PPO,cosine,2890,57.800000000000004,6.8263406082123135,0.07394996383817441,0.8296429339977309,-0.2
PPO,cosine,2891,57.82,6.8287962953950965,0.0718032597925817,0.8319008398706405,-0.2
PPO,cosine,2892,57.84,6.831467586084237,0.06955050828336107,0.8343713920738307,-0.2
PPO,cosine,2893,57.86,6.834422379372723,0.06664562044416282,0.8370796532722696,-0.2
PPO,cosine,2894,57.88,6.83763680212762,0.06282160117316436,0.839989265319829,-0.2
PPO,cosine,2895,57.9,6.840992309015146,0.05815689702738857,0.8430007642312555,-0.2
PPO,cosine,2896,57.92,6.844298026081729,0.05288475988030153,0.8459526905643725,-0.2
PPO,cosine,2897,57.94,6.847340656119658,0.04745699734630399,0.8486685773082564,-0.2
PPO,cosine,2898,57.96,6.849659324982905,0.04252980499939908,0.8507230764730044,-0.2
PPO,cosine,2899,57.980000000000004,6.851759370550313,0.037476102140708595,0.8525834173568739,-0.2
PPO,cosine,2900,58.0,6.853846012592031,0.03208384359579962,0.8544485860712691,-0.2
PPO,cosine,2901,58.02,6.855810420670843,0.026599880096272347,0.856223703099804,-0.2
PPO,cosine,2902,58.04,6.8575644188709255,0.021673761446496777,0.8578382624065377,-0.2
PPO,cosine,2903,58.06,6.85953380002432,0.01732255187600754,0.8597083366978268,-0.2
PPO,cosine,2904,58.08,6.861686540541986,0.014283180384858212,0.8618049102860358,-0.2
PPO,cosine,2905,58.1,6.863951997527729,0.011995802145059183,0.8640352731811685,-0.2
PPO,cosine,2906,58.120000000000005,6.866421275288022,0.009590226877487422,0.8664743497203384,-0.2
PPO,cosine,2907,58.14,6.8691303837038875,0.006508931510875403,0.8691547561088762,-0.2
PPO,cosine,2908,58.160000000000004,6.8720445348275865,0.0024774268901814832,0.8720480539320399,-0.2
PPO,cosine,2909,58.18,6.8750516083351965,-0.0024146431864058237,0.8750549398476256,-0.2
PPO,cosine,2910,58.2,6.877977147072278,-0.007919952120347136,0.8780128680280066,-0.2
PPO,cosine,2911,58.22,6.880629626155701,-0.01356502212655224,0.8807340962449588,-0.2
PPO,cosine,2912,58.24,6.882595221689288,-0.01865218004106399,0.8827922910679765,-0.2
PPO,cosine,2913,58.26,6.884303856829851,-0.0238249964571343,0.8846247462400831,-0.2
PPO,cosine,2914,58.28,6.8859797365356155,-0.029337402851647938,0.8864653274425337,-0.2
PPO,cosine,2915,58.300000000000004,6.88754058909131,-0.03494401068182593,0.888228225833362,-0.2
PPO,cosine,2916,58.32,6.8889353136021585,-0.040003721894316786,0.8898349788215598,-0.2
PPO,cosine,2917,58.34,6.890579686004726,-0.04451332697525263,0.8916914339628264,-0.2
PPO,cosine,2918,58.36,6.892496695505029,-0.04771193693899928,0.8937711006817505,-0.2
PPO,cosine,2919,58.38,6.894584253114728,-0.05014890881559636,0.8959887828406287,-0.2
PPO,cosine,2920,58.4,6.896869501286638,-0.05271224816185825,0.8984172101225686,-0.2
PPO,cosine,2921,58.42,6.89935023529093,-0.05596169889397867,0.9010896500687107,-0.2
PPO,cosine,2922,58.44,6.901972218269618,-0.06017010927679162,0.9039769491422869,-0.2
PPO,cosine,2923,58.46,6.904631989241215,-0.06524386243244795,0.9069816963663724,-0.2
PPO,cosine,2924,58.480000000000004,6.907174254305912,-0.07093076391327915,0.9099430207132798,-0.2
PPO,cosine,2925,58.5,6.90943581367448,-0.07673711876094588,0.9126675652117232,-0.2
PPO,cosine,2926,58.52,6.9110529495091715,-0.08194323656350028,0.9147306547983743,-0.2
PPO,cosine,2927,58.54,6.912406060103311,-0.08721531676526093,0.9165649622321982,-0.2
PPO,cosine,2928,58.56,6.913702102460899,-0.09282102008197589,0.918404744004802,-0.2
PPO,cosine,2929,58.58,6.9148814039318625,-0.09851694652728908,0.920170403791274,-0.2
PPO,cosine,2930,58.6,6.915933964018902,-0.10365487599185207,0.9217805377421815,-0.2
PPO,cosine,2931,58.620000000000005,6.917269398833763,-0.10825571609902533,0.9236354530359718,-0.2
PPO,cosine,2932,58.64,6.918967167464271,-0.11157652004626828,0.925715925488452,-0.2
PPO,cosine,2933,58.660000000000004,6.920884658490775,-0.11415050737210652,0.9279325905349916,-0.2
PPO,cosine,2934,58.68,6.9229858141835585,-0.11686184233982495,0.9303545041429877,-0.2
PPO,cosine,2935,58.7,6.9252308439627415,-0.12026939357635295,0.9330149203797496,-0.2
PPO,cosine,2936,58.72,6.927548370795122,-0.12464440099682315,0.9358857872970092,-0.2
PPO,cosine,2937,58.74,6.929841237657382,-0.12987939097084353,0.9388681395420604,-0.2
PPO,cosine,2938,58.76,6.931974519187887,-0.13572175122679067,0.94180512749271,-0.2
PPO,cosine,2939,58.78,6.9338185359429465,-0.1416573993702389,0.9445019199911493,-0.2
PPO,cosine,2940,58.800000000000004,6.935062710767337,-0.14695403496931173,0.9465398889964024,-0.2
PPO,cosine,2941,58.82,6.9360425229163924,-0.15230343938579385,0.9483522248386552,-0.2
PPO,cosine,2942,58.84,6.936942934853988,-0.15797678343753513,0.9501677363908304,-0.2
PPO,cosine,2943,58.86,6.937721717492157,-0.1637304787333055,0.9519084457670697,-0.2
PPO,cosine,2944,58.88,6.938413724777472,-0.16891334733223295,0.9534946448500429,-0.2
PPO,cosine,2945,58.9,6.93942588908718,-0.17357607085305005,0.9553269877167824,-0.2
PPO,cosine,2946,58.92,6.940892180566428,-0.17699964236881618,0.9573959310806252,-0.2
PPO,cosine,2947,58.94,6.942627841298728,-0.17969625659894176,0.95960303867129,-0.2
PPO,cosine,2948,58.96,6.944534691996381,-0.18254149936875624,0.9620120494965186,-0.2
PPO,cosine,2949,58.980000000000004,6.946535784025699,-0.18609186936869507,0.9646554692149322,-0.2
PPO,cosine,2950,59.0,6.948542103795684,-0.19061548677438392,0.9675052384723182,-0.2
PPO,cosine,2951,59.02,6.950463138363883,-0.19599227226023225,0.9704602764535244,-0.2
PPO,cosine,2952,59.04,6.95218282354086,-0.20196806748807042,0.9733669553313953,-0.2
PPO,cosine,2953,59.06,6.9536061961814815,-0.20801087670013535,0.9760293552046849,-0.2
PPO,cosine,2954,59.08,6.954475675006559,-0.21337950997412986,0.9780361084622722,-0.2
PPO,cosine,2955,59.1,6.955079640997993,-0.2187846548387435,0.979818271845225,-0.2
PPO,cosine,2956,59.120000000000005,6.9555822608777556,-0.22450159554342566,0.9815999305754798,-0.2
PPO,cosine,2957,59.14,6.9559594824035855,-0.23028941170622477,0.9833065367123979,-0.2
PPO,cosine,2958,59.160000000000004,6.956290119980307,-0.23549577516344952,0.9848599157706558,-0.2
PPO,cosine,2959,59.18,6.956976245273822,-0.24020084714946857,0.9866610263863189,-0.2
PPO,cosine,2960,59.2,6.958204213565392,-0.2437134316584435,0.9887120671182318,-0.2
PPO,cosine,2961,59.22,6.9597496248706765,-0.24652144753234703,0.9909047212183663,-0.2
PPO,cosine,2962,59.24,6.961453089235794,-0.24948778473567954,0.9932956244408657,-0.2
PPO,cosine,2963,59.26,6.963200487295533,-0.25316417715280215,0.9959152972616738,-0.2
PPO,cosine,2964,59.28,6.9648850569548495,-0.2578143639908293,0.998734909480368,-0.2
PPO,cosine,2965,59.300000000000004,6.966424097506407,-0.26330675984767504,1.001651629071982,-0.2
PPO,cosine,2966,59.32,6.967720162311342,-0.2693862674534402,1.004515442209022,-0.2
PPO,cosine,2967,59.34,6.968714914179565,-0.27550594973158676,1.0071306336773924,-0.2
PPO,cosine,2968,59.36,6.96920441232893,-0.28092011315156423,1.0090952892819158,-0.2
PPO,cosine,2969,59.38,6.969428219549497,-0.2863531763974937,1.0108358988935062,-0.2
PPO,cosine,2970,59.4,6.969529960013723,-0.292084281195617,1.0125717607586004,-0.2
PPO,cosine,2971,59.42,6.969503487617354,-0.29787809770041007,1.0142328990876939,-0.2
PPO,cosine,2972,59.44,6.969471527261419,-0.3030840151113164,1.015743551486587,-0.2
PPO,cosine,2973,59.46,6.969829285367227,-0.30781100795505184,1.0175050168791357,-0.2
PPO,cosine,2974,59.480000000000004,6.970805647708486,-0.3113936258938876,1.0195242007279846,-0.2
PPO,cosine,2975,59.5,6.972138482947952,-0.31430603622053377,1.0216856240708339,-0.2
PPO,cosine,2976,59.52,6.973617466192338,-0.31738543907069827,1.0240432058311253,-0.2
PPO,cosine,2977,59.54,6.975090963086817,-0.3211722488697702,1.0266226179749023,-0.2
PPO,cosine,2978,59.56,6.976436491060204,-0.3259310801142256,1.0293975374258426,-0.2
PPO,cosine,2979,59.58,6.977580621930331,-0.33151818238489056,1.0322636182804634,-0.2
PPO,cosine,2980,59.6,6.978444225922115,-0.33767713782415193,1.0350743705886254,-0.2
PPO,cosine,2981,59.620000000000005,6.979005471897725,-0.3438475757247523,1.0376333019605128,-0.2
PPO,cosine,2982,59.64,6.979115576624561,-0.3492813114127542,1.039550261839734,-0.2
PPO,cosine,2983,59.660000000000004,6.978962681372203,-0.35471058918355003,1.0412432634108109,-0.2
PPO,cosine,2984,59.68,6.978669747031743,-0.3604198474351233,1.0429271020451687,-0.2
PPO,cosine,2985,59.7,6.978246483523607,-0.3661863322764886,1.0445375112806674,-0.2
PPO,cosine,2986,59.72,6.97785770177381,-0.37136724264767934,1.0460015840476045,-0.2
PPO,cosine,2987,59.74,6.977888863235226,-0.37609674163983126,1.0477191359861573,-0.2
PPO,cosine,2988,59.76,6.9786161839893985,-0.3797369309051714,1.049709375141163,-0.2
PPO,cosine,2989,59.78,6.979744518036912,-0.3827318274865861,1.0518474092731338,-0.2
PPO,cosine,2990,59.800000000000004,6.981005038901932,-0.3858998337007033,1.054177199526347,-0.2
PPO,cosine,2991,59.82,6.982209410507297,-0.38977063264744966,1.0567196752987447,-0.2
PPO,cosine,2992,59.84,6.983217068529447,-0.3946019078216501,1.0594463032660622,-0.2
PPO,cosine,2993,59.86,6.983964782776118,-0.4002432735807824,1.0622529697724146,-0.2
PPO,cosine,2994,59.88,6.98439218991351,-0.40643774543964817,1.0649974762790666,-0.2
PPO,cosine,2995,59.9,6.984521972294111,-0.412629286857282,1.067495406220671,-0.2
PPO,cosine,2996,59.92,6.984267202568674,-0.41807113278297514,1.0693761724102528,-0.2
PPO,cosine,2997,59.94,6.983747730956403,-0.42347568081993203,1.0710234593171974,-0.2
PPO,cosine,2998,59.96,6.983056931972566,-0.42914218040198615,1.0726434367950448,-0.2
PPO,cosine,2999,59.980000000000004,6.982227087547536,-0.4348643408593465,1.0741866906935449,-0.2
PPO,circle,0,0.0,0.0,0.0,0.0,0.08391566353495235
PPO,circle,1,0.02,-0.0013708121422276573,-0.00032244182025478995,0.001408223936995341,0.2
PPO,circle,2,0.04,-0.002474483885538367,-0.00018852521711809836,0.0024816551447121044,0.15443674550115646
PPO,circle,3,0.06,-0.0027926090065529237,-7.640369802960572e-05,0.0027936539851152594,0.05161602399252644
PPO,circle,4,0.08,-0.0030639813100327654,-0.0004017478017094208,0.003090207560084832,0.2
PPO,circle,5,0.1,-0.0038503083770365398,-0.0010866263499866575,0.004000703865916509,0.2
PPO,circle,6,0.12,-0.006490203048107552,-0.001380752698093962,0.006635451274702569,0.2
PPO,circle,7,0.14,-0.011181738649078319,-0.0018657463020337504,0.009994039559588696,0.2
PPO,circle,8,0.16,-0.015932353262723534,-0.0029370156129772673,0.0058947760397549545,0.2
PPO,circle,9,0.18,-0.017350977888057815,-0.004384672638720579,0.005775939242555552,0.2
PPO,circle,10,0.2,-0.017305346142240118,-0.005586989218068686,0.006778516817445682,0.2
PPO,circle,11,0.22,-0.016329567008279252,-0.006615293652711604,0.00817574555307815,0.2
PPO,circle,12,0.24,-0.01411348153584575,-0.007308699481451579,0.010107740587379498,0.2
PPO,circle,13,0.26,-0.010491212327884802,-0.007667508251500941,0.012994468780815428,0.2
PPO,circle,14,0.28,-0.005599086063330794,-0.007798765995028691,0.00960054768176251,0.2
PPO,circle,15,0.3,0.00020875939583586112,-0.007736731439824807,0.0077395473935704655,0.09615479863453985
PPO,circle,16,0.32,0.006534208174193642,-0.007428388745566325,0.009893272250320186,0.09948345915469507
PPO,circle,17,0.34,0.013286493067725879,-0.006918528996829339,0.010419599786233549,0.10595744905879412
PPO,circle,18,0.36,0.020429781454640705,-0.006287949342358011,0.006421466867519414,0.11647573187059669
PPO,circle,19,0.38,0.02753856056206456,-0.005648435322130845,0.008728910710730266,0.12847570558216692
PPO,circle,20,0.4,0.033546245933720305,-0.005064287620418288,0.01004993927951361,0.13587182987489763
PPO,circle,21,0.42,0.03915204610302896,-0.004533761511127298,0.005709155659825625,0.1357338890092577
PPO,circle,22,0.44,0.04417351316722512,-0.004167475479621434,0.00511396442684534,0.1345309764840717
PPO,circle,23,0.46,0.048568291471357494,-0.004014866315640847,0.007974057321138418,0.13107900838872075
PPO,circle,24,0.48,0.05203591482366119,-0.004297769348858119,0.011138994360624562,0.13084325537526165
PPO,circle,25,0.5,0.0547851201500183,-0.004764501581492073,0.009969760502610165,0.13585751229317738
PPO,circle,26,0.52,0.05685760301142141,-0.005001775998483184,0.008528383256138411,0.13564192299843314
PPO,circle,27,0.54,0.05882833318454314,-0.004955593950409563,0.007221220210114555,0.13349198278450197
PPO,circle,28,0.56,0.06115764812319195,-0.004705531119209143,0.005964011566533359,0.13126552413881032
PPO,circle,29,0.58,0.06424805532696021,-0.004301217403987022,0.005453964538772078,0.12954156929547844
PPO,circle,30,0.6,0.06822834968525354,-0.0037793434063879594,0.007131578263550231,0.12831193219239972
PPO,circle,31,0.62,0.07302787010805335,-0.0031487390913418232,0.010916552273337259,0.12764485930510922
PPO,circle,32,0.64,0.07847917509082614,-0.002488254300327256,0.006880239894499246,0.13194526822723418
PPO,circle,33,0.66,0.08436908840271182,-0.0019354484211583486,0.003726439854955689,0.1337641097054521
PPO,circle,34,0.68,0.09063575737437989,-0.0015332821419437519,0.007505877173011138,0.13748375467612434
PPO,circle,35,0.7000000000000001,0.09685671543165823,-0.0012203413829148279,0.00892193440164098,0.14756587847627342
PPO,circle,36,0.72,0.1023336445081247,-0.0006778583642803158,0.004250322453102385,0.14870957564032464
PPO,circle,37,0.74,0.10709024601103223,0.00012416100192055857,0.003453968973075918,0.14493417862782448
PPO,circle,38,0.76,0.11208069158853605,0.000997372316648672,0.00744349283611313,0.13815123729551443
PPO,circle,39,0.78,0.11766063780594495,0.0017987996666952084,0.008412066346562958,0.13563096370182756
PPO,circle,40,0.8,0.12349228710030186,0.0022417929341107387,0.002869265114332335,0.12802082455757807
PPO,circle,41,0.8200000000000001,0.1284705153733732,0.0021508414489151235,0.0032334211467494184,0.12880660358980583
PPO,circle,42,0.84,0.13234266691910634,0.0019196396954706519,0.006862505367990354,0.13191332207510664
PPO,circle,43,0.86,0.1351431976914877,0.0018959647516789621,0.009577770371191173,0.13149859176992992
PPO,circle,44,0.88,0.13764056874754418,0.002131578782511463,0.009646536607356116,0.13559056991484109
PPO,circle,45,0.9,0.14041027745052437,0.002556680216032845,0.006916699794437031,0.13301087067138717
PPO,circle,46,0.92,0.1438122328669891,0.0031379063317912466,0.003677678314401668,0.1307274828253197
PPO,circle,47,0.9400000000000001,0.14801758049740338,0.003856375416037389,0.0020078193993655906,0.12839583451752073
PPO,circle,48,0.96,0.1530337693515379,0.0046994580374364325,0.006350822483128751,0.12611471197030816
PPO,circle,49,0.98,0.15860282933692976,0.0055937462687233475,0.009146294632379849,0.13458822952942706
PPO,circle,50,1.0,0.16456450989705068,0.006443772526340056,0.003126839341937326,0.13629149567121587
PPO,circle,51,1.02,0.17034838232209235,0.007254630369190819,0.00272261481331029,0.13868130100535553
PPO,circle,52,1.04,0.17529446063660836,0.00825531826506279,0.007756207500878915,0.13631233316683022
PPO,circle,53,1.06,0.1799620202247998,0.009224285464829923,0.00857381191702804,0.1405902212573834
PPO,circle,54,1.08,0.18487832432857454,0.010080978083711225,0.0038360584164728877,0.13194080461359708
PPO,circle,55,1.1,0.1902191479319417,0.010738879924635174,0.0024927961319982047,0.12330360771728366
PPO,circle,56,1.12,0.195593280252662,0.010995196936113255,0.007365944278605415,0.12017206787376486
PPO,circle,57,1.1400000000000001,0.2001262972058172,0.010890759531132858,0.009278920273729254,0.13524639008406888
PPO,circle,58,1.16,0.20349770537681738,0.010896199668695459,0.0059077407825900135,0.13752082370511096
PPO,circle,59,1.18,0.2060981142014931,0.011133092189236495,0.003309517704299345,0.13506125219967782
PPO,circle,60,1.2,0.20853120729870167,0.011574708664082903,0.0010495453008925759,0.13073281950843513
PPO,circle,61,1.22,0.21138465064561587,0.012190691429797904,0.0023141628307834054,0.12658225786177926
PPO,circle,62,1.24,0.21498329542860325,0.012940701556564509,0.005908940655187591,0.12331658949974325
PPO,circle,63,1.26,0.2194174070864238,0.013772497049889582,0.010391436705966912,0.1210519502820582
PPO,circle,64,1.28,0.22459763303001193,0.01465861000003256,0.005819839179480081,0.1336897045133148
PPO,circle,65,1.3,0.23028712786238933,0.015516049383816673,0.0022175509133851357,0.13479668224503047
PPO,circle,66,1.32,0.23628902517578906,0.016302694904899318,0.006739209721099112,0.13752875287186456
PPO,circle,67,1.34,0.24182289028969745,0.017156660756535495,0.009355356776750312,0.15181139267227153
PPO,circle,68,1.36,0.24629801390130765,0.018201813679120542,0.005343331447140278,0.14710061463554208
PPO,circle,69,1.3800000000000001,0.2507046942109767,0.019211657392814784,0.0034094522905644626,0.1386559457569147
PPO,circle,70,1.4000000000000001,0.25551950862484507,0.020076033898415512,0.006145839951040684,0.12986378457624756
PPO,circle,71,1.42,0.2607054363788739,0.020646642657682547,0.010763910914790002,0.12306412699061896
PPO,circle,72,1.44,0.26575303867030997,0.02074719672907802,0.006505005832517822,0.13979875498959154
PPO,circle,73,1.46,0.27019919499906414,0.020543833269015193,0.0025964705946167543,0.14460745769981692
PPO,circle,74,1.48,0.2737326304117431,0.020479345992824853,0.0026622250508554052,0.146973654667469
PPO,circle,75,1.5,0.2766583100668143,0.020733406226956585,0.0052455260000361294,0.14599343790246141
PPO,circle,76,1.52,0.27946980706357544,0.021274673542221362,0.008057255689274696,0.14345482637940452
PPO,circle,77,1.54,0.28277504584943297,0.022074781102698227,0.009890445750526432,0.15335029152447321
PPO,circle,78,1.56,0.2868537704208182,0.023064029841470574,0.005996880533609866,0.1498330164861492
PPO,circle,79,1.58,0.2917208443768374,0.024191979354846082,0.0028225048776435602,0.1463530553128955
PPO,circle,80,1.6,0.2971960877915708,0.02537742424960541,0.00595740383549696,0.1438345212145027
PPO,circle,81,1.62,0.30316717499650525,0.02653295245174491,0.010381874872582735,0.15828063144037352
PPO,circle,82,1.6400000000000001,0.30931940140712016,0.027619282439785633,0.0050035339954949696,0.15902834443508648
PPO,circle,83,1.6600000000000001,0.31487596130729084,0.028844230790412314,0.004398505597018329,0.15526080602247103
PPO,circle,84,1.68,0.31951153792346615,0.030244345949750357,0.008257743253316309,0.14636057917469328
PPO,circle,85,1.7,0.3242827772394969,0.03166169222717118,0.010432643135636197,0.1537820365560797
PPO,circle,86,1.72,0.3295849514326413,0.03298379277065115,0.006642736370231768,0.14164617889187509
PPO,circle,87,1.74,0.33519976776076743,0.03395290299174705,0.005956079207279689,0.13122147932310949
PPO,circle,88,1.76,0.34023992409886467,0.03427915482064983,0.008717725044403773,0.13071800315129342
PPO,circle,89,1.78,0.3444766036201953,0.034172172600235196,0.010567713955765253,0.151555277943405
PPO,circle,90,1.8,0.3478499372318117,0.03417031955894772,0.007328402570710988,0.15288811412101697
PPO,circle,91,1.82,0.3507327235975478,0.03448509560221824,0.004883924512677179,0.15190934037450282
PPO,circle,92,1.84,0.35363082255117445,0.03508589784218203,0.0035540688609359363,0.1499489086085802
PPO,circle,93,1.86,0.35703648178477987,0.03595468891572923,0.0048155889283093695,0.14719167315381818
PPO,circle,94,1.8800000000000001,0.36119014610675093,0.03705515699798615,0.008363279587922379,0.1435743368257925
PPO,circle,95,1.9000000000000001,0.36611515206232675,0.03835434868320411,0.00968263951481347,0.15685067635589844
PPO,circle,96,1.92,0.371596660024431,0.03973806204587796,0.005649253422711205,0.15426677255069102
PPO,circle,97,1.94,0.37753766641663294,0.041097954979788784,0.005958490300873894,0.1530888787332497
PPO,circle,98,1.96,0.3835410621881884,0.042382151956081804,0.010646885433427377,0.153844503790476
PPO,circle,99,1.98,0.3888970144772986,0.04380711014251072,0.008231694708467989,0.16970844674429997
PPO,circle,100,2.0,0.3935152495301141,0.04534919525885701,0.006259765712556682,0.1617667086891057
PPO,circle,101,2.02,0.3983588964659483,0.046925104838349406,0.007716471063244891,0.1509933998577821
PPO,circle,102,2.04,0.4037341360647203,0.04843931734195732,0.01177593403756419,0.13724202765855031
PPO,circle,103,2.06,0.40936431190487593,0.049624715076826344,0.009185154359886963,0.147502327578931
PPO,circle,104,2.08,0.4142499361260509,0.05016364109024723,0.006704786672965384,0.14545672066017698
PPO,circle,105,2.1,0.41820011686366476,0.05033816555456209,0.006705046781512614,0.14585499548543984
PPO,circle,106,2.12,0.42116188167852103,0.050526488328717825,0.00813853883494261,0.14483494021938523
PPO,circle,107,2.14,0.42376241758081795,0.05093108285371682,0.010137703239978235,0.1431831838262287
PPO,circle,108,2.16,0.4265293000534328,0.05154872828012903,0.010958101999509572,0.1600217464953015
PPO,circle,109,2.18,0.4298317765046224,0.05238628054336302,0.008240536052209414,0.1582105160489646
PPO,circle,110,2.2,0.4338664076895877,0.05345267353673829,0.0060094239850725616,0.1556685153293123
PPO,circle,111,2.22,0.4386596971745127,0.05474070547705272,0.0066244210517229975,0.15269954772462102
PPO,circle,112,2.24,0.4439929295321706,0.056160232498778995,0.0104986482221441,0.15064098287356778
PPO,circle,113,2.2600000000000002,0.4497774334178472,0.05759858926255305,0.008936414474411443,0.17090086361959764
PPO,circle,114,2.2800000000000002,0.45558695380586894,0.05895850237819417,0.0062259840439666415,0.17343955257491278
PPO,circle,115,2.3000000000000003,0.46073176200013327,0.060435767998604555,0.008111064282013358,0.1715215605866522
PPO,circle,116,2.32,0.4652508289084493,0.061976236018063575,0.011878281025180083,0.16385114413666158
PPO,circle,117,2.34,0.4700225553214342,0.06356013135345893,0.009644054288775312,0.17552254097137776
PPO,circle,118,2.36,0.47532900370803793,0.0651271824942501,0.007631431681204703,0.16323926180809173
PPO,circle,119,2.38,0.48082178275641957,0.0663998017876822,0.00898294110365438,0.1525906139924288
PPO,circle,120,2.4,0.485501320296981,0.06707181869273954,0.011927642811865398,0.15030138435532497
PPO,circle,121,2.42,0.48919851950675536,0.06744505851359966,0.010013705344606312,0.17114256317964813
PPO,circle,122,2.44,0.4918988499954045,0.06784210701687976,0.007914934546588434,0.16840178251849725
PPO,circle,123,2.46,0.4943015525811981,0.06841097039231991,0.00663021273484333,0.16432462392166458
PPO,circle,124,2.48,0.4969454423675723,0.06917472493764487,0.006257709466226313,0.16038230832276051
PPO,circle,125,2.5,0.5001594622962149,0.07015249566761776,0.007377014702652368,0.15702922088567117
PPO,circle,126,2.52,0.5041099322176882,0.07135291380258182,0.010201866075919093,0.1537823634576161
PPO,circle,127,2.54,0.5088110039034209,0.07275819759507425,0.010618375087896141,0.17144643289928463
PPO,circle,128,2.56,0.5140379130695067,0.07425821515026076,0.007373477774251184,0.17008856126390526
PPO,circle,129,2.58,0.5197318621642476,0.07575539617922362,0.007485642078196495,0.17075247320418324
PPO,circle,130,2.6,0.5255005868989191,0.07716959354318434,0.011251851677891556,0.17384458289332744
PPO,circle,131,2.62,0.5306705843450136,0.07867497625096619,0.00934504049996617,0.19390163266995913
PPO,circle,132,2.64,0.5351249329892109,0.08022922067954953,0.007259615061231344,0.18822058007249454
PPO,circle,133,2.66,0.5397940197273962,0.08184609480174367,0.007999638130340244,0.17991574644452368
PPO,circle,134,2.68,0.5450028644442426,0.08349179195399098,0.011452641641344794,0.16826810646411117
PPO,circle,135,2.7,0.5504537134300499,0.08490529788163444,0.009924337862713932,0.17963993623011137
PPO,circle,136,2.72,0.5551997568935724,0.08570745074564305,0.007069944248356533,0.17688106837768408
PPO,circle,137,2.74,0.5590655552975531,0.08621488678256294,0.0065410531723547735,0.17563425360742463
PPO,circle,138,2.7600000000000002,0.5619275520739203,0.08678326477206044,0.007729459515781524,0.17183227644021176
PPO,circle,139,2.7800000000000002,0.5644216254469399,0.08754042218247898,0.009615544130724478,0.16693785038851827
PPO,circle,140,2.8000000000000003,0.5671028829641545,0.08848731308675917,0.01204607057014839,0.16205387546334285
PPO,circle,141,2.82,0.57030205325147,0.08965054557570941,0.009576963070376076,0.17802133068326068
PPO,circle,142,2.84,0.574189013554793,0.09103961932914993,0.0072293430627605815,0.1741416489556757
PPO,circle,143,2.86,0.5787944804988655,0.09264217202568195,0.007001010405040134,0.17011463958432327
PPO,circle,144,2.88,0.5839270456262993,0.09435603498025669,0.010008215697874079,0.16744408805726468
PPO,circle,145,2.9,0.5895139295235272,0.09607423134349999,0.01044001209749332,0.18843159542591204
PPO,circle,146,2.92,0.5952474828912151,0.09770268811449065,0.007001798176122177,0.19140782384306892
PPO,circle,147,2.94,0.6004781730556638,0.09937732621510549,0.007688497758812688,0.19035630397587372
PPO,circle,148,2.96,0.6049305878844803,0.10104964854107673,0.010941964143285347,0.1839657259151501
PPO,circle,149,2.98,0.6095802844705933,0.10275525248480828,0.010486778840556148,0.19776303457855088
PPO,circle,150,3.0,0.6147867221198781,0.10449767319401844,0.00758523711603783,0.18788949602162233
PPO,circle,151,3.02,0.6202446485873274,0.10601801546971969,0.007900341815387452,0.1784892542366504
PPO,circle,152,3.04,0.625020977799065,0.10688910172131345,0.01054403757499056,0.1772190284984163
PPO,circle,153,3.06,0.6289293885613357,0.10740316496114913,0.010346867670480172,0.19710093322312233
PPO,circle,154,3.08,0.6318868936434995,0.10797935861329767,0.007738118560490149,0.1940907383948678
PPO,circle,155,3.1,0.6344469788834141,0.10879603772654167,0.006011206398849864,0.18962052070497698
PPO,circle,156,3.12,0.6371250131600927,0.1098529720918902,0.005362384068229152,0.1847009386904162
PPO,circle,157,3.14,0.6402914576395639,0.11118582942957395,0.006517083201220531,0.17962501621021332
PPO,circle,158,3.16,0.6441411932361537,0.11279858185991577,0.009530078993818861,0.17435588624086873
PPO,circle,159,3.18,0.6487011262795275,0.11466932988960896,0.01054076489063709,0.1891585548358581
PPO,circle,160,3.2,0.6537828882821983,0.11666644648307657,0.007112057788591466,0.18584162183224306
PPO,circle,161,3.22,0.659336735925849,0.1186840080082204,0.0070896182256955384,0.18430727034625446
PPO,circle,162,3.24,0.665051808106801,0.1206364812680941,0.010981356232557629,0.18532984672177197
PPO,circle,163,3.2600000000000002,0.6702283291034419,0.12262590484757768,0.009241729123768356,0.2
PPO,circle,164,3.2800000000000002,0.674586783454616,0.12459616494527836,0.007169157031191786,0.19569744350293686
PPO,circle,165,3.3000000000000003,0.6791200027901089,0.12660190662116028,0.007991831286957492,0.1866624008041473
PPO,circle,166,3.3200000000000003,0.6841970663959627,0.12863458379954126,0.01148305105423048,0.1749976194871875
PPO,circle,167,3.34,0.6895772839292921,0.13044426214633023,0.009821358372826518,0.1862310808731291
PPO,circle,168,3.36,0.6943482578744011,0.131544548855296,0.006907045795758133,0.18435651935185415
PPO,circle,169,3.38,0.6983151033011461,0.13218843037735367,0.0063379492515820614,0.18431873516981867
PPO,circle,170,3.4,0.7013765747191628,0.1328737021193545,0.007684152593800271,0.18195836423562997
PPO,circle,171,3.42,0.7039821989865608,0.1337933148591492,0.009790225749759608,0.17803047469135203
PPO,circle,172,3.44,0.7066372783237679,0.1349451121045149,0.011363915620584746,0.1922929201257888
PPO,circle,173,3.46,0.7097446156504844,0.13638217975850184,0.008705838965896842,0.1876751997517859
PPO,circle,174,3.48,0.7135104846026692,0.13812591373119504,0.006525267620954992,0.18252859425483434
PPO,circle,175,3.5,0.7179622202550744,0.1401586241292581,0.006881079970314826,0.17735926770089938
PPO,circle,176,3.52,0.7229473164396387,0.14235204059940149,0.010393872967384924,0.17329185030644134
PPO,circle,177,3.54,0.728371521716461,0.14457756314037395,0.009762566780725537,0.19233320674453258
PPO,circle,178,3.56,0.7340192985403691,0.14674728332077971,0.006754623260982275,0.19351719445706794
PPO,circle,179,3.58,0.7391798249114558,0.1488908573993768,0.008171980999381035,0.19104324924984095
PPO,circle,180,3.6,0.743389892823731,0.15095257040573365,0.011682712024390514,0.18343284362581658
PPO,circle,181,3.62,0.7477418969232915,0.15301974508242489,0.010086531201299861,0.19682897770341778
PPO,circle,182,3.64,0.7526723637949395,0.15512850503170691,0.007642515749368832,0.1870862399465906
PPO,circle,183,3.66,0.7579450272671823,0.15704134530308692,0.008361520887107093,0.17774031962134854
PPO,circle,184,3.68,0.7627093592688556,0.1582413310517306,0.011140617232432268,0.17724854176797977
PPO,circle,185,3.7,0.7667217472844517,0.15892741652083572,0.009770977133401262,0.19898081183379945
PPO,circle,186,3.72,0.769912185231553,0.15964428724821458,0.006956639702438388,0.1978956391315062
PPO,circle,187,3.74,0.7726023506119696,0.16059923448987892,0.005278832606561587,0.1948026216888663
PPO,circle,188,3.7600000000000002,0.7752566183168834,0.16182106490144166,0.005130333400246411,0.19072342511853357
PPO,circle,189,3.7800000000000002,0.7783296929583675,0.16338832464553518,0.006917525149964263,0.18578592612225286
PPO,circle,190,3.8000000000000003,0.7820515911765734,0.16531791425498624,0.010311804729503778,0.18019677384905142
PPO,circle,191,3.8200000000000003,0.7864557070316347,0.1675733403002357,0.009439682822408058,0.19418912203214234
PPO,circle,192,3.84,0.7913886291227545,0.17000427157293324,0.006481420407178997,0.19011324446728572
PPO,circle,193,3.86,0.796784883463806,0.17249334401017685,0.007562593294143781,0.1874827843617988
PPO,circle,194,3.88,0.8024032839954532,0.17495841576804058,0.012063444786993713,0.1871932328335888
PPO,circle,195,3.9,0.8074931646735893,0.17739861175821828,0.008248691897035056,0.2
PPO,circle,196,3.92,0.811603018613295,0.17974414795352328,0.007011991748393496,0.19554870978441496
PPO,circle,197,3.94,0.8158366717805144,0.18211541413771715,0.008705019161567424,0.18554428111610252
PPO,circle,198,3.96,0.8206474910510797,0.1845410612289507,0.012536109075831536,0.1732151785147643
PPO,circle,199,3.98,0.8258342743880908,0.1867638848114107,0.009274088189604344,0.184438826075066
PPO,circle,200,4.0,0.830560588267022,0.18822429201428326,0.006936794986568209,0.1828078160173794
PPO,circle,201,4.0200000000000005,0.8345805529853094,0.1891164165734324,0.007027945446450285,0.18361448814958034
PPO,circle,202,4.04,0.8378154665181632,0.19003355891505475,0.008840405188155182,0.18266849005441899
PPO,circle,203,4.0600000000000005,0.8405118822787404,0.19115346080371015,0.011211440423338619,0.17945996610541168
PPO,circle,204,4.08,0.8431371320349167,0.19251107948875257,0.009870764284899108,0.19419395575244827
PPO,circle,205,4.1,0.8461458436242765,0.19419905128459736,0.0074740111483572996,0.1895303614261986
PPO,circle,206,4.12,0.8497683706544945,0.19625936470193855,0.006138931959693177,0.18404561665477712
PPO,circle,207,4.14,0.8540439586282982,0.1986604731009596,0.007775364344111479,0.1783799970957034
PPO,circle,208,4.16,0.8588621242815335,0.20125543848723193,0.011893572044409115,0.1736790434967883
PPO,circle,209,4.18,0.864104878596719,0.2038974716582873,0.008631933950022184,0.19240470844527102
PPO,circle,210,4.2,0.8696375453339708,0.2065206893072421,0.006858386720280184,0.1929082616933898
PPO,circle,211,4.22,0.8747489402604094,0.2090659025606756,0.009512165640600714,0.19106872997974955
PPO,circle,212,4.24,0.8788228335358909,0.21149748518452752,0.01203489399822181,0.2
PPO,circle,213,4.26,0.8829574575860647,0.2138732313479664,0.008967619596778357,0.19632918198210347
PPO,circle,214,4.28,0.8876852616591449,0.21627742816419676,0.007616289689811614,0.1867989288238845
PPO,circle,215,4.3,0.8928159711050776,0.21850363881103899,0.009493413400309559,0.17835549674532025
PPO,circle,216,4.32,0.8975708346011176,0.21999681554386452,0.011882586851470577,0.1993926471484494
PPO,circle,217,4.34,0.9016269794772006,0.22087429088494523,0.008054189702911363,0.2
PPO,circle,218,4.36,0.9049276307861532,0.22169438802304392,0.005366806430498819,0.2
PPO,circle,219,4.38,0.907698522048201,0.2227331784251504,0.004368995150687853,0.2
PPO,circle,220,4.4,0.9102991113676578,0.22405871930699006,0.005434729051882074,0.2
PPO,circle,221,4.42,0.9132379266653827,0.22579972212083074,0.008077339397319765,0.19709093830997737
PPO,circle,222,4.44,0.9167870687083083,0.2279987440544767,0.011235197539462784,0.2
PPO,circle,223,4.46,0.920992906100435,0.23060605145112842,0.007381132903452704,0.2
PPO,circle,224,4.48,0.92572527144937,0.23346158069771944,0.005612291061099602,0.1987458941715925
PPO,circle,225,4.5,0.9309018703859199,0.23641641613209785,0.008577488712560017,0.19509780014621025
PPO,circle,226,4.5200000000000005,0.9363474906375139,0.2393848300952169,0.010274053110105272,0.2
PPO,circle,227,4.54,0.941308297356318,0.242274567090829,0.00665699354652959,0.2
PPO,circle,228,4.5600000000000005,0.9452022321319137,0.24503934168083089,0.006999961559999391,0.19939154681898807
PPO,circle,229,4.58,0.9491366676724429,0.247774657305325,0.009946756193658405,0.1876338591804002
PPO,circle,230,4.6000000000000005,0.953678966198168,0.25057710134904815,0.011546974177165584,0.19650723714042284
PPO,circle,231,4.62,0.9586507553867918,0.2532261393729802,0.00808300476676525,0.1849884852447986
PPO,circle,232,4.64,0.9632726730243829,0.25508020477804383,0.007092416059310496,0.18268473924983608
PPO,circle,233,4.66,0.9672169199114903,0.25619385556349394,0.008305602613612038,0.18447039560499753
PPO,circle,234,4.68,0.9704542595741426,0.2572190939480442,0.010555208492135901,0.1851988279796789
PPO,circle,235,4.7,0.9731525168115875,0.2584019965093284,0.010147268750245592,0.2
PPO,circle,236,4.72,0.9756862144968471,0.25981696364535756,0.007741735007356981,0.19955055153751278
PPO,circle,237,4.74,0.9785369723897654,0.2616205156960197,0.005741568106776154,0.19549019241282742
PPO,circle,238,4.76,0.9819497222178414,0.26387999745314067,0.0056301861932837385,0.19027589065955175
PPO,circle,239,4.78,0.9859709914649253,0.2665659601657241,0.008578383636252416,0.18445863889870695
PPO,circle,240,4.8,0.9905134446470083,0.2695290321921633,0.01102276807321318,0.1989488395108041
PPO,circle,241,4.82,0.995473887887359,0.2725963325620008,0.007121045599192486,0.19586195791706562
PPO,circle,242,4.84,1.0007470398479796,0.27570420442850174,0.006922804803603632,0.1947072137416045
PPO,circle,243,4.86,1.005634196067443,0.2787311744026049,0.010729937871533896,0.19172254934716682
PPO,circle,244,4.88,1.0094910358911746,0.2816246640714874,0.01036256486501975,0.2
PPO,circle,245,4.9,1.0133600247781576,0.284438754742459,0.00801859011591318,0.1935092945854231
PPO,circle,246,4.92,1.0177883540796187,0.28729939414658834,0.008084632839718619,0.1818500572575932
PPO,circle,247,4.94,1.0226541574859638,0.2900206453677691,0.011022875455252566,0.17133119075342063
PPO,circle,248,4.96,1.0272499756379074,0.29200993835081035,0.010513337296726205,0.1906914731319398
PPO,circle,249,4.98,1.0311760720215297,0.2932326707835828,0.00710576826681331,0.1936886492956148
PPO,circle,250,5.0,1.0343138800006233,0.29423325328973254,0.005197156650771491,0.19619343780838971
PPO,circle,251,5.0200000000000005,1.0369146942780043,0.2954008436535979,0.005233030469198696,0.1957309391180789
PPO,circle,252,5.04,1.039307379587641,0.29682809735290727,0.006828677807558476,0.19303909489794757
PPO,circle,253,5.0600000000000005,1.0420039105068302,0.2986911581529016,0.009548741286985931,0.18874174166996582
PPO,circle,254,5.08,1.045282841431086,0.301049774244469,0.01020425434168615,0.2
PPO,circle,255,5.1000000000000005,1.0491913982595051,0.303859696343227,0.00683671518217292,0.19661223398257732
PPO,circle,256,5.12,1.0536226414626184,0.30697701733700805,0.00607786869044724,0.1917920268901514
PPO,circle,257,5.14,1.0584698677814544,0.3102331662744319,0.009520922128741801,0.18834429809397069
PPO,circle,258,5.16,1.0636218098760382,0.3135474584401039,0.009698866629245765,0.2
PPO,circle,259,5.18,1.0683772788873407,0.3167529723358792,0.006560878016689586,0.2
PPO,circle,260,5.2,1.0720982362863691,0.3198084130268117,0.007539886131694663,0.19522231720906158
PPO,circle,261,5.22,1.0757978114297007,0.3228067774244288,0.010756924614039896,0.183270602987614
PPO,circle,262,5.24,1.0800088608567675,0.32586681189779176,0.011093795917188362,0.19256124347806125
PPO,circle,263,5.26,1.0846801782208444,0.32883100338121507,0.008051206168824791,0.18101912285989807
PPO,circle,264,5.28,1.0891480686083779,0.33107911043715654,0.007575185432882944,0.17738628588623018
PPO,circle,265,5.3,1.0929911167557547,0.3325144703365842,0.009054518534221654,0.1796676120846492
PPO,circle,266,5.32,1.096057980142317,0.33366214363375724,0.011216442247780595,0.18212166264337656
PPO,circle,267,5.34,1.0985978956537163,0.3349371584584448,0.009820287442005585,0.2
PPO,circle,268,5.36,1.1009283732205044,0.3364366463799697,0.007579836292202859,0.19759992052570166
PPO,circle,269,5.38,1.1035438661626433,0.3383616658252212,0.005783250217866459,0.19353562084568376
PPO,circle,270,5.4,1.1067162821009207,0.34079199512872616,0.00580381126187645,0.18856239192067292
PPO,circle,271,5.42,1.1104924640167508,0.3436948352194633,0.008704873027972395,0.18321843564197993
PPO,circle,272,5.44,1.114783057025034,0.3469290511992605,0.011031552504809986,0.19833566627317478
PPO,circle,273,5.46,1.1194801843038533,0.35030819014849446,0.007164874238345078,0.19553225691459056
PPO,circle,274,5.48,1.1245041261980173,0.3537676844359443,0.0069327585291664995,0.19429504687134513
PPO,circle,275,5.5,1.129163429489978,0.3571240162984384,0.010701592503054157,0.19161721958804723
PPO,circle,276,5.5200000000000005,1.1328264502736594,0.3603500673929704,0.010372966035482342,0.2
PPO,circle,277,5.54,1.1364343054449306,0.3634897663757512,0.008109181220190621,0.19299306150974968
PPO,circle,278,5.5600000000000005,1.140521186682785,0.36668744634313516,0.0082389298099705,0.18042213206138302
PPO,circle,279,5.58,1.1450871241642193,0.36981151351636465,0.011131984225529237,0.16892598997861863
PPO,circle,280,5.6000000000000005,1.149531824143077,0.3722633615036034,0.010792855970310386,0.18701703262113512
PPO,circle,281,5.62,1.1533761894994312,0.3738867086828485,0.0074725011034288595,0.18922289016904537
PPO,circle,282,5.64,1.15637129167305,0.37511474729758215,0.0056937125532183636,0.1913244410267172
PPO,circle,283,5.66,1.158835874307647,0.3764506113657489,0.005687215661553117,0.19052145510656435
PPO,circle,284,5.68,1.1610753472601856,0.37801400004646707,0.007122479364648002,0.18774749157695703
PPO,circle,285,5.7,1.1635773566414207,0.3800149128991722,0.009667722829080549,0.18356501109090928
PPO,circle,286,5.72,1.1666262419110374,0.3825350691526631,0.010661601293694228,0.19768849753645193
PPO,circle,287,5.74,1.170273727905661,0.3855319836829871,0.0073719180178092895,0.19294262522624295
PPO,circle,288,5.76,1.1744273871398456,0.38887375229560817,0.006344701676449004,0.18868919504056714
PPO,circle,289,5.78,1.1789792578236082,0.39238643467067896,0.00934461923989747,0.18581323104536843
PPO,circle,290,5.8,1.1838523275479393,0.39599614565409286,0.010315270746501773,0.2
PPO,circle,291,5.82,1.188374110053804,0.3994851091919086,0.006949494206698618,0.2
PPO,circle,292,5.84,1.1919062477758504,0.4028129850164449,0.007521393294835192,0.19489983751588302
PPO,circle,293,5.86,1.195357894880885,0.4060599029138908,0.010490737319195668,0.1825742520294733
PPO,circle,294,5.88,1.199270073460859,0.4093851303936978,0.011709160418714988,0.19188383257133124
PPO,circle,295,5.9,1.2036760295738687,0.41267002804235353,0.00848868795331084,0.1804739516276519
PPO,circle,296,5.92,1.2079974828987894,0.4152986054536517,0.007630464232812575,0.17596252356065947
PPO,circle,297,5.94,1.2117737558217117,0.41707222864584786,0.008861279799068844,0.17804611681869242
PPO,circle,298,5.96,1.21472189989825,0.4184065946235392,0.010841712775800262,0.180585655989417
PPO,circle,299,5.98,1.2171379574287886,0.4198212175233876,0.010487132264968958,0.19904952500597028
PPO,circle,300,6.0,1.2193194303805714,0.4214396482367371,0.008244117886358,0.1965967535310036
PPO,circle,301,6.0200000000000005,1.2217429570312133,0.42350047439141697,0.006309989041982257,0.1926204035705783
PPO,circle,302,6.04,1.2246860365054824,0.4261061080825715,0.0058206205704357935,0.18775618437830843
PPO,circle,303,6.0600000000000005,1.228201972270673,0.42922384032594885,0.008208426502026666,0.18262535184880413
PPO,circle,304,6.08,1.2322164177670318,0.4327187640996058,0.011901678417228763,0.19813287133879376
PPO,circle,305,6.1000000000000005,1.2366244865787102,0.43639599441057175,0.007799828360674267,0.19546667515718985
PPO,circle,306,6.12,1.241369277834794,0.44019402203242763,0.006744929269610392,0.19418777170793122
PPO,circle,307,6.140000000000001,1.2458007547044647,0.44387441631296365,0.010024706655548964,0.1919413865424835
PPO,circle,308,6.16,1.2492532795128297,0.4474120086093081,0.011156253994995133,0.2
PPO,circle,309,6.18,1.252586799587383,0.4508775382401114,0.008667013019010376,0.19342897393549174
PPO,circle,310,6.2,1.2563390929180527,0.4544390216776702,0.008356232545411475,0.1798724147807802
PPO,circle,311,6.22,1.2605805700227268,0.45800255315826904,0.010864605730664893,0.16654882925973102
PPO,circle,312,6.24,1.2648152074713257,0.4609501095960279,0.011820796475784117,0.18276217079844748
PPO,circle,313,6.26,1.268500227983908,0.462961887065181,0.008505750448869878,0.18367820053673678
PPO,circle,314,6.28,1.2713936630382676,0.4644607999307442,0.006594833431866422,0.1856970823544035
PPO,circle,315,6.3,1.2737587117464415,0.4659917889814243,0.006243246010196651,0.18476893593696775
PPO,circle,316,6.32,1.2758714759982253,0.4677008725576809,0.007294409833416417,0.1820029077080143
PPO,circle,317,6.34,1.2781948706252968,0.46983613613853364,0.009520904104035482,0.17798447881863286
PPO,circle,318,6.36,1.2810120524166728,0.472501256879987,0.011777633947581214,0.19342713347167415
PPO,circle,319,6.38,1.2843829702896998,0.47566253913157486,0.008501106228963868,0.1890039013967877
PPO,circle,320,6.4,1.2882444981860064,0.47920077534206096,0.0069109050801825014,0.18507486394419925
PPO,circle,321,6.42,1.2924812047241099,0.48293076751067615,0.00901244772798358,0.18259968398260296
PPO,circle,322,6.44,1.2970650664502812,0.48680219240344835,0.01160013429257055,0.2
PPO,circle,323,6.46,1.301408220597749,0.4905479631003705,0.007823122493467794,0.2
PPO,circle,324,6.48,1.3048178943737627,0.494143193099902,0.007608425624364495,0.1961213114259992
PPO,circle,325,6.5,1.308065983773994,0.4976566127788622,0.010108393207046245,0.18437927656460573
PPO,circle,326,6.5200000000000005,1.3116828896470023,0.5012838761176107,0.012749899205590673,0.1938459314673231
PPO,circle,327,6.54,1.3157925876825312,0.5049635053650593,0.009355697706654838,0.18101423248750237
PPO,circle,328,6.5600000000000005,1.3199347963831876,0.508058684687617,0.008056580221010147,0.1741570284877354
PPO,circle,329,6.58,1.3235394174139665,0.5101950682001133,0.00886574496313632,0.1754800074183409
PPO,circle,330,6.6000000000000005,1.3262726291047509,0.5117389573672204,0.010526628213265088,0.1777340164647594
PPO,circle,331,6.62,1.328504120748442,0.5133233410617899,0.011750910164574909,0.19644237302045142
PPO,circle,332,6.640000000000001,1.330502585932837,0.515073974177742,0.00958045478224755,0.19329739667885826
PPO,circle,333,6.66,1.3327029706526132,0.5172488734960888,0.007616817328185559,0.18895408319653884
PPO,circle,334,6.68,1.3353806655420788,0.5199685889024247,0.0065889339580206905,0.18413389524530221
PPO,circle,335,6.7,1.338597876415881,0.5232030139446721,0.007992284027622216,0.17943062006538416
PPO,circle,336,6.72,1.3422976668249071,0.5268350214673952,0.011698141792395481,0.17559878118713
PPO,circle,337,6.74,1.3463699986613324,0.530675891648326,0.009284655260191151,0.1949199575048688
PPO,circle,338,6.76,1.3507987446493819,0.5346717921640458,0.007051429359838382,0.19471460523924633
PPO,circle,339,6.78,1.3549964667771204,0.5385412282902922,0.009072594272036862,0.19396327415405626
PPO,circle,340,6.8,1.3582764541118366,0.5422467597401476,0.012745266598468568,0.2
PPO,circle,341,6.82,1.3613840442037357,0.5458685715855268,0.00976854638764402,0.1981523738903992
PPO,circle,342,6.84,1.3648250886606164,0.5496081120787898,0.008433960822889715,0.18525001680913045
PPO,circle,343,6.86,1.3687609663531595,0.5534377200380775,0.009890869015105287,0.17176761172854027
PPO,circle,344,6.88,1.372785720919328,0.5567267654610945,0.013072174444578174,0.16441645872737531
PPO,circle,345,6.9,1.3763251373164371,0.5590439744957079,0.009834644082011788,0.18788121681659775
PPO,circle,346,6.92,1.3790536640976152,0.5607321146094802,0.007497508302189465,0.18960511297590799
PPO,circle,347,6.94,1.381276181668074,0.5624257526026937,0.00640264367464665,0.18806138089867552
PPO,circle,348,6.96,1.383246920089251,0.5642704517762962,0.006676456225959918,0.18491304439618636
PPO,circle,349,6.98,1.3853898269032654,0.566535840195539,0.008321229657342239,0.18074391917718668
PPO,circle,350,7.0,1.3879835051544414,0.5693466385950132,0.011253384540468713,0.17607193512989605
PPO,circle,351,7.0200000000000005,1.3910978631745883,0.5726759567938332,0.010078067404176355,0.19276898352618807
PPO,circle,352,7.04,1.394679925955519,0.5764003913326343,0.007393623040066911,0.18958811423818478
PPO,circle,353,7.0600000000000005,1.398628240635373,0.5803452280856742,0.007900523469578376,0.18749479945838265
PPO,circle,354,7.08,1.4029187221546726,0.5844732971813635,0.011737528299334573,0.18721928804158727
PPO,circle,355,7.1000000000000005,1.4069765161553327,0.5884807768645667,0.009128743234601729,0.2
PPO,circle,356,7.12,1.4101158279531467,0.5922953710241156,0.0075542383948264975,0.2
PPO,circle,357,7.140000000000001,1.4130724421036862,0.5960225264399026,0.008899402379329232,0.19055352594169306
PPO,circle,358,7.16,1.4163553134064373,0.599891105524204,0.012252562191386238,0.176690178888959
PPO,circle,359,7.18,1.4201331435307596,0.6038674789358305,0.010748407178681588,0.18639118745832706
PPO,circle,360,7.2,1.4240078053689291,0.6073022050368534,0.008279083908097036,0.17853106139859176
PPO,circle,361,7.22,1.4274077062296313,0.6097176249293043,0.00791036716511092,0.179112695907105
PPO,circle,362,7.24,1.4300301200819545,0.6114552433735926,0.008915692326504134,0.18098835976654826
PPO,circle,363,7.26,1.432163779747653,0.6131904665753594,0.010704129058897928,0.17982154593296795
PPO,circle,364,7.28,1.43404923782237,0.6150677144931896,0.011625626709257174,0.19709751001800635
PPO,circle,365,7.3,1.4360907958525533,0.6173598534538448,0.009296590121963906,0.19321879214608728
PPO,circle,366,7.32,1.4385600815384927,0.6202167357351717,0.007286521943744997,0.18858516848388507
PPO,circle,367,7.34,1.441524701436196,0.6236244613196282,0.007104990711777342,0.1840145916221263
PPO,circle,368,7.36,1.4449363488029332,0.6274683696442664,0.009820417213645542,0.18026793103523753
PPO,circle,369,7.38,1.4486966817321183,0.631553151367233,0.011186939503601764,0.19937273210204354
PPO,circle,370,7.4,1.4528134058065587,0.6358367074633164,0.007583199508910305,0.1990874859212326
PPO,circle,371,7.42,1.4567730916174022,0.640015607853153,0.007738237396002471,0.19863746836804275
PPO,circle,372,7.44,1.4598458983388236,0.6439889544338792,0.011093891281059951,0.19211965758846847
PPO,circle,373,7.46,1.4626667664424546,0.6478530016438164,0.011403781419074348,0.2
PPO,circle,374,7.48,1.4657627344190165,0.6518816666448979,0.009046462628068096,0.1891766747518406
PPO,circle,375,7.5,1.4693529785184372,0.6560805734859559,0.009109735738952997,0.17417041360993268
PPO,circle,376,7.5200000000000005,1.473097036204438,0.6597931239393741,0.011550922889617671,0.16438917329918268
PPO,circle,377,7.54,1.476413580684375,0.6624261930063564,0.011828565682828215,0.18668831609122918
PPO,circle,378,7.5600000000000005,1.4789500760211767,0.6643067520606684,0.009222721914858742,0.18818885237643146
PPO,circle,379,7.58,1.4810033587033655,0.6661446086804598,0.007524968244278967,0.1862789142211867
PPO,circle,380,7.6000000000000005,1.4828047524925108,0.6680896510208764,0.006849632997481949,0.1829399188363683
PPO,circle,381,7.62,1.4847438828535695,0.6704413563793341,0.0074516536277596445,0.17884522520610036
PPO,circle,382,7.640000000000001,1.487082703190202,0.6733456673575351,0.009587559064452907,0.17436429048439248
PPO,circle,383,7.66,1.4898993316031865,0.6767973209035782,0.012490592572151836,0.19149663048711196
PPO,circle,384,7.68,1.4931602076312924,0.6806917151707825,0.009012233330772536,0.188281329295368
PPO,circle,385,7.7,1.4967580038235926,0.6848343494494472,0.007543339362622537,0.18618116384876715
PPO,circle,386,7.72,1.5007071614510141,0.6892057932460294,0.009802308861788026,0.1859892543754762
PPO,circle,387,7.74,1.5045746826796256,0.6935122312154285,0.011432825357939885,0.2
PPO,circle,388,7.76,1.507607977509756,0.6975945955418537,0.008558896487130199,0.2
PPO,circle,389,7.78,1.5102785690180804,0.70154176962149,0.008351891772142881,0.1929317594319373
PPO,circle,390,7.8,1.513190580339219,0.7057094303238761,0.010717183664539217,0.17867160016437755
PPO,circle,391,7.82,1.5165971540359875,0.7101441499280473,0.012918510900027762,0.1863726328638602
PPO,circle,392,7.84,1.5202223075927752,0.7142005291412981,0.009685037821896484,0.17465052151021787
PPO,circle,393,7.86,1.5234529053477877,0.7171293401255792,0.008371367857206049,0.1725406953121973
PPO,circle,394,7.88,1.5259481062973024,0.7192826303328885,0.008720091877327954,0.17253320272575756
PPO,circle,395,7.9,1.5279825532103308,0.7213484343795132,0.010154442336818796,0.16973661985111987
PPO,circle,396,7.92,1.5297489038178353,0.7234296128047882,0.01213038537999275,0.1663257484223013
PPO,circle,397,7.94,1.5316197765377892,0.7258358539523729,0.011387417145779203,0.1848080325720125
PPO,circle,398,7.96,1.5338464456800487,0.7287381053794949,0.009146517748263295,0.18105149580768232
PPO,circle,399,7.98,1.5365024601597401,0.7321769028856308,0.007971941167890977,0.17685654344674148
PPO,circle,400,8.0,1.539573918549993,0.7360876453349182,0.00928615387548528,0.17312822070211786
PPO,circle,401,8.02,1.5429487557499821,0.7402559980199417,0.012839673575215881,0.1709690617301847
PPO,circle,402,8.040000000000001,1.5466796637780984,0.7446707311375786,0.009533528362042432,0.19440558959134543
PPO,circle,403,8.06,1.5504857018020808,0.7490828860633887,0.007842199892389412,0.19695139791887864
PPO,circle,404,8.08,1.5536830193133366,0.7532950767294554,0.009938541652611533,0.1939961354712405
PPO,circle,405,8.1,1.5562979993288188,0.7572280519316,0.0132613518724582,0.2
PPO,circle,406,8.120000000000001,1.5590975902122512,0.7614456299864606,0.010249101112200041,0.19550845020508456
PPO,circle,407,8.14,1.562400306227763,0.7660457912720532,0.00909721873297437,0.18007873140999475
PPO,circle,408,8.16,1.5659810014008004,0.7704388459136406,0.010880085310445249,0.16712228591246614
PPO,circle,409,8.18,1.569242716470154,0.7737523797035649,0.013237817244694536,0.18729469292491063
PPO,circle,410,8.2,1.5718146374519308,0.7761747202543856,0.01036634511117636,0.18659025360308346
PPO,circle,411,8.22,1.5737348843345829,0.7782506263081361,0.008599424078960475,0.18308929424635756
PPO,circle,412,8.24,1.575368812009481,0.7802701519364479,0.0077348974893952935,0.17919213863710293
PPO,circle,413,8.26,1.577082041855698,0.7825461899596201,0.007834495383845369,0.17542704384260266
PPO,circle,414,8.28,1.579109217734502,0.7853031678780789,0.00923513902875704,0.17196556724368886
PPO,circle,415,8.3,1.5815374245020999,0.7886227496869935,0.012048589166232465,0.1684408940205444
PPO,circle,416,8.32,1.584378942915452,0.7924852793730854,0.010567303842939496,0.18771440486594626
PPO,circle,417,8.34,1.5875618157471307,0.7967191010583005,0.00813164469072621,0.18533262594437042
PPO,circle,418,8.36,1.5910372832838002,0.8011854345335494,0.008829990993361769,0.18449087342300466
PPO,circle,419,8.38,1.5947613033711705,0.8058238859641768,0.012570816381788514,0.18651303084297854
PPO,circle,420,8.4,1.598249584782113,0.8103050716288548,0.009242318675923308,0.2
PPO,circle,421,8.42,1.6009548204946118,0.814287363556022,0.007787363418496433,0.2
PPO,circle,422,8.44,1.6037282849025933,0.818210551017388,0.008985188119418666,0.19547956222299967
PPO,circle,423,8.46,1.6070014293449857,0.8224287769872659,0.012388392921276607,0.18701388292551727
PPO,circle,424,8.48,1.610678508000881,0.8267208124544834,0.009206701084765139,0.2
PPO,circle,425,8.5,1.6142274838005537,0.8301266221690302,0.006472326271739336,0.2
PPO,circle,426,8.52,1.6174096112026943,0.8327175612073612,0.006250390206840927,0.2
PPO,circle,427,8.540000000000001,1.6199082017227913,0.8349909991247264,0.008014248675678626,0.2
PPO,circle,428,8.56,1.6218272539234562,0.8372397518265199,0.010445748897873449,0.2
PPO,circle,429,8.58,1.623516895328139,0.8396726980973164,0.009624052357076163,0.2
PPO,circle,430,8.6,1.6253280807198904,0.8425963733035408,0.006919323407976164,0.2
PPO,circle,431,8.620000000000001,1.6274526762285297,0.846157664488089,0.005107084916003203,0.2
PPO,circle,432,8.64,1.629952282960013,0.8503451608385536,0.0066667591883153516,0.2
PPO,circle,433,8.66,1.6328104398856542,0.8549980664662596,0.010988575822111579,0.19554356551761343
PPO,circle,434,8.68,1.635976788677297,0.8599115681563559,0.008258985063056066,0.2
PPO,circle,435,8.700000000000001,1.6394438886857527,0.865044211145823,0.006052817311568175,0.2
PPO,circle,436,8.72,1.6427062588441481,0.8699997065882518,0.008898899999699129,0.2
PPO,circle,437,8.74,1.6451293761331316,0.8745933895562185,0.011546976668571907,0.2
PPO,circle,438,8.76,1.6474845337806017,0.8790394309884797,0.008517770899980435,0.2
PPO,circle,439,8.78,1.6502433768829692,0.8836826885540499,0.007719851546663218,0.19428985395775444
PPO,circle,440,8.8,1.6534967963194114,0.8884526960811078,0.010235976486539877,0.18159789287912376
PPO,circle,441,8.82,1.6568639572074326,0.8925113168623067,0.011331363706726426,0.1974737360348091
PPO,circle,442,8.84,1.6599442533312736,0.8954215847523266,0.007733292664539163,0.1998423567337586
PPO,circle,443,8.86,1.662359191835059,0.8975507160475542,0.0055346077495423245,0.2
PPO,circle,444,8.88,1.664256879430996,0.8996014559240634,0.00498643402076569,0.2
PPO,circle,445,8.9,1.6658533018670882,0.9017797900239009,0.006097362507982665,0.2
PPO,circle,446,8.92,1.667503482079152,0.9044509841766241,0.00849645434920918,0.1982235906478054
PPO,circle,447,8.94,1.6694417894740419,0.9077959269626398,0.01126280357947264,0.2
PPO,circle,448,8.96,1.67173620631796,0.9118072703488548,0.007604618636378504,0.2
PPO,circle,449,8.98,1.6743541718532935,0.9163513364516891,0.0055729506334706545,0.2
PPO,circle,450,9.0,1.6772399557938533,0.9212105926904527,0.007934207006424582,0.19895400323359527
PPO,circle,451,9.02,1.680410587044546,0.9263429126828117,0.01114664533645231,0.2
PPO,circle,452,9.040000000000001,1.6834064595160394,0.9313324662826153,0.00704718909604038,0.2
PPO,circle,453,9.06,1.6855500999023738,0.9359501761835444,0.00683845260806967,0.2
PPO,circle,454,9.08,1.6875019088691812,0.9404042880712262,0.009682648005666103,0.19242743335443846
PPO,circle,455,9.1,1.689747691945414,0.9450876787765721,0.012444351997049234,0.19836516067667256
PPO,circle,456,9.120000000000001,1.692463321998558,0.9500101782036878,0.009165776239171235,0.18218529167293054
PPO,circle,457,9.14,1.6953811718878593,0.9543658660861026,0.00820931916172393,0.1713574012702339
PPO,circle,458,9.16,1.6980700134408082,0.9574769887907985,0.009196676311075479,0.17061395082989494
PPO,circle,459,9.18,1.700183787474996,0.95973789678818,0.010854386038878599,0.17239413038440432
PPO,circle,460,9.200000000000001,1.7018631378371283,0.961892210750435,0.011748529926048235,0.19166404006070392
PPO,circle,461,9.22,1.7032887066820899,0.9640855343287035,0.009626411921087508,0.18907701688281842
PPO,circle,462,9.24,1.7047708472697245,0.9666929603344476,0.007732435337368587,0.18539094312629878
PPO,circle,463,9.26,1.706516291466008,0.9699100323767454,0.0067087919555680045,0.1810510506103924
PPO,circle,464,9.28,1.708602079351185,0.9737577715737205,0.007907403983841856,0.17643909644370348
PPO,circle,465,9.3,1.7110194752529757,0.9781524314285109,0.011370912413446975,0.17230286565299657
PPO,circle,466,9.32,1.7136872111782968,0.982862219396469,0.009770791347794272,0.19125772562127397
PPO,circle,467,9.34,1.7166692572335822,0.9878827066293804,0.007220011141767288,0.19076189704071278
PPO,circle,468,9.36,1.7196938976612401,0.9929170042056159,0.008769357530154504,0.19143666714544214
PPO,circle,469,9.38,1.722073418780526,0.9976533329688094,0.012808722992514694,0.18630979372084644
PPO,circle,470,9.4,1.7239544348884337,1.0020552176442126,0.009890080848722551,0.19787964770161096
PPO,circle,471,9.42,1.725996818899821,1.0067473951930166,0.008640353915708911,0.18350863675662454
PPO,circle,472,9.44,1.7285033023200056,1.01188217974932,0.01031433812364231,0.16625000310618843
PPO,circle,473,9.46,1.731334721823737,1.0167972306447832,0.013581647328865807,0.1762815144938381
PPO,circle,474,9.48,1.7340105620919104,1.0205391395116505,0.01017427808916921,0.1726725089169967
PPO,circle,475,9.5,1.7361433184964687,1.0233292375371295,0.00827532199381593,0.17110463362004968
PPO,circle,476,9.52,1.7377947964883742,1.025773476659522,0.007795645086169508,0.1676661930600729
PPO,circle,477,9.540000000000001,1.7391751225281709,1.0281031943486871,0.008456802537926834,0.1646111309422933
PPO,circle,478,9.56,1.740588394783961,1.0306824257869205,0.01006612357059067,0.1617847105453052
PPO,circle,479,9.58,1.7422283650579176,1.0337641395911454,0.012641685855289098,0.15895826406567615
PPO,circle,480,9.6,1.7441649141329696,1.0374413229760342,0.010394562966028078,0.17849732259427406
PPO,circle,481,9.620000000000001,1.7464208397420942,1.0416959028132444,0.008175939634017406,0.17533067843052308
PPO,circle,482,9.64,1.7489214017817,1.0463420307345306,0.008627395704632591,0.17264559361736254
PPO,circle,483,9.66,1.7516488525533653,1.0512643658761358,0.011949290559649706,0.17207455695154672
PPO,circle,484,9.68,1.754565333798041,1.0563681366065196,0.00988877733541749,0.19727069926477303
PPO,circle,485,9.700000000000001,1.757294932623725,1.0612862804374807,0.0077118556694133165,0.19660264152065765
PPO,circle,486,9.72,1.7594729401599307,1.065621961488509,0.008962722650817406,0.1906384488437889
PPO,circle,487,9.74,1.7617670591877368,1.0700847520123904,0.01227623488617175,0.1830386607838781
PPO,circle,488,9.76,1.7644960669539356,1.0749402382173394,0.009740899922567613,0.19674526659403457
PPO,circle,489,9.78,1.767559643411133,1.0797900167892611,0.007252907885396341,0.18922072061078232
PPO,circle,490,9.8,1.7705599686069542,1.0836196183584899,0.007828177933171705,0.1903920673258841
PPO,circle,491,9.82,1.7732526062832221,1.0866336443460427,0.010036547908000428,0.19235030885360782
PPO,circle,492,9.84,1.7752894431696224,1.089243521901146,0.010340591857186615,0.2
PPO,circle,493,9.86,1.7767958332272389,1.0917296644940937,0.007748259355944617,0.2
PPO,circle,494,9.88,1.7781285524213322,1.0944071273861915,0.005618303685039029,0.2
PPO,circle,495,9.9,1.779547854624435,1.0976139362662571,0.004737182169833087,0.2
PPO,circle,496,9.92,1.7811882434073727,1.10149933914222,0.0066878807573105045,0.1958388993281672
PPO,circle,497,9.94,1.7830927724276109,1.106063336039741,0.010787466424845404,0.1897842209672711
PPO,circle,498,9.96,1.7852560539806517,1.1111476874063244,0.0083343423796127,0.2
PPO,circle,499,9.98,1.7876585191154053,1.1165265528862287,0.0059494025257175644,0.2
PPO,circle,500,10.0,1.7903148177301231,1.1221709998567666,0.008574252673803,0.19811638372192997
PPO,circle,501,10.02,1.7928126031819362,1.1276362254459764,0.010820903785371299,0.2
PPO,circle,502,10.040000000000001,1.7945586602956083,1.132618078837936,0.007709474553572802,0.2
PPO,circle,503,10.06,1.796281318825175,1.1374165653815522,0.007490484413292058,0.19532153586939935
PPO,circle,504,10.08,1.7983827707565336,1.1424701108458037,0.010319633668443094,0.1814246045209913
PPO,circle,505,10.1,1.800953509727109,1.1477164221433118,0.011106945542179197,0.1909542679502878
PPO,circle,506,10.120000000000001,1.8036966837088628,1.1522100125224628,0.0075701321747533405,0.185240822220873
PPO,circle,507,10.14,1.806296380163915,1.1554812572272295,0.006143293073456254,0.18811009835436468
PPO,circle,508,10.16,1.8083363782533968,1.1578684690146783,0.006681674645985858,0.19214949578954998
PPO,circle,509,10.18,1.8098878438974648,1.1601437421632748,0.008396658705423424,0.1929741150710629
PPO,circle,510,10.200000000000001,1.811135182062862,1.1625165403556612,0.010657511220440355,0.19153063655621372
PPO,circle,511,10.22,1.8123587205664597,1.165372336404023,0.009479014073142859,0.2
PPO,circle,512,10.24,1.813755488968358,1.168923963516714,0.0066041272162359645,0.2
PPO,circle,513,10.26,1.8153965409962265,1.173192278487433,0.005189999563301015,0.19627527003706646
PPO,circle,514,10.28,1.8172683280292823,1.178051865080308,0.0076709245949761525,0.1913390173393443
PPO,circle,515,10.3,1.819337564859664,1.1832643447118987,0.011519166801610428,0.2
PPO,circle,516,10.32,1.8216567861797983,1.1888100499508412,0.007102739405748715,0.2
PPO,circle,517,10.34,1.8239031077559062,1.1942684296517825,0.006357289558982157,0.2
PPO,circle,518,10.36,1.8254093067649646,1.1992681275351444,0.009779513772050653,0.1943348041249977
PPO,circle,519,10.38,1.8266821496759764,1.2040246000681518,0.011615622328142824,0.2
PPO,circle,520,10.4,1.8281613819469162,1.2090520812639964,0.008888396356778402,0.18607708203210474
PPO,circle,521,10.42,1.8300678909154489,1.214457108307239,0.008697193078360876,0.1682511294510238
PPO,circle,522,10.44,1.8323021171885219,1.2194185674418816,0.011205241375517266,0.15586459306012124
PPO,circle,523,10.46,1.8345183396627696,1.2231028842912721,0.012040080531700354,0.17709400960490473
PPO,circle,524,10.48,1.8362864777978591,1.2258172802003564,0.00937047243503442,0.1779018073027747
PPO,circle,525,10.5,1.8376682146273975,1.228324635265348,0.007576407024769387,0.17606735805247586
PPO,circle,526,10.52,1.8388023044625,1.2307806156528327,0.006803590753302027,0.1737162340053291
PPO,circle,527,10.540000000000001,1.8399268397558906,1.2335893199993526,0.007302213487578864,0.1708455958486219
PPO,circle,528,10.56,1.841211343704051,1.2369875712856715,0.009322729568952151,0.1673715713192072
PPO,circle,529,10.58,1.842727714284171,1.2410349710084638,0.01259019214271283,0.18451953046807998
PPO,circle,530,10.6,1.8444881966098292,1.2456710838636507,0.00904148409635913,0.18105700457277063
PPO,circle,531,10.620000000000001,1.8464249748647827,1.25065088700442,0.007311506601068277,0.17855088226813587
PPO,circle,532,10.64,1.8486038998866954,1.2560033521412648,0.009263383590861587,0.17809490374214
PPO,circle,533,10.66,1.8508902169409813,1.2614738311125278,0.011762633909873187,0.2
PPO,circle,534,10.68,1.8527413586993684,1.266635838404,0.00831604587070524,0.19798657886068624
PPO,circle,535,10.700000000000001,1.8540818260990208,1.2712914127201163,0.007923576338439807,0.1887910580107044
PPO,circle,536,10.72,1.8554817786881024,1.276256959637396,0.010394635773428815,0.17478940535631127
PPO,circle,537,10.74,1.8572498857250384,1.2817427709188713,0.012514962089165933,0.1815231509449653
PPO,circle,538,10.76,1.8593489781375292,1.2871276667773566,0.009249716349542997,0.1680441098148533
PPO,circle,539,10.78,1.8615001108344535,1.2914013430630877,0.00834158347045381,0.1637923160532746
PPO,circle,540,10.8,1.8633833479722182,1.294671432009745,0.009259929075216874,0.16098227374179475
PPO,circle,541,10.82,1.8647368053318185,1.2973187082980127,0.010999287212419601,0.15803746419556042
PPO,circle,542,10.84,1.8657747836314718,1.2997636155021401,0.012311245114613328,0.17683675306831015
PPO,circle,543,10.86,1.866793379670949,1.3024038833136935,0.010118648441407585,0.17445520625359467
PPO,circle,544,10.88,1.8679420028508325,1.3055664304542298,0.008105855833876068,0.1721402683597133
PPO,circle,545,10.9,1.869279808323945,1.3093854492615586,0.00722807766029927,0.16941882033867461
PPO,circle,546,10.92,1.8708203242600143,1.3138760468189388,0.008868307773537174,0.16600394928646445
PPO,circle,547,10.94,1.872537040498977,1.3189121480234478,0.012726138483054832,0.16241269463922103
PPO,circle,548,10.96,1.874354860871345,1.3242181396224102,0.009049184076297002,0.1825332772214039
PPO,circle,549,10.98,1.8763280537236702,1.3297836793688564,0.0076203581264205076,0.18322770985515782
PPO,circle,550,11.0,1.8782809773791007,1.3352461792256043,0.01011668239481491,0.1829436313242323
PPO,circle,551,11.02,1.879755848869324,1.3401026586557159,0.011994261646583649,0.2
PPO,circle,552,11.040000000000001,1.8813741121523113,1.3447849226344104,0.008839773298917799,0.1939884161182972
PPO,circle,553,11.06,1.8833789779539012,1.3497862560326424,0.0076396673151645595,0.1871062236098333
PPO,circle,554,11.08,1.885740426864536,1.3549792748760554,0.009836435206847396,0.18065912319334387
PPO,circle,555,11.1,1.8882222382297364,1.3593139866693023,0.01093904981835268,0.2
PPO,circle,556,11.120000000000001,1.890576342383872,1.3626695841890242,0.0071238799729554415,0.2
PPO,circle,557,11.14,1.892351923734991,1.3654562419087797,0.004543819829501936,0.2
PPO,circle,558,11.16,1.8935915190414445,1.368079925762149,0.0038599946026107485,0.2
PPO,circle,559,11.18,1.8945235617072884,1.3707924633488051,0.00530801425875902,0.2
PPO,circle,560,11.200000000000001,1.8953946921532494,1.374009184845477,0.0081162745979353,0.2
PPO,circle,561,11.22,1.8963641050019266,1.3779493340600883,0.010663746361845776,0.2
PPO,circle,562,11.24,1.8975006507360845,1.3826172548258528,0.0067842053462684754,0.2
PPO,circle,563,11.26,1.8988209886847853,1.387859991771652,0.00496339690480638,0.2
PPO,circle,564,11.28,1.900329975217998,1.3934596529743564,0.008107785997326145,0.1979642060014144
PPO,circle,565,11.3,1.902049259891379,1.399389416107849,0.01011450545052972,0.2
PPO,circle,566,11.32,1.9036656974582231,1.405157384793558,0.006128232876024688,0.2
PPO,circle,567,11.34,1.9045742573637718,1.410379662156427,0.006801599292834953,0.2
PPO,circle,568,11.36,1.9053699634637125,1.415403103397853,0.010408723659185652,0.18915186746741508
PPO,circle,569,11.38,1.9064180781450368,1.42071850334613,0.010835736779915246,0.1944271723338198
PPO,circle,570,11.4,1.907872619067404,1.42634985064195,0.008001692028682,0.17831958400462877
PPO,circle,571,11.42,1.909686130939081,1.4313841850451763,0.008183516656133458,0.16866237847377974
PPO,circle,572,11.44,1.9116127587735918,1.435110463730129,0.010035688577710918,0.17001962052780328
PPO,circle,573,11.46,1.9131977370063495,1.437815589651865,0.011964468851621885,0.19347508596767815
PPO,circle,574,11.48,1.9143817009400224,1.4402897923236857,0.009439606155622483,0.19363910013810104
PPO,circle,575,11.5,1.9152875160649254,1.4427556567825737,0.007328244365591134,0.19207343713614078
PPO,circle,576,11.52,1.9161062408309903,1.4456554459213877,0.005697955037511203,0.18926945409305462
PPO,circle,577,11.540000000000001,1.9169868678148196,1.4492389889240458,0.00570516303616101,0.18538243234082105
PPO,circle,578,11.56,1.9180040698378287,1.4535568040469686,0.008315911794872247,0.18079410260619388
PPO,circle,579,11.58,1.9191625385824171,1.4585131766512012,0.01142409275835646,0.19570733333060542
PPO,circle,580,11.6,1.9204443800335473,1.463842682417021,0.007471041676614024,0.19260932593878977
PPO,circle,581,11.620000000000001,1.9219146609123792,1.4695691589061357,0.006441212568898342,0.19055348689559048
PPO,circle,582,11.64,1.9234130846126956,1.4753583764162235,0.009897900725116706,0.18968826120139592
PPO,circle,583,11.66,1.924364029385402,1.4806744665826523,0.010446859868739541,0.2
PPO,circle,584,11.68,1.9249233285429326,1.4855169369283983,0.008125386638069594,0.19213113046799846
PPO,circle,585,11.700000000000001,1.9255661010922362,1.4906879458522477,0.008472032440592775,0.17594274580661606
PPO,circle,586,11.72,1.9265384553254736,1.4963887730399468,0.011729798031208464,0.1569529506207892
PPO,circle,587,11.74,1.9278987276662354,1.501943760724605,0.011478248731199722,0.16589415810398123
PPO,circle,588,11.76,1.9294414201105539,1.50634117904172,0.008832802012617963,0.16094519263710436
PPO,circle,589,11.78,1.930812653049892,1.50970560020228,0.007959739423424638,0.1580662306220968
PPO,circle,590,11.8,1.9318526115770749,1.5125646797813312,0.008557877823389392,0.1545633183073023
PPO,circle,591,11.82,1.9326590572648732,1.5151952256162895,0.010016977684488866,0.15223418959197055
PPO,circle,592,11.84,1.9334268550738452,1.5180104135206542,0.01212549205060657,0.1508653664949855
PPO,circle,593,11.86,1.9342670064271963,1.5213465442791752,0.010808406162071219,0.17168402563657947
PPO,circle,594,11.88,1.935230395097411,1.5253304334261417,0.008316358430481592,0.17013168952901747
PPO,circle,595,11.9,1.9363221514696578,1.5299866883827142,0.007517959746677258,0.16739620200116434
PPO,circle,596,11.92,1.9375003153244426,1.5351390291867686,0.009807839812970485,0.1645641704887031
PPO,circle,597,11.94,1.9387378025137714,1.5405553930300098,0.011810461005817475,0.1851134173502809
PPO,circle,598,11.96,1.9400879298824687,1.5462064999891032,0.008215976276737756,0.18678413215251455
PPO,circle,599,11.98,1.941401423188228,1.5516975177787828,0.007887253267169998,0.18586394909893225
PPO,circle,600,12.0,1.9423846107109513,1.5564536968749327,0.01053164663772136,0.18082697015635008
PPO,circle,601,12.02,1.9435024210811214,1.5612605301554643,0.011562056562273427,0.19680978176003497
PPO,circle,602,12.040000000000001,1.9449639888213122,1.5665086164842295,0.008011497988098191,0.19051845707695048
PPO,circle,603,12.06,1.9467270874190037,1.5718345224319599,0.0071313432301497535,0.18462365859174623
PPO,circle,604,12.08,1.9486711873045353,1.5761936376093135,0.009076954983393415,0.1864393655873866
PPO,circle,605,12.1,1.9505222728624645,1.5797777835396505,0.01110473798108292,0.2
PPO,circle,606,12.120000000000001,1.9518183692275068,1.5828634774921835,0.007907163768198534,0.2
PPO,circle,607,12.14,1.9526021488754006,1.5856891192267244,0.005484289768225537,0.2
PPO,circle,608,12.16,1.9531390674646532,1.5886231566079845,0.0040961292819156865,0.2
PPO,circle,609,12.18,1.9536090522085447,1.5920800843674483,0.005009479345092896,0.19697122001382852
PPO,circle,610,12.200000000000001,1.9541197984435272,1.5962592773560251,0.00824659617552837,0.19088611014749413
PPO,circle,611,12.22,1.9547281856928838,1.6011690216601828,0.010449909117487085,0.2
PPO,circle,612,12.24,1.9554758818630364,1.6066464023187326,0.006480895068008541,0.1978037716019543
PPO,circle,613,12.26,1.9563835644254868,1.6124602295502737,0.006031338532797174,0.19397796742349938
PPO,circle,614,12.280000000000001,1.9574759440980958,1.6186152980585098,0.010238512117963472,0.19172958089616143
PPO,circle,615,12.3,1.9585262668845842,1.6246287513471518,0.008612255329031215,0.2
PPO,circle,616,12.32,1.9589730636568645,1.6300314774883289,0.006466247714575735,0.2
PPO,circle,617,12.34,1.9593545391891818,1.635225894365566,0.008167393542324819,0.1906204047829121
PPO,circle,618,12.36,1.9599693128989821,1.6407411137527292,0.012255036384143157,0.17580942226274265
PPO,circle,619,12.38,1.9609559556621283,1.646608172012637,0.009086268624474068,0.18322353144360726
PPO,circle,620,12.4,1.96236381463098,1.6518733354695103,0.007000593156620986,0.17565414555029868
PPO,circle,621,12.42,1.9640005302222665,1.6558273345926973,0.007516527307539785,0.17865594523409012
PPO,circle,622,12.44,1.9653726063319077,1.6587311203997108,0.00916461884247082,0.18395684820043637
PPO,circle,623,12.46,1.9663473101093407,1.6613598300051293,0.011319340582164345,0.18575997995655857
PPO,circle,624,12.48,1.9670242296036826,1.6639409079417908,0.009165260952530072,0.2
PPO,circle,625,12.5,1.9675477814400781,1.6669400247688577,0.006664529723110796,0.2
PPO,circle,626,12.52,1.9680355558105909,1.6706374497180672,0.00475340310798817,0.19689909918313608
PPO,circle,627,12.540000000000001,1.9685531080584557,1.6750951101436038,0.005819085806051794,0.1922259777001334
PPO,circle,628,12.56,1.9691148647914347,1.680202891333324,0.009824267159527444,0.1875562675177065
PPO,circle,629,12.58,1.9697353660187416,1.685700744375662,0.008818131973026005,0.2
PPO,circle,630,12.6,1.9704928500517327,1.6916157680461923,0.005619569206531357,0.2
PPO,circle,631,12.620000000000001,1.9712658215686114,1.6975802829741746,0.0075460086825122185,0.19851723176505898
PPO,circle,632,12.64,1.9715185264759034,1.7029854410641176,0.012096464314813564,0.19070458073737395
PPO,circle,633,12.66,1.9714265133098952,1.7078806587890332,0.009091343185483075,0.19805270463321853
PPO,circle,634,12.68,1.9713904520676344,1.7131320034017556,0.007865665481519842,0.1810395121499453
PPO,circle,635,12.700000000000001,1.9716284022666373,1.7189510766023595,0.009947667315510108,0.16099462491570193
PPO,circle,636,12.72,1.9722755747352032,1.7245950512093957,0.013166434579501835,0.16818267689971034
PPO,circle,637,12.74,1.9732339926578841,1.7290807630105958,0.009861627720064483,0.1617071494962099
PPO,circle,638,12.76,1.974171045719088,1.7326130520677725,0.00799995303046583,0.1574974357713117
PPO,circle,639,12.780000000000001,1.9748714044682025,1.7356681270151315,0.007639948078026986,0.15378697854501366
PPO,circle,640,12.8,1.975377872045979,1.7384491304218184,0.008490107911983905,0.1518235381327284
PPO,circle,641,12.82,1.9758302771434755,1.741412411824665,0.010265179857587335,0.15081449124153237
PPO,circle,642,12.84,1.9762937583349158,1.7448933211344086,0.012569664494446037,0.17136569119644296
PPO,circle,643,12.86,1.9767999360607265,1.7490183446143155,0.009512973824978501,0.1698034711817593
PPO,circle,644,12.88,1.9773500333299572,1.75380817770035,0.007484900790114095,0.16705039667157928
PPO,circle,645,12.9,1.9779139435802395,1.7590396524948673,0.00848522328447178,0.16442409913417677
PPO,circle,646,12.92,1.978509110321003,1.7645373017971977,0.012182979479030569,0.16345525771902514
PPO,circle,647,12.94,1.9791773235614196,1.7702129073473265,0.009403744963424205,0.18768790695194856
PPO,circle,648,12.96,1.9798041302319442,1.7756897240991245,0.0075301425166919575,0.1871693209884775
PPO,circle,649,12.98,1.9803003171507971,1.7805062114177175,0.008932823046611362,0.18264758886372912
PPO,circle,650,13.0,1.980884626174544,1.7854992569025574,0.012342261114625715,0.17647940555847885
PPO,circle,651,13.02,1.981699155107274,1.7909834093082355,0.009216449077259062,0.19077066455439518
PPO,circle,652,13.040000000000001,1.982782404893395,1.7964085949413748,0.006793353812147816,0.18387128216288848
PPO,circle,653,13.06,1.9841178929865027,1.8008052283431397,0.0073780196921141,0.18457596675366705
PPO,circle,654,13.08,1.9853872675022803,1.8043315835965859,0.009481995630727734,0.18561895820091268
PPO,circle,655,13.1,1.9862011527821104,1.8072115471501529,0.010901044008198132,0.2
PPO,circle,656,13.120000000000001,1.9866253191636543,1.8098163883379716,0.008475999348714588,0.2
PPO,circle,657,13.14,1.9868758306178762,1.812608318172184,0.006230876563365693,0.19757630594919684
PPO,circle,658,13.16,1.9870363887923252,1.8159677999965835,0.0046027952138383895,0.1933046906001472
PPO,circle,659,13.18,1.9871632635148209,1.8200693964273582,0.0055614646821467335,0.18816633680552997
PPO,circle,660,13.200000000000001,1.98728209898684,1.8249338017202308,0.009295875688449098,0.18249604752193704
PPO,circle,661,13.22,1.9874191806063335,1.8304162796354326,0.009338515915444006,0.1957837007518206
PPO,circle,662,13.24,1.9876186747413815,1.8362539215728069,0.005929414439253824,0.19195536272450564
PPO,circle,663,13.26,1.9879318350821553,1.8424525655432165,0.0073121537698711304,0.18934126428511355
PPO,circle,664,13.280000000000001,1.9882168670478277,1.8485117501446122,0.012076327210605475,0.2
PPO,circle,665,13.3,1.9880381235526907,1.8538743263993736,0.008355149241923505,0.19962454053802947
PPO,circle,666,13.32,1.987912826450455,1.8590282980009436,0.007094995750784417,0.18795942470419558
PPO,circle,667,13.34,1.988024760772129,1.8645145275463555,0.009194914522926973,0.17484084125062171
PPO,circle,668,13.36,1.988457940740707,1.8703667531501758,0.012037328042750844,0.18351462890569437
PPO,circle,669,13.38,1.9893209052234826,1.8755938977495996,0.008026272933948782,0.17676087777351857
PPO,circle,670,13.4,1.9905005238213462,1.879595695531591,0.005864706981921534,0.17951828769671652
PPO,circle,671,13.42,1.9914942888575489,1.8826164054134216,0.0058111047303003125,0.18391988691635897
PPO,circle,672,13.44,1.9921217164896134,1.8853516319732038,0.007272326152123658,0.18498231750470806
PPO,circle,673,13.46,1.9924642914660693,1.8880302956481665,0.009429762390530802,0.1842109938764369
PPO,circle,674,13.48,1.9926098133355028,1.8911224372908695,0.010488250900495214,0.19894478459998277
PPO,circle,675,13.5,1.9926525918215492,1.8948981981545834,0.00733805793098582,0.19524973800091505
PPO,circle,676,13.52,1.9926460228619387,1.8994238922499735,0.004967100771556098,0.19054548058019272
PPO,circle,677,13.540000000000001,1.992615201042817,1.904588629642566,0.006454013486952099,0.18591633914192585
PPO,circle,678,13.56,1.9926036449533098,1.9101352457704064,0.010913011016234712,0.18207571619560836
PPO,circle,679,13.58,1.9926781573587213,1.9160977366590137,0.007805597224435054,0.19868754392166066
PPO,circle,680,13.6,1.9927726084117199,1.9220954773254246,0.005729105449738936,0.19744383432430368
PPO,circle,681,13.620000000000001,1.9924159889153563,1.9274789519995674,0.008603286882726414,0.1903176749948301
PPO,circle,682,13.64,1.9918620613506477,1.9324406073486,0.012284105820571947,0.19756494768706556
PPO,circle,683,13.66,1.9913692743225442,1.9377385101931137,0.009042833062334995,0.18178544557153264
PPO,circle,684,13.68,1.9910966384202988,1.9436062695173595,0.008173809527523859,0.16340170443417268
PPO,circle,685,13.700000000000001,1.9912829338087492,1.9492629741107679,0.010508778499328133,0.14964716619311913
PPO,circle,686,13.72,1.9919126389259978,1.9537496155043255,0.012290967883925684,0.16857292868506502
PPO,circle,687,13.74,1.9925449807843605,1.9571843722030449,0.009377251152839237,0.16822761905091752
PPO,circle,688,13.76,1.992968437161894,1.9601457622519398,0.007395774450457473,0.1665576548208798
PPO,circle,689,13.780000000000001,1.9932195713141487,1.9628648514643745,0.0064574173974271615,0.16535560827088114
PPO,circle,690,13.8,1.9933646695973917,1.9658233575335793,0.006789162491960316,0.16439752439470556
PPO,circle,691,13.82,1.993430448233826,1.9693428613754078,0.008688786737241674,0.16301321023432713
PPO,circle,692,13.84,1.9934370705514763,1.9735499826687297,0.012002140772902518,0.16064669949120658
PPO,circle,693,13.86,1.993406606186942,1.9784469197226209,0.008747681974054207,0.17824334104103157
PPO,circle,694,13.88,1.99336231464933,1.9837963033409833,0.006592546190584789,0.17575694310004983
PPO,circle,695,13.9,1.9933411683877744,1.9894733328366039,0.00840453443968825,0.17444610808860217
PPO,circle,696,13.92,1.993371075574404,1.9954157543340258,0.011851588041845485,0.19589920615234746
PPO,circle,697,13.94,1.9933235210356888,2.001108814194785,0.007847887260608973,0.19404188525760846
PPO,circle,698,13.96,1.9930936456876165,2.0060397699396075,0.006945134250722977,0.1875759022199874
PPO,circle,699,13.98,1.9929184096343213,2.011161982584212,0.00922309783200979,0.1792121406491476
PPO,circle,700,14.0,1.9929342847101206,2.0168061525439938,0.011670452374174554,0.19032562551581078
PPO,circle,701,14.02,1.9932468270693415,2.022513124590285,0.007554820259706207,0.1814965380455491
PPO,circle,702,14.040000000000001,1.9939976153923877,2.027266265405076,0.005923088094633721,0.18077435994518654
PPO,circle,703,14.06,1.9949097891817236,2.0312052896244928,0.0070009914570106765,0.18136851447045643
PPO,circle,704,14.08,1.9955164973474833,2.0344821922360468,0.009316962130421635,0.18160509975991745
PPO,circle,705,14.1,1.9957448152357051,2.037422876970941,0.010451465691300225,0.19811800515047429
PPO,circle,706,14.120000000000001,1.9957415722034137,2.0404265676381628,0.0077172096395450125,0.196730820184428
PPO,circle,707,14.14,1.9955526522358444,2.0439192598678964,0.005087844022389513,0.1936615558687844
PPO,circle,708,14.16,1.995208605399955,2.048107665086805,0.004330970903750328,0.189064556004241
PPO,circle,709,14.18,1.994735442714574,2.053024688845916,0.007490618584360838,0.1834415896264061
PPO,circle,710,14.200000000000001,1.9941959555264122,2.058526697556736,0.010700836480634524,0.1956607122881708
PPO,circle,711,14.22,1.9936712201352316,2.0643623419898254,0.0064171666686692755,0.19146386037009178
PPO,circle,712,14.24,1.9932128644591913,2.070565425611515,0.006114553082027468,0.18844290668900454
PPO,circle,713,14.26,1.99275174538886,2.076652058391028,0.010441089199033792,0.18582534762901703
PPO,circle,714,14.280000000000001,1.991915099888856,2.082037906863204,0.009353802296087373,0.19777932345318217
PPO,circle,715,14.3,1.9911795854694527,2.0872777657410726,0.00708015797738449,0.1857422497862631
PPO,circle,716,14.32,1.9906749541034265,2.0928802537070252,0.008240382292881548,0.1725474858105116
PPO,circle,717,14.34,1.990482994787316,2.0988304906568716,0.01227936426343814,0.16021021422209358
PPO,circle,718,14.36,1.9908281013780527,2.104152777555803,0.008536673587046595,0.1759583778891316
PPO,circle,719,14.38,1.9915984881660074,2.108303688485811,0.005656940905116436,0.18004233237574585
PPO,circle,720,14.4,1.9922885458086512,2.111459473175225,0.0048776140954254876,0.18530701636521174
PPO,circle,721,14.42,1.9926564542966314,2.1142779608672906,0.0060151931837065815,0.18717275659382526
PPO,circle,722,14.44,1.9927388003149362,2.117013306720968,0.008118321773742101,0.18704746162851515
PPO,circle,723,14.46,1.9925628690861212,2.1201544444295037,0.010992133803237832,0.18515777740635686
PPO,circle,724,14.48,1.9921837131919575,2.1239927873342466,0.007863310289432582,0.1984352734550403
PPO,circle,725,14.5,1.9916612796327196,2.128585256571652,0.004721113872243056,0.19440967849593127
PPO,circle,726,14.52,1.9910311893143402,2.133795145230385,0.005432158973795945,0.19016307626646078
PPO,circle,727,14.540000000000001,1.9903631589692574,2.13937613305593,0.009913247170026271,0.18648926210842953
PPO,circle,728,14.56,1.9897190510148959,2.1453567024849862,0.00798325316702496,0.2
PPO,circle,729,14.58,1.989061750288093,2.1512756904448143,0.005201618954428085,0.19980300391016215
PPO,circle,730,14.6,1.9879842155332532,2.1564718900810975,0.007701936359891535,0.19155034215436517
PPO,circle,731,14.620000000000001,1.9868527536230907,2.161394251968576,0.01197708274543378,0.17753333180034314
PPO,circle,732,14.64,1.985803987929719,2.1666495738303784,0.009144386037907234,0.18241321133855415
PPO,circle,733,14.66,1.9849587600139793,2.172383172494736,0.007572117452749364,0.1650225378438113
PPO,circle,734,14.68,1.9846640101240216,2.1777318695276775,0.009240414853671858,0.15359943378145857
PPO,circle,735,14.700000000000001,1.9849216907958596,2.181931618448923,0.011830609704759607,0.15305117410515523
PPO,circle,736,14.72,1.9852065777523076,2.185162172717223,0.01013783627803652,0.17513432537086526
PPO,circle,737,14.74,1.98528639968303,2.188030558315396,0.007802550071734637,0.174041592579532
PPO,circle,738,14.76,1.9851944055402035,2.190743253514172,0.0061797810204568685,0.17235114555182207
PPO,circle,739,14.780000000000001,1.984923420897794,2.1937840117834706,0.005669727817484033,0.17055342418910024
PPO,circle,740,14.8,1.9844917296343951,2.1974457330505675,0.007133013815801006,0.16811873820320858
PPO,circle,741,14.82,1.9839210709429562,2.2018168377276655,0.010467998008574297,0.16478908734440534
PPO,circle,742,14.84,1.983241034279483,2.2068368531513416,0.009365948599123116,0.18093626445179956
PPO,circle,743,14.86,1.9825182143489066,2.2122285785009246,0.006396785892711728,0.17848050844474184
PPO,circle,744,14.88,1.9818075878768395,2.2180146473022844,0.007460754694011217,0.17723788809176355
PPO,circle,745,14.9,1.9811284267774654,2.2239621786925894,0.011870257131584946,0.17765946820108303
PPO,circle,746,14.92,1.980215724092004,2.2294162310478876,0.008432515906185574,0.1944734200406657
PPO,circle,747,14.94,1.9791422778589587,2.2342541524004913,0.007053149960686054,0.18591697843359123
PPO,circle,748,14.96,1.9780241045588831,2.2394015497344006,0.008975641996080792,0.17276222109037365
PPO,circle,749,14.98,1.9769805342355995,2.245118854690047,0.01293594743623223,0.1784526357642955
PPO,circle,750,15.0,1.9763130673163651,2.2507725515150536,0.009066745500726435,0.16523329720549243
PPO,circle,751,15.02,1.9762037449079282,2.25544016798019,0.0073564582849315364,0.16009547499770083
PPO,circle,752,15.040000000000001,1.9763325927250592,2.2592073937080905,0.0077509233498994435,0.15722920246091876
PPO,circle,753,15.06,1.9763066710205965,2.262197538250303,0.009320236542200313,0.15545371899101124
PPO,circle,754,15.08,1.9760943690196253,2.2648374707565946,0.011320654801630135,0.15379960896009637
PPO,circle,755,15.1,1.975753058362611,2.2676471128026767,0.010654918437101138,0.1721511522734893
PPO,circle,756,15.120000000000001,1.9752684329014933,2.2709907828972304,0.00816656564892955,0.17078335663611588
PPO,circle,757,15.14,1.9746427444561068,2.275027454009737,0.006407881927440524,0.16865198951379992
PPO,circle,758,15.16,1.9738678623049284,2.2797710453934896,0.007357438995135323,0.165580449940542
PPO,circle,759,15.18,1.9729662873162213,2.2850382773191003,0.011109372462568228,0.1621987618457861
PPO,circle,760,15.200000000000001,1.9719971120155209,2.2905586409383925,0.009246228856839431,0.18088039811701329
PPO,circle,761,15.22,1.971033530356689,2.2963639135127183,0.006826293776872927,0.18127579933329543
PPO,circle,762,15.24,1.970128459300745,2.302049024257567,0.00866298517640767,0.18008454070566504
PPO,circle,763,15.26,1.9692011323508953,2.3069243706068687,0.012441113864849572,0.17510803896747576
PPO,circle,764,15.280000000000001,1.968475434400485,2.311795063169346,0.009040421193206265,0.19053490117012026
PPO,circle,765,15.3,1.967930251196004,2.3171403461524234,0.0066893509809656275,0.1844788679343257
PPO,circle,766,15.32,1.9676279069224734,2.322717858808562,0.007999914971976201,0.1788262784963086
PPO,circle,767,15.34,1.9678615745929466,2.3275158389569857,0.011123004930575234,0.18018638986638225
PPO,circle,768,15.36,1.9683592707883522,2.331526104419392,0.008176453624019102,0.2
PPO,circle,769,15.38,1.9686194434463062,2.334860491833886,0.0050089107598380485,0.2
PPO,circle,770,15.4,1.9685156594811322,2.337802511672844,0.0028934497239403827,0.2
PPO,circle,771,15.42,1.9681092549166517,2.3406978811398935,0.0032432365867142163,0.2
PPO,circle,772,15.44,1.9673925928188027,2.344020665266137,0.005983438510282574,0.2
PPO,circle,773,15.46,1.9663862064152375,2.3480303851984523,0.009918220175686126,0.19489573633816537
PPO,circle,774,15.48,1.9651351673053616,2.3527643788312633,0.007485243965382686,0.2
PPO,circle,775,15.5,1.9637349340790873,2.358067386814025,0.004058700980719868,0.19949704488280992
PPO,circle,776,15.52,1.9623011977724396,2.363725800376391,0.0063247136635206135,0.19472304282075026
PPO,circle,777,15.540000000000001,1.960880723655534,2.3697569641051572,0.011079766847487819,0.2
PPO,circle,778,15.56,1.9594733069353767,2.375651839111756,0.006304206576833995,0.2
PPO,circle,779,15.58,1.957738372505914,2.3807936708925332,0.0057329792931310915,0.19641929001863234
PPO,circle,780,15.6,1.9560537596428729,2.3857679254850765,0.009075034271904295,0.1821407427572912
PPO,circle,781,15.620000000000001,1.9545065592440172,2.3911162122470992,0.011108416578011426,0.1871110530755389
PPO,circle,782,15.64,1.9532009792472782,2.3968780146649107,0.007475048711353967,0.172224364426373
PPO,circle,783,15.66,1.9525621123205064,2.4021438977892546,0.006882508046764029,0.16425165626980084
PPO,circle,784,15.68,1.9525890281965566,2.4063020104634925,0.008539872591536105,0.167116754570809
PPO,circle,785,15.700000000000001,1.9527487541195183,2.4094752858170625,0.01066958845645407,0.17254332561652097
PPO,circle,786,15.72,1.9527036094155958,2.4122647033941247,0.00966043599717484,0.19172338530498048
PPO,circle,787,15.74,1.9524395467658135,2.4149136497051895,0.007211370220415088,0.1916006803937993
PPO,circle,788,15.76,1.9518783338066183,2.417916230325127,0.00488859351128302,0.19013385916557857
PPO,circle,789,15.780000000000001,1.9510123514633257,2.421571243368704,0.004038893366774203,0.18742221428214909
PPO,circle,790,15.8,1.949871473312945,2.4259615233582155,0.0067481629479651814,0.18358494487141866
PPO,circle,791,15.82,1.948502193621381,2.4309668754034437,0.01133380783293873,0.19641067085026043
PPO,circle,792,15.84,1.947016909795647,2.436318355178264,0.006777084524304817,0.1931395771528983
PPO,circle,793,15.860000000000001,1.9454788104695795,2.4420769160015583,0.005041897047481361,0.1904598874151051
PPO,circle,794,15.88,1.9439435593692007,2.447840808339453,0.008717202873384101,0.18834382016027007
PPO,circle,795,15.9,1.942143483718082,2.4528904143558954,0.010324341688226456,0.2
PPO,circle,796,15.92,1.940353898241581,2.4576649292446304,0.007301109297402764,0.18854764848114236
PPO,circle,797,15.94,1.9386023722380514,2.4627249584668123,0.007175360108235432,0.17394957681060585
PPO,circle,798,15.96,1.9369550432128653,2.4682783391816376,0.010514939114875924,0.15704685846410937
PPO,circle,799,15.98,1.9358894156948174,2.4735575028626093,0.010596811496031784,0.16738938901708122
PPO,circle,800,16.0,1.9355107183566562,2.4777981054441276,0.007388084203493971,0.16607160976437108
PPO,circle,801,16.02,1.9353005425966014,2.481183726566008,0.005788809221155804,0.1672409650994711
PPO,circle,802,16.04,1.9349646102477969,2.4841820961023595,0.005982760162961116,0.1666317700224007
PPO,circle,803,16.06,1.9345052764351272,2.486934281699541,0.007469766246359591,0.16586915941528568
PPO,circle,804,16.080000000000002,1.9338337345171508,2.489946801623706,0.009893031326760914,0.16507267506346723
PPO,circle,805,16.1,1.9329029245127094,2.4935351448519083,0.010113705031093613,0.18184969277050508
PPO,circle,806,16.12,1.9317113725264745,2.4977946860439926,0.00674164639636643,0.17934490767788347
PPO,circle,807,16.14,1.9302897208322018,2.502675604022405,0.0053875534433858235,0.1759178345338488
PPO,circle,808,16.16,1.9287331913520176,2.5079111514865735,0.00832481683710578,0.17306382318156066
PPO,circle,809,16.18,1.927116792530053,2.5134995827809394,0.010526341536022705,0.19071122195713652
PPO,circle,810,16.2,1.9255219080079051,2.519258105009297,0.006389493399856025,0.19118146439272987
PPO,circle,811,16.22,1.923788905250041,2.5245274616348192,0.0065440487737598255,0.18745828134894138
PPO,circle,812,16.240000000000002,1.9219887079563653,2.5291700728902575,0.010001337740552134,0.17839527794601784
PPO,circle,813,16.26,1.9201123703741012,2.534115511634737,0.010667176117039502,0.18642761627637938
PPO,circle,814,16.28,1.9182392182880592,2.5396026963386253,0.007652398989286616,0.17116802365823025
PPO,circle,815,16.3,1.9167615642515656,2.5450586879132677,0.008004928792256198,0.15813207867039836
PPO,circle,816,16.32,1.9159951708104457,2.549623704687347,0.010461003887123779,0.1534600613040742
PPO,circle,817,16.34,1.9156194839214233,2.5533780391980536,0.011028764079052532,0.17098536080999294
PPO,circle,818,16.36,1.9152110623527618,2.5563164563614307,0.00843245738506204,0.16957873880393182
PPO,circle,819,16.38,1.9146366551898009,2.5588472997400884,0.006597265079782695,0.1679192698727099
PPO,circle,820,16.4,1.9138835500753397,2.5615225017857273,0.005517384450777699,0.16581265628634156
PPO,circle,821,16.42,1.9128787042294455,2.564704606076841,0.006023838260625668,0.16382966830469936
PPO,circle,822,16.44,1.91160870003989,2.5685580858111656,0.008599245310308038,0.16135392642958113
PPO,circle,823,16.46,1.9100750895055856,2.573105199308331,0.011256248356042201,0.17718342397355258
PPO,circle,824,16.48,1.9083335129281676,2.578185908830089,0.007365457034478289,0.17380021878576543
PPO,circle,825,16.5,1.9064828440538741,2.5835194892997118,0.006367637571935914,0.17108517620799946
PPO,circle,826,16.52,1.9045800113241083,2.589158243930212,0.009720571116290414,0.17028780928436538
PPO,circle,827,16.54,1.9027542756208071,2.59472349517994,0.010089049878712463,0.1899797397082139
PPO,circle,828,16.56,1.9009434781894048,2.5995518907460733,0.007227346125066984,0.1858552720643556
PPO,circle,829,16.580000000000002,1.8993621258968028,2.6043379887071714,0.007243269168544093,0.17921701192860826
PPO,circle,830,16.6,1.8979209877823566,2.6095470414534097,0.010272636505987733,0.17221601738978576
PPO,circle,831,16.62,1.8966612986123872,2.615094493755667,0.00958308541070771,0.1857497065524938
PPO,circle,832,16.64,1.8960348858849598,2.6200568381068496,0.005717147336040114,0.18489981994792526
PPO,circle,833,16.66,1.8958780334797491,2.6241152753781445,0.004281870025197946,0.1900225562086737
PPO,circle,834,16.68,1.8956500691009368,2.627242025599372,0.00554364285109535,0.19383713558091253
PPO,circle,835,16.7,1.8951532835433187,2.6299624472673324,0.007772286265271898,0.19423884810509495
PPO,circle,836,16.72,1.894388897121951,2.632591293802541,0.01033525295974241,0.19247203725401718
PPO,circle,837,16.740000000000002,1.893268495942934,2.6355905682120473,0.008326398447582303,0.2
PPO,circle,838,16.76,1.8917759956918427,2.6392444072994734,0.004980248732668471,0.19937490858623483
PPO,circle,839,16.78,1.889948671898993,2.6436012616264994,0.003573749267388977,0.19424834060578888
PPO,circle,840,16.8,1.8878746715580006,2.648512645331497,0.007272897437858362,0.18933266800476956
PPO,circle,841,16.82,1.885692372121701,2.653771264975836,0.0100142581087984,0.2
PPO,circle,842,16.84,1.8834623150611425,2.659412987728853,0.005374330219486009,0.1991663832669612
PPO,circle,843,16.86,1.8812682384848964,2.6649522343889713,0.005517085250622652,0.1962647207701198
PPO,circle,844,16.88,1.8788494929938162,2.6696996620319084,0.009817162669299568,0.18769258257197174
PPO,circle,845,16.9,1.876469772460798,2.6742650189148174,0.009739127737700522,0.19360014560536154
PPO,circle,846,16.92,1.8741445126238068,2.6791829622071934,0.006940217161608589,0.1790048779425364
PPO,circle,847,16.94,1.871944144781281,2.6845703694082705,0.007715963285531249,0.1631373157405509
PPO,circle,848,16.96,1.8704531119333532,2.6896285561882878,0.01100141152256863,0.1541698096767683
PPO,circle,849,16.98,1.8697695627746325,2.6937253763022335,0.009781270064203368,0.17515147904129913
PPO,circle,850,17.0,1.86936665096554,2.6968935921159556,0.006933487689302811,0.17882413384418824
PPO,circle,851,17.02,1.8688464886198164,2.6996760866108214,0.004921274477786752,0.17958001905039778
PPO,circle,852,17.04,1.8681656025955522,2.7022685389138754,0.004243107771888328,0.1791475099654587
PPO,circle,853,17.06,1.867167423033918,2.7051514654765194,0.005512540996081344,0.17806019926852645
PPO,circle,854,17.080000000000002,1.8657927368066343,2.7086253514994363,0.00850015218107153,0.17595176009228597
PPO,circle,855,17.1,1.864049418469248,2.7127818299527418,0.010019859322588823,0.189738015022872
PPO,circle,856,17.12,1.862000111441902,2.717518355035023,0.0059678735677740355,0.18626983086285076
PPO,circle,857,17.14,1.8597832400621825,2.722568841838864,0.005053793710236142,0.18318133983485785
PPO,circle,858,17.16,1.8574580919800867,2.7279890637145616,0.009034226509776587,0.18113475975531035
PPO,circle,859,17.18,1.8551519924461177,2.7334356273791993,0.009078716048906678,0.1983230341971196
PPO,circle,860,17.2,1.8527011897221115,2.7381779935737502,0.006058741863991304,0.1931966145477868
PPO,circle,861,17.22,1.8502833772507965,2.74262767585163,0.006873885238850903,0.18246887330908024
PPO,circle,862,17.240000000000002,1.8478513046319753,2.747360626617822,0.010589595568488555,0.16852682135383823
PPO,circle,863,17.26,1.8454399682528673,2.7525883526832113,0.009909163582755582,0.1735054003075409
PPO,circle,864,17.28,1.8436395161574133,2.757620819331152,0.006963799939005557,0.16283263254502245
PPO,circle,865,17.3,1.8426590590529375,2.76174509203882,0.006601748898425617,0.16138612503132022
PPO,circle,866,17.32,1.8419961911195266,2.7650591684521184,0.00799058188611947,0.1631101318450221
PPO,circle,867,17.34,1.8413067007047015,2.767890819381767,0.01006020480739519,0.16339080779135218
PPO,circle,868,17.36,1.840530992331226,2.770432328147953,0.010673506036549872,0.1809124289699153
PPO,circle,869,17.38,1.8395126717899641,2.7731869331597108,0.008071594857619262,0.18027457495065266
PPO,circle,870,17.400000000000002,1.838135483094494,2.7764755481547954,0.005519575115684679,0.17884470928843843
PPO,circle,871,17.42,1.8363735039743185,2.780406144021381,0.004843608839667577,0.17629269346873144
PPO,circle,872,17.44,1.8342572842127085,2.7849528905300582,0.007919575848796996,0.17290382627250755
PPO,circle,873,17.46,1.8319204775116615,2.7898781505836645,0.010521498877362033,0.18795324012524484
PPO,circle,874,17.48,1.8294737167995176,2.7951135625046892,0.006249249018767203,0.1864601999121671
PPO,circle,875,17.5,1.827003380590938,2.8005833746464233,0.005875750198382811,0.1860972648907215
PPO,circle,876,17.52,1.8245352916647841,2.8057019774737637,0.00990569687750153,0.18232230123675963
PPO,circle,877,17.54,1.8221589806603387,2.8100706206773607,0.009723900190975746,0.1937431469057258
PPO,circle,878,17.56,1.8197287634409747,2.8146681895830854,0.006733142862763751,0.18421071431371772
PPO,circle,879,17.580000000000002,1.817259507882854,2.81978885004857,0.00712367610184531,0.17227454531652023
PPO,circle,880,17.6,1.8150679686204125,2.8250432762801174,0.010816720636783813,0.1612589104787574
PPO,circle,881,17.62,1.8136774963849989,2.8296137149572047,0.009235522557800385,0.17746017037511486
PPO,circle,882,17.64,1.8127752051753263,2.833549402682738,0.005852584727924026,0.17610137321788777
PPO,circle,883,17.66,1.8119194422199458,2.8367197108469338,0.004219338971995889,0.17525848491496232
PPO,circle,884,17.68,1.8109148624762295,2.8394309729891427,0.004834154278697141,0.17440157233855438
PPO,circle,885,17.7,1.809706473226193,2.8421202797086242,0.00692069020367813,0.17289891345720187
PPO,circle,886,17.72,1.8081536172848032,2.845193850621032,0.009988668276516835,0.17056069532772922
PPO,circle,887,17.740000000000002,1.8062029019551997,2.8488645116492672,0.008782943283101566,0.18416066385702257
PPO,circle,888,17.76,1.8038667237986123,2.8531677198127467,0.00533053596192593,0.180022622244429
PPO,circle,889,17.78,1.8012434565519095,2.857963470739056,0.005552232460165547,0.17544395651404446
PPO,circle,890,17.8,1.798492907979378,2.8630193643976978,0.009891086294676537,0.17187569721221863
PPO,circle,891,17.82,1.7956702188377738,2.8683933781174087,0.0083863245631501,0.1889147535198137
PPO,circle,892,17.84,1.7929238321110819,2.8736988675777777,0.005545262206668843,0.18776624302006614
PPO,circle,893,17.86,1.7901754773880014,2.8782728595425686,0.007713617863401243,0.18177235776903533
PPO,circle,894,17.88,1.7875753477590046,2.8828534402719033,0.011927375578477098,0.17208551951922546
PPO,circle,895,17.900000000000002,1.7850655258129369,2.8878464764328364,0.0082017036528741,0.18249626020331045
PPO,circle,896,17.92,1.7827259941671014,2.893193622256969,0.006064126660614556,0.17330439873099568
PPO,circle,897,17.94,1.7811737543094073,2.898095486478926,0.007730785535606995,0.17096621013027224
PPO,circle,898,17.96,1.7803364146027258,2.9021374263703192,0.010543588203566103,0.17716935193784566
PPO,circle,899,17.98,1.7796779707612074,2.9052275923534285,0.008856724840647381,0.19866492021793336
PPO,circle,900,18.0,1.7788680091262792,2.907889981270826,0.006160869766023202,0.1996291833347148
PPO,circle,901,18.02,1.7778294737950198,2.910405499918561,0.003801241042847587,0.1985320296761195
PPO,circle,902,18.04,1.7763739127143,2.9132253142775455,0.0026644852791644267,0.19611122093435895
PPO,circle,903,18.06,1.774425824723248,2.9166318445345634,0.005171655444726658,0.1925049957859284
PPO,circle,904,18.080000000000002,1.7720177306092724,2.920686535514729,0.00956558857076035,0.18817293339204033
PPO,circle,905,18.1,1.7692596391407458,2.9252405718471257,0.007419396466097684,0.19958695335415078
PPO,circle,906,18.12,1.766325384833624,2.930104792548138,0.0038622920362047547,0.19618737072342274
PPO,circle,907,18.14,1.7632785101587938,2.935303220773214,0.006504557797959,0.19307816232223285
PPO,circle,908,18.16,1.7602740711915774,2.9403653384807664,0.010841245984816493,0.2
PPO,circle,909,18.18,1.7571785632343346,2.9446274235781846,0.006887412827154367,0.19825072338377625
PPO,circle,910,18.2,1.7541791261508897,2.9487711343881067,0.005690984256477842,0.1854917566889882
PPO,circle,911,18.22,1.7512086836585699,2.9532778588430566,0.008402429136023945,0.17124914342906195
PPO,circle,912,18.240000000000002,1.7483133103464361,2.9582346932599224,0.011373688811056699,0.1763537456141835
PPO,circle,913,18.26,1.7461857084775099,2.962919108656797,0.007328699143846018,0.16825318967144698
PPO,circle,914,18.28,1.7449454200695604,2.966770933672204,0.005148485995439372,0.16900816070066327
PPO,circle,915,18.3,1.7440382527016882,2.9698377617266765,0.005236352275501954,0.17225595766942448
PPO,circle,916,18.32,1.743067125311173,2.9725215777086285,0.006867948515961681,0.17297896132320115
PPO,circle,917,18.34,1.7419732659472786,2.9749917667910397,0.009089695566075149,0.17256691716367634
PPO,circle,918,18.36,1.740524023354018,2.9777164700682204,0.010260603128537158,0.18767564012798132
PPO,circle,919,18.38,1.7386125640603678,2.9809817731598924,0.006892666988029163,0.18582332368968402
PPO,circle,920,18.400000000000002,1.736228335834676,2.984867163021633,0.004082592332426902,0.1826237340885486
PPO,circle,921,18.42,1.7334533719918792,2.989258215926782,0.005720632878155024,0.1788784258462739
PPO,circle,922,18.44,1.7304722205539218,2.993911162983013,0.01045567228611386,0.17578057816611103
PPO,circle,923,18.46,1.7273466710713692,2.998896865775363,0.007252573638890733,0.19164390563341446
PPO,circle,924,18.48,1.7242820855776295,3.0038776564703036,0.004783371069327682,0.19096048175422364
PPO,circle,925,18.5,1.7211959173301248,3.008163215676674,0.0076456744961898035,0.18544522944188646
PPO,circle,926,18.52,1.7182184878899935,3.0123073269930494,0.011822848162663994,0.1939950354546287
PPO,circle,927,18.54,1.7152711959021647,3.0167395718805095,0.007838696913379075,0.18284519505567687
PPO,circle,928,18.56,1.7123403404605573,3.021609121716061,0.006099018412929948,0.17019647013825434
PPO,circle,929,18.580000000000002,1.7101136430846862,3.026264195054855,0.008070731718864726,0.16303796581408303
PPO,circle,930,18.6,1.7087507131752042,3.0301289034627517,0.010939488497780096,0.1651336608190661
PPO,circle,931,18.62,1.7077359464870892,3.0331594077688155,0.008955108111734637,0.18614072433439421
PPO,circle,932,18.64,1.7066874266829044,3.0357865617059008,0.006313286986066139,0.18644105560810242
PPO,circle,933,18.66,1.7055329703405244,3.0381969486948455,0.004180467931089884,0.1854380619225653
PPO,circle,934,18.68,1.7040223105028682,3.040838468486184,0.0032841418233107594,0.18408622054708257
PPO,circle,935,18.7,1.702021164193938,3.0440044571612455,0.005389807484654406,0.18203132726019167
PPO,circle,936,18.72,1.6995141795273718,3.0477863141874337,0.009454425370230855,0.1790292732180374
PPO,circle,937,18.740000000000002,1.6965827187692242,3.0520866625176217,0.007869826727436698,0.19180071893371853
PPO,circle,938,18.76,1.6934298106744086,3.05667248046905,0.004176542662507996,0.18937019689715306
PPO,circle,939,18.78,1.6901225371024582,3.061594337250532,0.006139706992277441,0.1875056283776555
PPO,circle,940,18.8,1.6868488853007657,3.0665498083077662,0.011302419188181027,0.2
PPO,circle,941,18.82,1.6835606632392328,3.0708113567612036,0.006973094808198639,0.19878438138111854
PPO,circle,942,18.84,1.6803334221908885,3.074769242994137,0.005344860758697431,0.18873120628881246
PPO,circle,943,18.86,1.6770426652276718,3.0789823699097227,0.007890529118253576,0.17590075113349268
PPO,circle,944,18.88,1.6736701800546017,3.083653207727823,0.011631826219487933,0.17979840350817877
PPO,circle,945,18.900000000000002,1.6709071833203124,3.088262609211399,0.0074582581686336285,0.16894904120063445
PPO,circle,946,18.92,1.6691052202520846,3.092150116185464,0.005337158511351502,0.16618635887817934
PPO,circle,947,18.94,1.667780065597708,3.095380509290149,0.005647295731853221,0.16691841560589715
PPO,circle,948,18.96,1.6665622895474737,3.0980614815826937,0.007405428464868838,0.16703063803954077
PPO,circle,949,18.98,1.665328397116998,3.1004130075890917,0.00958653945172399,0.16634070941928858
PPO,circle,950,19.0,1.6638287912229082,3.1028988468079226,0.010073512322653137,0.18202124838188283
PPO,circle,951,19.02,1.66188084789051,3.1058468994560657,0.006928430292740416,0.18121753629626713
PPO,circle,952,19.04,1.6594376321329767,3.10937850261338,0.004163749952404632,0.17931555522734666
PPO,circle,953,19.06,1.6565113347044533,3.1134554852298324,0.005377602816751936,0.1762974089699787
PPO,circle,954,19.080000000000002,1.653273084738774,3.1178272269280565,0.009950526700532291,0.17328105948126016
PPO,circle,955,19.1,1.6498566623206272,3.122424035326464,0.007724819572760503,0.18894828386989906
PPO,circle,956,19.12,1.6464041216485605,3.1272119209299944,0.004704671802868911,0.1888780215425481
PPO,circle,957,19.14,1.6430539459050195,3.1316750924449885,0.007192683338099818,0.18583028210604183
PPO,circle,958,19.16,1.6399683830536227,3.135492492881102,0.011440163048767705,0.17863349914173643
PPO,circle,959,19.18,1.6368214946627666,3.1395454373553853,0.0079556105334918,0.1888567936964938
PPO,circle,960,19.2,1.6335284708393183,3.144093860672931,0.0056668097279655725,0.1782565840455277
PPO,circle,961,19.22,1.6305258187211182,3.1487665468284676,0.007734332723133073,0.16835134198449264
PPO,circle,962,19.240000000000002,1.6284119684991374,3.152882768034994,0.011168203674087256,0.164905960466883
PPO,circle,963,19.26,1.6268022785132232,3.156458141337765,0.008091858842726837,0.1804477235486077
PPO,circle,964,19.28,1.625358472154678,3.159255825981739,0.00529586527531314,0.17883294515651293
PPO,circle,965,19.3,1.6238385278865115,3.1615929891166856,0.0036384492375859385,0.1765746824834613
PPO,circle,966,19.32,1.622112816856866,3.16390549458368,0.0039454959951055624,0.17370810948846405
PPO,circle,967,19.34,1.6199795221108508,3.1665569558827964,0.006369455239905677,0.1704678398698869
PPO,circle,968,19.36,1.617350598630948,3.1697525671017,0.010123385659157628,0.16656659651328545
PPO,circle,969,19.38,1.614231062586811,3.173523546041995,0.00799650483819142,0.17911099397350053
PPO,circle,970,19.400000000000002,1.610769607083511,3.1777238015466307,0.00478653283428615,0.17513979310238792
PPO,circle,971,19.42,1.607159079974819,3.182171004444892,0.006582127774328161,0.17223460790635414
PPO,circle,972,19.44,1.6034502656394807,3.186916137922568,0.011597773015882927,0.17114597101449291
PPO,circle,973,19.46,1.599848733077938,3.191579637718702,0.0069230842116071774,0.18898263221124356
PPO,circle,974,19.48,1.596454916262395,3.1955044605910046,0.005562068643840807,0.18447574419525115
PPO,circle,975,19.5,1.5932157164521346,3.199494745893805,0.008088974968479424,0.176645707105477
PPO,circle,976,19.52,1.5899936548244848,3.203921600109889,0.011263311081441955,0.18805765789147966
PPO,circle,977,19.54,1.5868615140750364,3.2087026499538847,0.0066152803999114,0.1808009257293595
PPO,circle,978,19.56,1.5845537948621846,3.21320552632459,0.004435683649689234,0.1798925019916764
PPO,circle,979,19.580000000000002,1.5830019823879218,3.2170249701385027,0.00589069916236074,0.18611613396603754
PPO,circle,980,19.6,1.581734402581478,3.219922413767719,0.008366577988940983,0.19103989506934482
PPO,circle,981,19.62,1.5803857143048738,3.2223709711343065,0.010415562860328374,0.2
PPO,circle,982,19.64,1.5788432496791631,3.2246310376156235,0.00771347290079391,0.2
PPO,circle,983,19.66,1.576831239114229,3.227122910219937,0.004697220852463381,0.2
PPO,circle,984,19.68,1.5742242337016426,3.2301160926323007,0.0021814723187413582,0.196911008455384
PPO,circle,985,19.7,1.5710482442793074,3.233658330111074,0.005082682925246348,0.1924104539627045
PPO,circle,986,19.72,1.5674583818135712,3.2376058407499855,0.010172855653915342,0.18796916735497682
PPO,circle,987,19.740000000000002,1.563649577635728,3.2418228150568837,0.006394729863742906,0.19967057587366188
PPO,circle,988,19.76,1.5597045598090373,3.2463295621106143,0.003529812526140117,0.19698902473166416
PPO,circle,989,19.78,1.5558231424211861,3.250695397960425,0.007359014869986804,0.19309527085323186
PPO,circle,990,19.8,1.5520194475546758,3.254270520795354,0.010498066204212043,0.2
PPO,circle,991,19.82,1.5483441814269063,3.257820781850168,0.0067616474113748526,0.18994078747832344
PPO,circle,992,19.84,1.5446463380794342,3.2617798557518705,0.005595104021759797,0.17757912457332825
PPO,circle,993,19.86,1.5409893876588856,3.266148664475808,0.00872294333301151,0.1648754726642414
PPO,circle,994,19.88,1.538156999065497,3.2703778557639445,0.01046460048192048,0.1773983604745828
PPO,circle,995,19.900000000000002,1.536288433897057,3.2739428359052916,0.006715835675186865,0.17944925680910462
PPO,circle,996,19.92,1.5348493075797671,3.2767479378100735,0.0041373475800376095,0.18288806579482486
PPO,circle,997,19.94,1.5333977087139792,3.2791483341147987,0.003184372499827084,0.18305038664420614
PPO,circle,998,19.96,1.5318333060755986,3.2813362123812944,0.004420437463629174,0.18168802713109145
PPO,circle,999,19.98,1.5298463997334086,3.283723758132212,0.007055815090989391,0.17988425135514238
PPO,circle,1000,20.0,1.5272833574730764,3.2865787725434172,0.010704492277501297,0.17732071079742617
PPO,circle,1001,20.02,1.5241399413750067,3.289973179652831,0.0068838810129432035,0.18943268815322067
PPO,circle,1002,20.04,1.5205531900030085,3.2937782826290887,0.003617067828558873,0.18605896914279185
PPO,circle,1003,20.06,1.516735111066846,3.297811735460326,0.00605139536675013,0.18324265103130077
PPO,circle,1004,20.080000000000002,1.5127460694448014,3.3021295873825274,0.01112253392115374,0.19797739485955201
PPO,circle,1005,20.1,1.5088242928094366,3.306410439269229,0.006193788414555458,0.19670769183119763
PPO,circle,1006,20.12,1.5050174993848295,3.3099973836464245,0.004757257707206425,0.19089860307826356
PPO,circle,1007,20.14,1.5013487067966251,3.3135445993578827,0.007707708942440346,0.1808041225665118
PPO,circle,1008,20.16,1.4976609502634135,3.3174512091196733,0.011192557143765445,0.18863978710777737
PPO,circle,1009,20.18,1.4939624633323079,3.3217667896385907,0.006696708879851693,0.17806426532662822
PPO,circle,1010,20.2,1.4910411444775613,3.3259591637875103,0.004755431916738098,0.17298552319319516
PPO,circle,1011,20.22,1.489049866381404,3.329516564491266,0.006206544080846264,0.1760882641156032
PPO,circle,1012,20.240000000000002,1.487465900964091,3.332298353277664,0.008633150674214688,0.18014059495763224
PPO,circle,1013,20.26,1.4858843668272899,3.3346639302896697,0.010447527186113971,0.19497748943187165
PPO,circle,1014,20.28,1.484217614933026,3.336805116783957,0.007799197309318243,0.19316158382734727
PPO,circle,1015,20.3,1.4821338211497281,3.339127739609191,0.004942718863740154,0.19086643136575798
PPO,circle,1016,20.32,1.479453916589381,3.341894571798569,0.00266693929073931,0.18802202558611114
PPO,circle,1017,20.34,1.4761704011353898,3.345179424487789,0.00510695432338742,0.18458420754187624
PPO,circle,1018,20.36,1.4724261784978017,3.3488625111756614,0.0099870800378509,0.18111194711939316
PPO,circle,1019,20.38,1.4684482860583037,3.35277551988818,0.006820269026358588,0.19430156655727338
PPO,circle,1020,20.400000000000002,1.4642963959458088,3.3569875867435854,0.0036084721393311904,0.19292506054474054
PPO,circle,1021,20.42,1.460221800449718,3.361152939364305,0.006948077540366864,0.19152938102968342
PPO,circle,1022,20.44,1.4562574853063162,3.364604731187955,0.010772859230471358,0.2
PPO,circle,1023,20.46,1.4524058258715768,3.3679929897241805,0.006752465750769181,0.19257540374276516
PPO,circle,1024,20.48,1.4485286026003439,3.3716997338857078,0.005092833157266467,0.18177714523209332
PPO,circle,1025,20.5,1.444606012106675,3.3758286290173762,0.008080046083121638,0.17023798623146202
PPO,circle,1026,20.52,1.4414348789479303,3.3799117109368266,0.010529593589451738,0.18203041908454765
PPO,circle,1027,20.54,1.4392460333932757,3.3834159943041793,0.006585743872344207,0.18376854701517423
PPO,circle,1028,20.56,1.4375448971491138,3.386192533422794,0.0037541574689352107,0.1872169814992608
PPO,circle,1029,20.580000000000002,1.4358859708553142,3.388555878601087,0.002602806589076255,0.18751869259187437
PPO,circle,1030,20.6,1.434169806429819,3.3906685715617626,0.004016480351101651,0.18633369132604205
PPO,circle,1031,20.62,1.432036247532977,3.392930928810701,0.006788901522414035,0.18479234573658498
PPO,circle,1032,20.64,1.4292857134996462,3.3956102285905394,0.010511103651327843,0.18256663864666667
PPO,circle,1033,20.66,1.4259005516103989,3.398784611498576,0.006597350975739735,0.19394837304883072
PPO,circle,1034,20.68,1.4220219046427538,3.402343055077534,0.0029412331877763463,0.19083935679292627
PPO,circle,1035,20.7,1.4178871338143308,3.406107865531668,0.005694461611933324,0.1882521064945859
PPO,circle,1036,20.72,1.413557511146083,3.4101451308362223,0.010804417201476844,0.2
PPO,circle,1037,20.740000000000002,1.4093088985713862,3.4141546101643323,0.005650631041161835,0.2
PPO,circle,1038,20.76,1.405216738448783,3.417450437136099,0.004132374034380615,0.19560713052776713
PPO,circle,1039,20.78,1.4012400828895621,3.4206707201264828,0.007454843197647072,0.18562057711801838
PPO,circle,1040,20.8,1.3972118713567008,3.42420460363513,0.010852612422658876,0.19222259715101142
PPO,circle,1041,20.82,1.393111601473008,3.428141131433484,0.006346451192584595,0.1803811902682657
PPO,circle,1042,20.84,1.389773614717007,3.4320444018821297,0.00458596298356068,0.17363168898771428
PPO,circle,1043,20.86,1.3874621165695011,3.4353896368348056,0.006276634169609547,0.17481234304474302
PPO,circle,1044,20.88,1.385662577507467,3.438059151725462,0.008777859820581284,0.17828642783803428
PPO,circle,1045,20.900000000000002,1.3839701600122138,3.440307782597615,0.010247577795372683,0.1934937331427129
PPO,circle,1046,20.92,1.3822521470406113,3.4422943872247833,0.007663542090559741,0.1924254863450079
PPO,circle,1047,20.94,1.3801273917695598,3.4444219272627348,0.004845720716885128,0.19085248741569763
PPO,circle,1048,20.96,1.3773802314931036,3.4469314207222146,0.0023771569586722454,0.18865171077816534
PPO,circle,1049,20.98,1.3739808206702993,3.4499001961708844,0.004653397188294381,0.18557053643885002
PPO,circle,1050,21.0,1.3700550289893796,3.4532452940262477,0.009492678726361555,0.18217212938030336
PPO,circle,1051,21.02,1.3658586978941647,3.4567943438961994,0.007078095387469298,0.19482095277567701
PPO,circle,1052,21.04,1.3614537220102012,3.4606297601664577,0.0032993593297778747,0.1936097959640941
PPO,circle,1053,21.06,1.35711560063893,3.4644882915283803,0.006254878261104869,0.19304776240575092
PPO,circle,1054,21.080000000000002,1.3529338976869856,3.4676863036964654,0.011144366784165615,0.2
PPO,circle,1055,21.1,1.3488673524126942,3.4707634647652346,0.006914281417232726,0.19577749625990928
PPO,circle,1056,21.12,1.344768808372827,3.474085702038954,0.004673483746081978,0.18555124288090408
PPO,circle,1057,21.14,1.340545094130139,3.4778269540388815,0.0073055793325944585,0.1737971538287182
PPO,circle,1058,21.16,1.3369970914267664,3.4816262851624473,0.01108856530103966,0.18403665519672785
PPO,circle,1059,21.18,1.334485517144795,3.484932728579179,0.007080201247029262,0.18416728020913986
PPO,circle,1060,21.2,1.3325096707326551,3.487623488868293,0.0040420959119670365,0.18676021762393624
PPO,circle,1061,21.22,1.3306732431797863,3.4898795159840947,0.002393385098696435,0.18705658426798522
PPO,circle,1062,21.240000000000002,1.328855534095409,3.4918374304186695,0.0034232348658647517,0.18598713531207522
PPO,circle,1063,21.26,1.3266519527424077,3.493894342219864,0.006050337077420708,0.18457080602139708
PPO,circle,1064,21.28,1.3238150074696198,3.49631123163593,0.00965412728302418,0.1826421712206141
PPO,circle,1065,21.3,1.320302097364274,3.499174226885538,0.007396713959509874,0.19392624369996714
PPO,circle,1066,21.32,1.316226934367723,3.5024120684530087,0.003156195115303862,0.19091912810936051
PPO,circle,1067,21.34,1.3118541151002907,3.505841130123547,0.004709219276033625,0.18842787892208612
PPO,circle,1068,21.36,1.3072611245044943,3.509521104835367,0.010105688021594842,0.18687400743149585
PPO,circle,1069,21.38,1.302732963780605,3.5132367944509397,0.006377429130818027,0.2
PPO,circle,1070,21.400000000000002,1.2984113226622855,3.5163123726375556,0.00373994203828193,0.19845167249404838
PPO,circle,1071,21.42,1.2942314150380878,3.5192250047086278,0.006458650436869076,0.18968619720325464
PPO,circle,1072,21.44,1.289996990493512,3.522369506002408,0.011130769354714135,0.17920455199943497
PPO,circle,1073,21.46,1.2856212243905512,3.5259066638821857,0.006994450771290977,0.18488827945590725
PPO,circle,1074,21.48,1.2818762493752813,3.5295494153771867,0.004322807775272987,0.17739481546741676
PPO,circle,1075,21.5,1.2792194145509794,3.5327535610648866,0.005463414710831677,0.17718779327029477
PPO,circle,1076,21.52,1.277199426446636,3.5354270561698984,0.007918073529444434,0.18063235658826038
PPO,circle,1077,21.54,1.2754504412568661,3.5375269495586865,0.010354380582814952,0.1823581414474944
PPO,circle,1078,21.56,1.2737303907919617,3.5393014504762337,0.008660246873803769,0.19525326962195333
PPO,circle,1079,21.580000000000002,1.2716516401391849,3.5411410654669786,0.0059674390163866895,0.19349566419549635
PPO,circle,1080,21.6,1.2689484858095403,3.5432975069467174,0.002960606588652871,0.19139754542333787
PPO,circle,1081,21.62,1.2655494386501451,3.5458727074205454,0.0030049014706441534,0.1884516649965926
PPO,circle,1082,21.64,1.2614996299252854,3.548832214192725,0.007499876223784321,0.1846420517419034
PPO,circle,1083,21.66,1.257060719662849,3.5519770587270214,0.008890246280761419,0.1959164383137395
PPO,circle,1084,21.68,1.2523663934112745,3.555333212786272,0.004118343901527044,0.19410599621981017
PPO,circle,1085,21.7,1.2476595712769931,3.5588324368169886,0.004626369517109611,0.19329499213250312
PPO,circle,1086,21.72,1.2431786392199111,3.5618823278608462,0.009386613614835589,0.18990744364684709
PPO,circle,1087,21.740000000000002,1.2390246595112009,3.5644919661362886,0.008625278028478577,0.1987391532796936
PPO,circle,1088,21.76,1.234757893061891,3.567332456812277,0.005274308662739224,0.18943043882106103
PPO,circle,1089,21.78,1.2302308078821895,3.5705694531801577,0.00591121029833848,0.1772582979196908
PPO,circle,1090,21.8,1.2260347764977724,3.5740202768812064,0.009900975788504462,0.1668019347146643
PPO,circle,1091,21.82,1.2228949256248385,3.577192055556,0.008956008501896606,0.17971166731170563
PPO,circle,1092,21.84,1.2203819459026304,3.580028088002863,0.00546460373849562,0.17759735658142528
PPO,circle,1093,21.86,1.2182647566758056,3.5822172582082032,0.003310008345020515,0.17622938757063267
PPO,circle,1094,21.88,1.2162110213939257,3.583967332063803,0.003354645146893668,0.17385113823847664
PPO,circle,1095,21.900000000000002,1.2139541745741143,3.585644555234598,0.005308501905121021,0.1709720694047272
PPO,circle,1096,21.92,1.2111905459023682,3.587537721383384,0.00835013319529953,0.16805427727690425
PPO,circle,1097,21.94,1.207787568251479,3.589813760672813,0.00977855419422387,0.18046281212147441
PPO,circle,1098,21.96,1.2037469788118633,3.592509744873496,0.005692800401432186,0.17697340163713982
PPO,circle,1099,21.98,1.1992540360974255,3.5955062950054524,0.004187491962594927,0.1735324132927536
PPO,circle,1100,22.0,1.1945401694726956,3.5986972992764095,0.008043112643708165,0.17157430673737117
PPO,circle,1101,22.02,1.1896992736410816,3.602123693279239,0.009362435179123307,0.18891875454846832
PPO,circle,1102,22.04,1.185062544014415,3.6054343701253035,0.005211947572697793,0.18868721012501055
PPO,circle,1103,22.06,1.1809650163828604,3.6081456768712084,0.005361925309170054,0.18450566862652984
PPO,circle,1104,22.080000000000002,1.176969056486751,3.6110211925002127,0.008771437003099725,0.1788946641952638
PPO,circle,1105,22.1,1.172769109997669,3.6143454703355746,0.009489895778010859,0.191380525644111
PPO,circle,1106,22.12,1.1685705278705512,3.6179912099368687,0.004965020155077396,0.18620461443955172
PPO,circle,1107,22.14,1.1652580275265527,3.6215571028718654,0.0037800788335858215,0.18683898933350027
PPO,circle,1108,22.16,1.1626876247858442,3.6247024298455908,0.006330401854956721,0.1924094328218393
PPO,circle,1109,22.18,1.1605205712005302,3.6270491960266664,0.009211917920732353,0.19568913148935607
PPO,circle,1110,22.2,1.1584076815453788,3.6289156574410484,0.009150974258590194,0.2
PPO,circle,1111,22.22,1.156151883040479,3.6305606054197117,0.006385751209859409,0.2
PPO,circle,1112,22.240000000000002,1.1533671874151066,3.6323156533569856,0.0032731087790117534,0.2
PPO,circle,1113,22.26,1.1498643282109524,3.6344044714615644,0.0019556157340258023,0.19563725650357178
PPO,circle,1114,22.28,1.1456693292106084,3.636859816244581,0.006259977177003585,0.19057605851888315
PPO,circle,1115,22.3,1.1410248437977073,3.639569779919245,0.009993945256370268,0.2
PPO,circle,1116,22.32,1.1361178338385851,3.6425142357562854,0.004885294987981519,0.19700445690534885
PPO,circle,1117,22.34,1.1310850073853922,3.6456699667506047,0.0036785516761970137,0.19469320161717096
PPO,circle,1118,22.36,1.1262272339272763,3.648576404088625,0.008370507333454867,0.19051426022982465
PPO,circle,1119,22.38,1.121815346804532,3.6508602845177798,0.009324613218808007,0.19854561420373962
PPO,circle,1120,22.400000000000002,1.1174732971406132,3.6533096952079394,0.005622759800897188,0.18916796876953332
PPO,circle,1121,22.42,1.1129546980690685,3.6561965311552997,0.0049855500067618845,0.17988628955141373
PPO,circle,1122,22.44,1.1084668648730556,3.659450699309778,0.008678633533073526,0.17127623708350104
PPO,circle,1123,22.46,1.104909547391799,3.6627241749984227,0.009418299534520837,0.18625782531429547
PPO,circle,1124,22.48,1.1021839874113066,3.665661841442933,0.005496792321093993,0.18994525751464678
PPO,circle,1125,22.5,1.0999154342535136,3.667911926744761,0.0026482775512833403,0.1921836508079284
PPO,circle,1126,22.52,1.0977334098082212,3.6697313909319367,0.002099204556920554,0.1913181530109629
PPO,circle,1127,22.54,1.0954401768495872,3.671329638361883,0.00429843476330577,0.1889165596629594
PPO,circle,1128,22.56,1.092627971121054,3.67302131601205,0.007460779211294957,0.1856577718433714
PPO,circle,1129,22.580000000000002,1.0890968439148485,3.6750145985081657,0.00989235217209603,0.19527648829678323
PPO,circle,1130,22.6,1.0848658967794267,3.6773480641183443,0.005412983371960803,0.1912489173618166
PPO,circle,1131,22.62,1.0801660849836556,3.679922181849092,0.002821114107634017,0.18739345176507705
PPO,circle,1132,22.64,1.0752001244250844,3.682697100141509,0.006919682891376455,0.18453665320242152
PPO,circle,1133,22.66,1.0701040465891214,3.6856677328423597,0.009498730434822527,0.19855251437448906
PPO,circle,1134,22.68,1.0651962658338232,3.6884164468994887,0.00490083966952622,0.19573267509793088
PPO,circle,1135,22.7,1.0607581565767727,3.6905940395286323,0.004491832072021552,0.18841203209108048
PPO,circle,1136,22.72,1.056353491257887,3.6929536960818106,0.008033277516218976,0.17976384912748955
PPO,circle,1137,22.740000000000002,1.0517437244622199,3.6957272371085588,0.010034728891886096,0.18847039057058804
PPO,circle,1138,22.76,1.0471704330082798,3.698848557090846,0.005505666179319736,0.1804478503651179
PPO,circle,1139,22.78,1.0435410852491778,3.701990025818379,0.0038152334161866415,0.17901833994539285
PPO,circle,1140,22.8,1.040670152628197,3.7048351976043534,0.005914130414511469,0.18272485643520667
PPO,circle,1141,22.82,1.0382505603806647,3.707015564560824,0.008737326281473364,0.1849828260023605
PPO,circle,1142,22.84,1.03594204140591,3.708758844328892,0.009749460293183678,0.197366671365379
PPO,circle,1143,22.86,1.0335329296075804,3.7102862018821083,0.0069465647828382765,0.1948927922364767
PPO,circle,1144,22.88,1.030597170572171,3.711897616692047,0.0038490944992641465,0.19159105611595617
PPO,circle,1145,22.900000000000002,1.0269249318365672,3.7137851306924206,0.00221630211715157,0.18763439885183697
PPO,circle,1146,22.92,1.0225433083204443,3.715981342337556,0.006133299085626391,0.18325717689060017
PPO,circle,1147,22.94,1.0177090441007215,3.7183915185580876,0.010353890757256163,0.19401881898069284
PPO,circle,1148,22.96,1.0126073670613318,3.7210113405764327,0.005292216454584595,0.19156462890675385
PPO,circle,1149,22.98,1.0073913166846051,3.723816311174559,0.003808369621256316,0.19015961204061682
PPO,circle,1150,23.0,1.0023701523644737,3.726344073028589,0.008221246626282914,0.18676996997234685
PPO,circle,1151,23.02,0.9978013200093189,3.7283269743821754,0.009706026467446234,0.1956130995841443
PPO,circle,1152,23.04,0.9931869468250065,3.7305057021883212,0.005948756033215899,0.1870882447465787
PPO,circle,1153,23.06,0.9883620995806712,3.7330602979335885,0.005258854533932354,0.17710334008987694
PPO,circle,1154,23.080000000000002,0.9836297634854845,3.735954877261749,0.008802104796494323,0.16806551461655772
PPO,circle,1155,23.1,0.979894392223901,3.738882163695101,0.009715492633579818,0.1829816556408117
PPO,circle,1156,23.12,0.9769225987085647,3.7415483767201776,0.0058661475431200805,0.18525011854219198
PPO,circle,1157,23.14,0.9744507425486683,3.743564568117116,0.0031686245796202816,0.18627930600312137
PPO,circle,1158,23.16,0.9721126611054574,3.7451543412240946,0.0025705957440231714,0.18462211688650232
PPO,circle,1159,23.18,0.9696690665608388,3.7465472819796917,0.004486374688820174,0.1818505156575574
PPO,circle,1160,23.2,0.9667016310556784,3.748023488904936,0.007563840658061576,0.17858287393604133
PPO,circle,1161,23.22,0.9629973136706674,3.7497668060254616,0.010108541874776937,0.18940437688037726
PPO,circle,1162,23.240000000000002,0.9585767543777012,3.7518189129162383,0.005750020813447978,0.18568952184737775
PPO,circle,1163,23.26,0.9536829185062808,3.7540958590362457,0.0034526406707604215,0.18232044355914656
PPO,circle,1164,23.28,0.948523579902825,3.756569605520423,0.007258258833994067,0.1801664357331978
PPO,circle,1165,23.3,0.9432290808363304,3.759242664297445,0.009584262337285638,0.19588472383959574
PPO,circle,1166,23.32,0.9381389155460861,3.7617184608199956,0.005121235219051256,0.1941323701656339
PPO,circle,1167,23.34,0.9335553123059349,3.7636658861261987,0.00486097490099403,0.187846416353719
PPO,circle,1168,23.36,0.9289983336979372,3.7657955732884805,0.008354874524335637,0.1801817029838686
PPO,circle,1169,23.38,0.9242135492530775,3.7683182570046445,0.009862635724180205,0.1901734294472108
PPO,circle,1170,23.400000000000002,0.9194468441284414,3.7711879749685626,0.0053667376610613835,0.1832957672448705
PPO,circle,1171,23.42,0.91562584121164,3.774136585672542,0.00389016241559542,0.18288913002356463
PPO,circle,1172,23.44,0.9126360117436662,3.7768044506775373,0.00608392062040539,0.18784600422513886
PPO,circle,1173,23.46,0.9101742453829387,3.7787810820655103,0.00883663792420515,0.19102864369547756
PPO,circle,1174,23.48,0.9078345544560885,3.780320665324414,0.009679497341824134,0.2
PPO,circle,1175,23.5,0.9053900286156775,3.7816354141255357,0.006941318113186939,0.2
PPO,circle,1176,23.52,0.9024030498434618,3.7829918653957475,0.0038668088730781673,0.19683180882699958
PPO,circle,1177,23.54,0.8986490682868457,3.784575427464375,0.0020136803488224496,0.19255114626725423
PPO,circle,1178,23.56,0.894148859782762,3.786418653068037,0.005890876003107863,0.18795300846449692
PPO,circle,1179,23.580000000000002,0.8891688556718573,3.788440981735954,0.010537090565718221,0.1983692594485369
PPO,circle,1180,23.6,0.8838886486350103,3.790659800452931,0.005415403221318434,0.195831533122254
PPO,circle,1181,23.62,0.8784957678820323,3.793049510355189,0.003606853446680302,0.19433265448313453
PPO,circle,1182,23.64,0.8733108197623146,3.795165223412416,0.007936197150953197,0.190878888195666
PPO,circle,1183,23.66,0.8685936367933837,3.796781712160485,0.009942803911772664,0.19943497737849913
PPO,circle,1184,23.68,0.8638135046856121,3.79859144323608,0.00611340559502716,0.19032718695091955
PPO,circle,1185,23.7,0.8588079722302925,3.8007606094626056,0.005181741822546636,0.18006764391229968
PPO,circle,1186,23.72,0.8538747120266927,3.8032678464355785,0.008581861513900658,0.17070311170793404
PPO,circle,1187,23.740000000000002,0.8499421236702536,3.8058692967719434,0.010041587603943341,0.18499562143701898
PPO,circle,1188,23.76,0.8467918740112211,3.808264559736862,0.006225335642967231,0.1867469073601189
PPO,circle,1189,23.78,0.8441627208175777,3.8100733704837917,0.003490402897063459,0.18739286673361377
PPO,circle,1190,23.8,0.8416897128553729,3.8114831569044427,0.00261850249159541,0.18541247534203986
PPO,circle,1191,23.82,0.8391329487063145,3.8126917377072895,0.0043264042841793275,0.18242212467367658
PPO,circle,1192,23.84,0.8360526147461627,3.8139514121455296,0.007350300137076961,0.17905506459457943
PPO,circle,1193,23.86,0.8322244631487391,3.815429268313866,0.010423723629076906,0.19018015646209108
PPO,circle,1194,23.88,0.8276718962702078,3.81716789528672,0.006066200149576909,0.1866618373838298
PPO,circle,1195,23.900000000000002,0.8226540034895808,3.8190954861304487,0.0035434781013605854,0.18362940607481715
PPO,circle,1196,23.92,0.8173573446426694,3.821211836857547,0.007034884900485758,0.18190171544659517
PPO,circle,1197,23.94,0.8119338520953491,3.8235094043992137,0.00992954243283853,0.1982725524210922
PPO,circle,1198,23.96,0.8067316307686052,3.8255844270394546,0.005418137871474783,0.19707075550209566
PPO,circle,1199,23.98,0.8020311843858025,3.8271841681805796,0.0047586637274284185,0.19093561930350855
PPO,circle,1200,24.0,0.7972681140587529,3.828970596750911,0.008094333689728323,0.18341742704671748
PPO,circle,1201,24.02,0.7922445186740444,3.831100934603684,0.010213400445679298,0.19268468236061853
PPO,circle,1202,24.04,0.7872683278227941,3.8335639895349325,0.005713696794597922,0.18505997608228422
PPO,circle,1203,24.060000000000002,0.7832909471798759,3.836138341231407,0.003965913097023443,0.18360597283547886
PPO,circle,1204,24.080000000000002,0.780091881175039,3.83847923194397,0.005854947756145828,0.18690129827083002
PPO,circle,1205,24.1,0.7774098426692664,3.840212346582404,0.008573020969327095,0.18849715412324916
PPO,circle,1206,24.12,0.7748803149159137,3.841540675412237,0.010079802609547295,0.2
PPO,circle,1207,24.14,0.7722634945876627,3.842660725393908,0.0073108702451726805,0.19729509749018614
PPO,circle,1208,24.16,0.7691075079526871,3.843808388221146,0.004276712324888441,0.1935039819849731
PPO,circle,1209,24.18,0.7651810835513059,3.8451433397162087,0.0025335197153963877,0.18937535043754306
PPO,circle,1210,24.2,0.7605159456742738,3.8467000383258645,0.006087651629608985,0.18518138561785324
PPO,circle,1211,24.22,0.7553947721725223,3.8484151489132397,0.010667739708301175,0.1969774207643216
PPO,circle,1212,24.240000000000002,0.7499726817232927,3.8503266956306073,0.005623616306864589,0.1952078262669783
PPO,circle,1213,24.26,0.7444362938649892,3.852407726967607,0.003897582966516659,0.19470608249163046
PPO,circle,1214,24.28,0.7391258355320365,3.8541957186905482,0.008095746177622645,0.1921340670286149
PPO,circle,1215,24.3,0.7342941881398927,3.8555134628496046,0.009952464242241048,0.2
PPO,circle,1216,24.32,0.7293650147866478,3.8570111560006977,0.00616102728883607,0.19301623686371538
PPO,circle,1217,24.34,0.7241771836821654,3.8588336103254552,0.005376975889360173,0.18261185402030478
PPO,circle,1218,24.36,0.7190724309580256,3.8609981430120954,0.008801262624278045,0.17343787423388157
PPO,circle,1219,24.38,0.7150025304435622,3.8633074793609534,0.009956257037941825,0.18796637071501188
PPO,circle,1220,24.400000000000002,0.711756526602622,3.865432020879264,0.006231026686932315,0.1892971515239319
PPO,circle,1221,24.42,0.7090355030565548,3.8670245823664957,0.003567644963402211,0.1896511016178728
PPO,circle,1222,24.44,0.706468563074738,3.868246336256543,0.002737954520045805,0.18759558745352226
PPO,circle,1223,24.46,0.7038258776113441,3.869268022660647,0.00441636723329213,0.18459955748583032
PPO,circle,1224,24.48,0.700656938289382,3.8703048772604354,0.007422684197936805,0.1811925314189393
PPO,circle,1225,24.5,0.6967256918290333,3.8715077837032057,0.010411938554913552,0.19245390353112501
PPO,circle,1226,24.52,0.6920530342944446,3.8729206921329533,0.006072242910611153,0.18901296573242732
PPO,circle,1227,24.54,0.6869060196825509,3.874489087501741,0.003627281773617738,0.1861667439357033
PPO,circle,1228,24.560000000000002,0.6814578099492163,3.876233515084934,0.007132377518857111,0.18464297616502012
PPO,circle,1229,24.580000000000002,0.6758786050085038,3.8781466788689687,0.009869328654552666,0.2
PPO,circle,1230,24.6,0.6705271028800514,3.8798260074933992,0.005401256047614931,0.2
PPO,circle,1231,24.62,0.6656831612003249,3.8810660181191583,0.004871849082269685,0.1939966331894052
PPO,circle,1232,24.64,0.6607552439997121,3.882480043313474,0.008291568877665157,0.18625824686089398
PPO,circle,1233,24.66,0.6555614573327132,3.884205066516198,0.010127989174411864,0.19522601241688875
PPO,circle,1234,24.68,0.6504149785846883,3.8862620231784506,0.005760810150051032,0.18725070784948805
PPO,circle,1235,24.7,0.6462807512295962,3.8884950574917903,0.004213359804235384,0.18526767424972945
PPO,circle,1236,24.72,0.6429506437351881,3.8905481088833365,0.006059734406123207,0.18807783102205544
PPO,circle,1237,24.740000000000002,0.6402019842262047,3.8920175641246044,0.0086771616082265,0.18926257814779834
PPO,circle,1238,24.76,0.6376256675474371,3.8931025142502578,0.010185896062922702,0.2
PPO,circle,1239,24.78,0.6349678439894653,3.8939916686990252,0.007491013006256651,0.19744211664312505
PPO,circle,1240,24.8,0.6317729916424037,3.8948833225485493,0.004571599006185979,0.1933957608368848
PPO,circle,1241,24.82,0.627795375231673,3.8959220591701484,0.0028587298149844484,0.18920611851662184
PPO,circle,1242,24.84,0.623061977850811,3.897143243539217,0.006091982837117535,0.18514208137256638
PPO,circle,1243,24.86,0.6178632309148799,3.8985011124184816,0.010956751652204971,0.19774594929345568
PPO,circle,1244,24.88,0.6123424338021689,3.900050067558717,0.005953229519870991,0.1965171651288955
PPO,circle,1245,24.900000000000002,0.6066934698170395,3.901774185539243,0.004001466632219885,0.19670901755374623
PPO,circle,1246,24.92,0.6012832451664097,3.903227654797089,0.007967151613033735,0.19494666237742922
PPO,circle,1247,24.94,0.596377266391085,3.904250644349777,0.01017494948377224,0.2
PPO,circle,1248,24.96,0.5913528890720927,3.9054406443473964,0.006295179539215639,0.19712230608371065
PPO,circle,1249,24.98,0.5860496259391385,3.9069330264175064,0.005282814360339114,0.18736189756423194
PPO,circle,1250,25.0,0.5808006238864574,3.908760544202057,0.00861305018569659,0.1787461286751837
PPO,circle,1251,25.02,0.5765584604327674,3.910790096214735,0.010054565627928174,0.19309105543413185
PPO,circle,1252,25.04,0.5731072077332255,3.912684553770299,0.00625927348936795,0.19410851816056152
PPO,circle,1253,25.060000000000002,0.5702217285395355,3.914077122044159,0.0035254137578946392,0.19426989318145527
PPO,circle,1254,25.080000000000002,0.567524683925275,3.915105220512654,0.0026740738398255467,0.19198194332281293
PPO,circle,1255,25.1,0.564769663628316,3.9159286318364233,0.004423020767821182,0.18873655199069894
PPO,circle,1256,25.12,0.5614901740668085,3.916729951742665,0.007489457877783405,0.18513290399163917
PPO,circle,1257,25.14,0.5574393177616395,3.9176457805337614,0.010278197012843939,0.19623320323775317
PPO,circle,1258,25.16,0.5526450101146095,3.9187212421962574,0.0059183749910625486,0.19279399862895108
PPO,circle,1259,25.18,0.5473962529605163,3.919917667288401,0.003599908684438305,0.19010143299901827
PPO,circle,1260,25.2,0.5418278982944222,3.921283304295564,0.007247537233518206,0.18879992052746886
PPO,circle,1261,25.22,0.5361424462914691,3.9228016091514033,0.009681761042500975,0.2
PPO,circle,1262,25.240000000000002,0.5307303924767112,3.9240320140102005,0.0052924225658918965,0.2
PPO,circle,1263,25.26,0.5257864845612744,3.9248909220465773,0.004884435451882177,0.19855378354174125
PPO,circle,1264,25.28,0.5206978340166678,3.925924172641375,0.008442340376742224,0.18990038064387346
PPO,circle,1265,25.3,0.5153227685206649,3.9272414672501346,0.009938492735279834,0.1979022005294313
PPO,circle,1266,25.32,0.5100651190024361,3.928894903660048,0.005689477289012744,0.189540544700467
PPO,circle,1267,25.34,0.5058665957500961,3.9307535930387045,0.004341008651101372,0.18654594803616661
PPO,circle,1268,25.36,0.5024259014697127,3.9325008028601425,0.006191214890508106,0.18768153349118585
PPO,circle,1269,25.38,0.49953943562997444,3.9337825647728484,0.008821268187299192,0.18818099642736996
PPO,circle,1270,25.400000000000002,0.4968371001593651,3.934711143058096,0.010048540204771144,0.2
PPO,circle,1271,25.42,0.49406133403613706,3.935442861769666,0.007295972163605463,0.19761074642569998
PPO,circle,1272,25.44,0.4907465958200284,3.936135708071908,0.004360173326292791,0.19417713683033533
PPO,circle,1273,25.46,0.4866462736849591,3.936909402187054,0.00297416030540578,0.19039739525814792
PPO,circle,1274,25.48,0.4817855808122052,3.937805813404615,0.006478758537494311,0.18656302146955017
PPO,circle,1275,25.5,0.4764635545296226,3.938798983644128,0.010522480416612303,0.19940146463908712
PPO,circle,1276,25.52,0.4708039960247263,3.9399596738365714,0.005571224786013217,0.19834933545679068
PPO,circle,1277,25.54,0.4650145171903927,3.941278158943819,0.004209529598267864,0.19891698378594747
PPO,circle,1278,25.560000000000002,0.45951067992289546,3.942313229299737,0.008448133040459405,0.19760894529582274
PPO,circle,1279,25.580000000000002,0.4544887425029822,3.9429947883844996,0.00964837647948977,0.2
PPO,circle,1280,25.6,0.4493142662438431,3.943847982340728,0.005886652881616616,0.19990634940431562
PPO,circle,1281,25.62,0.44385080652307424,3.9449757786182515,0.005532772740572376,0.19003240985696568
PPO,circle,1282,25.64,0.4384990586101705,3.9464464590616597,0.009205297269505431,0.18181901678246515
PPO,circle,1283,25.66,0.43421289308058214,3.948159746341601,0.009429827411313185,0.19631750514802881
PPO,circle,1284,25.68,0.4306809540128353,3.949787184286616,0.0057094193174857255,0.19717573345308193
PPO,circle,1285,25.7,0.42772719094353806,3.950968397500074,0.0031231188169993248,0.19730545587645754
PPO,circle,1286,25.72,0.4249876514997001,3.9517990998519292,0.0027787251955590734,0.19508212565623492
PPO,circle,1287,25.740000000000002,0.4221846731074997,3.9524234797290507,0.004820600216165988,0.19193038192489364
PPO,circle,1288,25.76,0.41884560963282597,3.9529876622917435,0.007972346048779146,0.18839750997484384
PPO,circle,1289,25.78,0.41472134285466866,3.9536078084313018,0.009694343327982491,0.19938000596995042
PPO,circle,1290,25.8,0.4098364803336169,3.954334105563083,0.00535766440028505,0.19597560619556995
PPO,circle,1291,25.82,0.40448593891576134,3.9551489086508314,0.003613805581675607,0.19338735359623715
PPO,circle,1292,25.84,0.39879245106989036,3.9561147893147055,0.007765684191683349,0.19224140023667324
PPO,circle,1293,25.86,0.3929763725632398,3.957223448363474,0.008982500002552605,0.2
PPO,circle,1294,25.88,0.3874790954427163,3.958032219054372,0.004780474658296304,0.2
PPO,circle,1295,25.900000000000002,0.3824438770955169,3.9585065278708296,0.005108742632741934,0.2
PPO,circle,1296,25.92,0.37725197027503193,3.959150398689991,0.00905357267546603,0.19373228530274833
PPO,circle,1297,25.94,0.37178587711335004,3.9600551830150676,0.009235863637523328,0.2
PPO,circle,1298,25.96,0.36643627133246215,3.961309134176369,0.005268600718180394,0.19366531441602589
PPO,circle,1299,25.98,0.3621572732536357,3.96283827125961,0.004601386847378398,0.19077063764859492
PPO,circle,1300,26.0,0.35862062017283325,3.9643172722533455,0.00677932966970432,0.19181732092885717
PPO,circle,1301,26.02,0.35565950292004345,3.9653834268546513,0.009467711747963797,0.1922233437105847
PPO,circle,1302,26.04,0.35291719742200095,3.966114045009782,0.009387991918025829,0.2
PPO,circle,1303,26.060000000000002,0.3501120115654953,3.9666452342436656,0.0066629241862873135,0.2
PPO,circle,1304,26.080000000000002,0.346766759928584,3.9670988692294573,0.003821025285265541,0.19816747869199602
PPO,circle,1305,26.1,0.34262820042209247,3.967578541172756,0.0031128451181146825,0.1944362124061181
PPO,circle,1306,26.12,0.33771751180269094,3.9681302186424783,0.006997678192466573,0.19073569086251307
PPO,circle,1307,26.14,0.3323361999558811,3.9687483787568634,0.00988037711613288,0.2
PPO,circle,1308,26.16,0.32659188430009706,3.969513819998812,0.005001096321004266,0.2
PPO,circle,1309,26.18,0.3207086592253705,3.9704247471897904,0.004408827462649534,0.2
PPO,circle,1310,26.2,0.3151526165449639,3.971042544956953,0.008969292686924998,0.2
PPO,circle,1311,26.22,0.3100703508767747,3.9713396068746047,0.00898380854421479,0.2
PPO,circle,1312,26.240000000000002,0.30482217876935747,3.9717982533218237,0.005420167406647734,0.2
PPO,circle,1313,26.26,0.2992895023623605,3.97250796865067,0.0057727204360119985,0.195575137084691
PPO,circle,1314,26.28,0.2938723520635235,3.973570320836295,0.009741188812692791,0.18754191185233537
PPO,circle,1315,26.3,0.28951213386156766,3.9749450966400963,0.008820975871961291,0.2
PPO,circle,1316,26.32,0.28592719049827947,3.9762882660786496,0.005197225530041724,0.2
PPO,circle,1317,26.34,0.28294356048574587,3.97723777668916,0.0028245176399814,0.2
PPO,circle,1318,26.36,0.28017416026978587,3.9778605666740243,0.0029810692090121473,0.2
PPO,circle,1319,26.38,0.27735021758452927,3.9782760484785715,0.005206537493255851,0.19675227346192425
PPO,circle,1320,26.400000000000002,0.2739943194533774,3.978594241698547,0.008390800478458362,0.19309117726249703
PPO,circle,1321,26.42,0.26984610870494896,3.9789148177009293,0.009232858186267472,0.2
PPO,circle,1322,26.44,0.2649270322778525,3.9792895462862083,0.0049392503125003494,0.2
PPO,circle,1323,26.46,0.2595369401416095,3.9797241720511676,0.0036688090415925773,0.19829682483128952
PPO,circle,1324,26.48,0.253774903203254,3.980295778493035,0.008117387986370014,0.19744483948301372
PPO,circle,1325,26.5,0.24787557594017903,3.9810035669246617,0.00847322173274597,0.2
PPO,circle,1326,26.52,0.24232152461623493,3.9814228083934995,0.004366718669258226,0.2
PPO,circle,1327,26.54,0.2372121056569115,3.981570532739708,0.005210958501465231,0.2
PPO,circle,1328,26.560000000000002,0.2319444498313173,3.981888486327544,0.009433244356044482,0.2
PPO,circle,1329,26.580000000000002,0.22638092124659093,3.9824466397001888,0.008509229786173664,0.2
PPO,circle,1330,26.6,0.22093912696448878,3.9833652807736715,0.004649665938056581,0.2
PPO,circle,1331,26.62,0.21656423710194783,3.984620262483046,0.004617851494120262,0.19868674338190398
PPO,circle,1332,26.64,0.2129539186817715,3.9858569128080603,0.00717136003271128,0.2
PPO,circle,1333,26.66,0.20994266754747298,3.9867126448217314,0.009959700870876494,0.2
PPO,circle,1334,26.68,0.20714521459884774,3.9872431163501796,0.00865280612587201,0.2
PPO,circle,1335,26.7,0.20429123602913762,3.987560584667914,0.005886707700117614,0.2
PPO,circle,1336,26.72,0.2009038409008156,3.9877584264568826,0.003020041015199259,0.2
PPO,circle,1337,26.740000000000002,0.19671988747995414,3.9879281108737494,0.0031121770262758763,0.2
PPO,circle,1338,26.76,0.19176331703032284,3.9881180537450076,0.007468496658782393,0.19875441985562506
PPO,circle,1339,26.78,0.18634407897449573,3.98834412213665,0.009055078782181715,0.2
PPO,circle,1340,26.8,0.1805396147144998,3.988696090557561,0.004160999907468048,0.2
PPO,circle,1341,26.82,0.17460460246242815,3.9891762744524413,0.004516805015786477,0.2
PPO,circle,1342,26.84,0.16905510672120003,3.9893656045158687,0.009421709118137103,0.2
PPO,circle,1343,26.86,0.1639058654143914,3.989351707960639,0.008071872522656745,0.2
PPO,circle,1344,26.88,0.158598504139866,3.989525454840619,0.004517245233658126,0.2
PPO,circle,1345,26.900000000000002,0.15297890242979342,3.98992488413324,0.005724667862569389,0.2
PPO,circle,1346,26.92,0.14750787550896327,3.990696593781575,0.01016175665255406,0.19951737492310784
PPO,circle,1347,26.94,0.14311967813283982,3.9918276725285495,0.007714948245221418,0.2
PPO,circle,1348,26.96,0.13948615779853116,3.9929524606559132,0.004023476425067728,0.2
PPO,circle,1349,26.98,0.13638946324870685,3.993751565588832,0.0016069631775643817,0.2
PPO,circle,1350,27.0,0.13351843156264695,3.9942381107095244,0.0029571461094581868,0.2
PPO,circle,1351,27.02,0.13059696186821,3.9945031643583238,0.005723817557042376,0.2
PPO,circle,1352,27.04,0.1271408469553809,3.994615320385914,0.009146282568894236,0.2
PPO,circle,1353,27.060000000000002,0.12289220164695785,3.994657390205624,0.007835719405747668,0.2
PPO,circle,1354,27.080000000000002,0.11787791235682843,3.994679532284324,0.0032426594676880868,0.2
PPO,circle,1355,27.1,0.11241073360153768,3.994706538085101,0.003511308826866705,0.2
PPO,circle,1356,27.12,0.10655079287716028,3.994831478186422,0.008960428399544175,0.2
PPO,circle,1357,27.14,0.1005831085844767,3.9950567955294356,0.0067805609759169026,0.2
PPO,circle,1358,27.16,0.09505119686638695,3.9949704815614795,0.0028834530591440883,0.2
PPO,circle,1359,27.18,0.08979809703328456,3.994814753914469,0.005445198729361232,0.2
PPO,circle,1360,27.2,0.08441985109246149,3.9948950449424654,0.010357876394497853,0.2
PPO,circle,1361,27.22,0.07876760194327999,3.9952281644759156,0.006358591358291404,0.2
PPO,circle,1362,27.240000000000002,0.07335817538700125,3.995973422188324,0.00267937297023496,0.2
PPO,circle,1363,27.26,0.06904723083861396,3.9970763159917526,0.004638422861216887,0.2
PPO,circle,1364,27.28,0.06536756731745874,3.9981734639213697,0.008056387287120022,0.2
PPO,circle,1365,27.3,0.06229467847856075,3.998935689705979,0.009860596654985105,0.2
PPO,circle,1366,27.32,0.05952658851393133,3.9993551113470325,0.007085438728897008,0.2
PPO,circle,1367,27.34,0.05664089726215042,3.9995376118391963,0.004205655003428969,0.2
PPO,circle,1368,27.36,0.05317325703583111,3.9995368118233676,0.0007656179720225132,0.2
PPO,circle,1369,27.38,0.04888781171814074,3.9994282974644735,0.0035553578659745177,0.2
PPO,circle,1370,27.400000000000002,0.04381566649380725,3.9992548187742365,0.008625804192360838,0.2
PPO,circle,1371,27.42,0.038275459412757326,3.9990458341504533,0.006844953244262205,0.2
PPO,circle,1372,27.44,0.03232963118978059,3.9989041731508785,0.0012097767887908925,0.2
PPO,circle,1373,27.46,0.02631180915665056,3.99884740759105,0.005234104974437496,0.2
PPO,circle,1374,27.48,0.020775865301028176,3.998494695247909,0.010392066759556826,0.2
PPO,circle,1375,27.5,0.015453721533319814,3.9981509364451546,0.005287954076162907,0.2
PPO,circle,1376,27.52,0.01001674685712966,3.9980567734000707,0.0019731678684995267,0.2
PPO,circle,1377,27.54,0.0043285854385638495,3.9982156658947408,0.006406418540939737,0.2
PPO,circle,1378,27.560000000000002,-0.001057768165368838,3.9988112312880597,0.009502862379596841,0.2
PPO,circle,1379,27.580000000000002,-0.005328604010585864,3.999782210485352,0.005164312570912932,0.2
PPO,circle,1380,27.6,-0.008996160360256715,4.000776783192514,0.00169607692978432,0.2
PPO,circle,1381,27.62,-0.012066372689741813,4.001482761580628,0.002183511697763529,0.2
PPO,circle,1382,27.64,-0.01480427074698978,4.00186266865995,0.004710710032695921,0.2
PPO,circle,1383,27.66,-0.01769468692228473,4.0019989495607,0.00748482092797976,0.2
PPO,circle,1384,27.68,-0.021190732794701326,4.001923781393952,0.01050323471195866,0.2
PPO,circle,1385,27.7,-0.025508399353787705,4.001703117346021,0.006269845363692852,0.2
PPO,circle,1386,27.72,-0.030610387080441788,4.001375348632934,0.0018351419125098019,0.2
PPO,circle,1387,27.740000000000002,-0.03617732988473727,4.000975497186849,0.004866452993814845,0.2
PPO,circle,1388,27.76,-0.04215080834308919,4.000612958064647,0.010372335181721508,0.2
PPO,circle,1389,27.78,-0.04818205342538497,4.000315960738938,0.004375867364260294,0.2
PPO,circle,1390,27.8,-0.053692595808465124,3.999744884919073,0.0013239608305610773,0.2
PPO,circle,1391,27.82,-0.05901743153335982,3.9992255205243423,0.006576726111963457,0.2
PPO,circle,1392,27.84,-0.06446649024331642,3.998970438679766,0.008948878681947098,0.2
PPO,circle,1393,27.86,-0.07018224845951315,3.998945250775448,0.0032407317064523746,0.2
PPO,circle,1394,27.88,-0.07557721308050386,3.9993657808735192,0.0022819106541209964,0.2
PPO,circle,1395,27.900000000000002,-0.07985967423389177,4.000186242177857,0.006629856093187396,0.2
PPO,circle,1396,27.92,-0.08355812917197974,4.00103765393882,0.010424983697731307,0.2
PPO,circle,1397,27.94,-0.08658720964444798,4.001604617798224,0.008675212060671825,0.2
PPO,circle,1398,27.96,-0.08925460846772411,4.00185272872344,0.006543513399750442,0.2
PPO,circle,1399,27.98,-0.0921106203617967,4.001863127895488,0.004673298276869243,0.2
PPO,circle,1400,28.0,-0.09558660178180543,4.001653165131417,0.004067040696092405,0.2
PPO,circle,1401,28.02,-0.0998879887344861,4.001280645022949,0.006538784781025951,0.2
PPO,circle,1402,28.04,-0.1049782173113172,4.0007821808070485,0.011026876944823152,0.2
PPO,circle,1403,28.060000000000002,-0.11053941611459393,4.000200704429795,0.005941567273377155,0.2
PPO,circle,1404,28.080000000000002,-0.11651940059274811,3.9996494865488024,0.0032094532213978993,0.2
PPO,circle,1405,28.1,-0.12256247107706872,3.999169877719251,0.00766090174356025,0.2
PPO,circle,1406,28.12,-0.12807576866815126,3.9984471547255946,0.008747064205589225,0.2
PPO,circle,1407,28.14,-0.13339870980836718,3.997791501552623,0.003757333009953852,0.2
PPO,circle,1408,28.16,-0.13884305477174844,3.997403192226174,0.003299837372563788,0.2
PPO,circle,1409,28.18,-0.14455913135874815,3.9972327253041,0.0085119338121141,0.2
PPO,circle,1410,28.2,-0.14997291587925032,3.9975060969904637,0.008097381095549234,0.2
PPO,circle,1411,28.22,-0.15429391426167743,3.9981989207066397,0.005249205137954234,0.2
PPO,circle,1412,28.240000000000002,-0.15803332685537624,3.998925102841802,0.0051818354940657,0.2
PPO,circle,1413,28.26,-0.16111467819579411,3.999388434712285,0.006823355343073222,0.2
PPO,circle,1414,28.28,-0.16383430773246527,3.9995483568462182,0.008784467875277396,0.2
PPO,circle,1415,28.3,-0.16672435860556847,3.9994597437446453,0.011089438220553612,0.2
PPO,circle,1416,28.32,-0.17022623703550813,3.99912752234575,0.010571894329112897,0.2
PPO,circle,1417,28.34,-0.17454785404943637,3.9986038830214126,0.007442279835149278,0.2
PPO,circle,1418,28.36,-0.17964434102322938,3.997929275006255,0.00607714977679651,0.2
PPO,circle,1419,28.38,-0.1851988119452261,3.9971611339368254,0.008756559932074318,0.2
PPO,circle,1420,28.400000000000002,-0.19117199887139422,3.996414258839061,0.010047675072661133,0.2
PPO,circle,1421,28.42,-0.19721343287961884,3.995726213235906,0.005914941835528867,0.2
PPO,circle,1422,28.44,-0.20273164535626056,3.9948193391256797,0.006052186615892639,0.2
PPO,circle,1423,28.46,-0.20808437814349467,3.9940207940241734,0.009930567891127512,0.2
PPO,circle,1424,28.48,-0.2135596394813931,3.9935020882357186,0.00842328478031755,0.2
PPO,circle,1425,28.5,-0.21930331162802566,3.993208883906407,0.005353614535024698,0.2
PPO,circle,1426,28.52,-0.22472341907777382,3.9933871145657855,0.007363544427750901,0.2
PPO,circle,1427,28.54,-0.22906867680081167,3.994002567901009,0.011079451974600637,0.2
PPO,circle,1428,28.560000000000002,-0.23283405802428628,3.99467539435284,0.012093531098717091,0.2
PPO,circle,1429,28.580000000000002,-0.23590186473366606,3.995089342477943,0.010740791057163848,0.2
PPO,circle,1430,28.6,-0.2385768477193535,3.9951991129958873,0.009955911673951611,0.2
PPO,circle,1431,28.62,-0.24144754711529806,3.99504304304131,0.00960798836049521,0.2
PPO,circle,1432,28.64,-0.24494396427789036,3.994608272910233,0.010090458389479948,0.2
PPO,circle,1433,28.66,-0.24926547928078924,3.9939404804543974,0.012068316819996103,0.2
PPO,circle,1434,28.68,-0.25436722562103736,3.9930790328232426,0.012476437659030922,0.2
PPO,circle,1435,28.7,-0.2599364662794803,3.9920918770319243,0.00938796176095694,0.2
PPO,circle,1436,28.72,-0.26591899999413565,3.991102459931784,0.00938319126503036,0.2
PPO,circle,1437,28.740000000000002,-0.2719467310874679,3.9901580473251785,0.012770863325843167,0.2
PPO,circle,1438,28.76,-0.27736358285307866,3.9890347563854642,0.010297849551156583,0.2
PPO,circle,1439,28.78,-0.28262784220948456,3.9880598410120864,0.008087020743085987,0.2
PPO,circle,1440,28.8,-0.28802990781958465,3.9873897257827053,0.009384671616469279,0.2
PPO,circle,1441,28.82,-0.2937202749802791,3.9869427106022832,0.013400853833843691,0.2
PPO,circle,1442,28.84,-0.29907018966701887,3.986999463314777,0.010835112994803248,0.2
PPO,circle,1443,28.86,-0.30334798678362773,3.98751343917132,0.010607402973684767,0.2
PPO,circle,1444,28.88,-0.3070588965819893,3.9880395440389003,0.011837827948561466,0.2
PPO,circle,1445,28.900000000000002,-0.31001819573075773,3.9883255355244494,0.013387563069111617,0.2
PPO,circle,1446,28.92,-0.3125987106560201,3.9883207515613814,0.014895644373403204,0.2
PPO,circle,1447,28.94,-0.315426152150714,3.9880462633531413,0.016648395880941913,0.2
PPO,circle,1448,28.96,-0.3189024116835812,3.9874815686731724,0.014678707080695613,0.2
PPO,circle,1449,28.98,-0.3232127844346337,3.986663742808667,0.013050717711262075,0.2
PPO,circle,1450,29.0,-0.3282968920069366,3.9856290829012546,0.012840177991502109,0.2
PPO,circle,1451,29.02,-0.3338555940619872,3.9844539834149697,0.014817853488809062,0.2
PPO,circle,1452,29.04,-0.33980801714860387,3.9832677014325353,0.013935883890588894,0.2
PPO,circle,1453,29.060000000000002,-0.34577431000587805,3.9821128089197018,0.012068921386021544,0.2
PPO,circle,1454,29.080000000000002,-0.35106450096202874,3.9808147750640717,0.012587863325609945,0.2
PPO,circle,1455,29.1,-0.3562109269750722,3.979695220783574,0.015184500556957144,0.2
PPO,circle,1456,29.12,-0.36150826012077475,3.978891891631052,0.012992188868719416,0.2
PPO,circle,1457,29.14,-0.36711730677063126,3.9782999946400968,0.012076127889295456,0.2
PPO,circle,1458,29.16,-0.3723848500851571,3.97824109528951,0.013918395290295916,0.2
PPO,circle,1459,29.18,-0.3765937081369833,3.9786536194836577,0.01682049850706995,0.2
PPO,circle,1460,29.2,-0.38017010699023907,3.9790285713336058,0.017459633049495146,0.2
PPO,circle,1461,29.22,-0.3829942598213197,3.979179461627078,0.01693290451238433,0.2
PPO,circle,1462,29.240000000000002,-0.38549317476007766,3.9790716684962018,0.016612011565766825,0.2
PPO,circle,1463,29.26,-0.38828750224041053,3.9786900680361152,0.016437721164323862,0.2
PPO,circle,1464,29.28,-0.39175773184682566,3.9780022461591766,0.016688168862031026,0.2
PPO,circle,1465,29.3,-0.39607245885449005,3.977035772133572,0.017901507179713144,0.2
PPO,circle,1466,29.32,-0.40113595145147557,3.97582883153397,0.018250478400678914,0.2
PPO,circle,1467,29.34,-0.4066816995220277,3.9744713431050354,0.016170072467951272,0.2
PPO,circle,1468,29.36,-0.4125744872418174,3.9731069417024454,0.016097475355374636,0.2
PPO,circle,1469,29.38,-0.41842728260660944,3.9717461288361027,0.018140547928672965,0.2
PPO,circle,1470,29.400000000000002,-0.4235662348971566,3.9702737401617734,0.016644899720837707,0.2
PPO,circle,1471,29.42,-0.42858281586726604,3.9689937842033554,0.015165273746608489,0.2
PPO,circle,1472,29.44,-0.43377131667536956,3.9680122986907143,0.015723237609996995,0.2
PPO,circle,1473,29.46,-0.4392492133416358,3.967244517914084,0.01824851742258633,0.2
PPO,circle,1474,29.48,-0.44434896195558576,3.967030275683778,0.017909585666843038,0.2
PPO,circle,1475,29.5,-0.448432333933929,3.9672731975881796,0.017958867717812146,0.2
PPO,circle,1476,29.52,-0.4518176103469829,3.967457462433312,0.018674552857349553,0.2
PPO,circle,1477,29.54,-0.4546858780084353,3.967420049539649,0.019542585557312638,0.2
PPO,circle,1478,29.560000000000002,-0.4573049058868804,3.9671745202264996,0.020469482130161788,0.2
PPO,circle,1479,29.580000000000002,-0.4602389519425747,3.9666532210868124,0.02164264107126831,0.2
PPO,circle,1480,29.6,-0.46388044117911426,3.9658106761414964,0.021587311221963435,0.2
PPO,circle,1481,29.62,-0.4683585300501173,3.964672143264189,0.020128382050352816,0.2
PPO,circle,1482,29.64,-0.4734760680036989,3.9633030015122275,0.019629717054474825,0.2
PPO,circle,1483,29.66,-0.4790574785619015,3.961814339289288,0.020684544518103126,0.2
PPO,circle,1484,29.68,-0.4848953132166145,3.960351725073475,0.02104236135846514,0.2
PPO,circle,1485,29.7,-0.4905386576388664,3.9587993934875745,0.01941882735616075,0.2
PPO,circle,1486,29.72,-0.4955233189070599,3.9571292014610147,0.019116650483019915,0.2
PPO,circle,1487,29.740000000000002,-0.50053147911672,3.955621111893187,0.02036781311807621,0.2
PPO,circle,1488,29.76,-0.5058309695508718,3.9542916068380545,0.02013118340702729,0.2
PPO,circle,1489,29.78,-0.5113611377667457,3.953190817959382,0.0191124470260139,0.2
PPO,circle,1490,29.8,-0.5162458420054616,3.952732355294387,0.020038025781161407,0.2
PPO,circle,1491,29.82,-0.5202169647295151,3.952603459643325,0.021801758919746384,0.2
PPO,circle,1492,29.84,-0.5234641084421343,3.952358202892445,0.023538374431250845,0.2
PPO,circle,1493,29.86,-0.5263937789292225,3.9519341551171143,0.023160678601019218,0.2
PPO,circle,1494,29.88,-0.5291727107818377,3.951351691060596,0.022479459373108284,0.2
PPO,circle,1495,29.900000000000002,-0.5323433046568469,3.950508278026119,0.021949408067814518,0.2
PPO,circle,1496,29.92,-0.5362539538244053,3.9493832077362216,0.02188372867619443,0.2
PPO,circle,1497,29.94,-0.5409060552894326,3.948036247963294,0.022765673652044495,0.2
PPO,circle,1498,29.96,-0.5460178673705234,3.946580997273367,0.023518695372862133,0.2
PPO,circle,1499,29.98,-0.5516085586390924,3.94510799507317,0.02205774137183263,0.2
PPO,circle,1500,30.0,-0.557371621695546,3.943672206722889,0.02216421030698568,0.2
PPO,circle,1501,30.02,-0.5626367174603298,3.9420264674564445,0.02333565774603553,0.2
PPO,circle,1502,30.04,-0.5675415618705862,3.940307435182634,0.022984628038640167,0.2
PPO,circle,1503,30.060000000000002,-0.5726167089942263,3.93871584765897,0.021661838232624034,0.2
PPO,circle,1504,30.080000000000002,-0.5780414243895488,3.937224557553453,0.021839493465250038,0.2
PPO,circle,1505,30.1,-0.5834631561730577,3.9361224557405343,0.023714048143492622,0.2
PPO,circle,1506,30.12,-0.5879609839951024,3.935707197731999,0.02443794150358261,0.2
PPO,circle,1507,30.14,-0.5917710930029869,3.9354868646739734,0.024348525206541762,0.2
PPO,circle,1508,30.16,-0.5949659113431559,3.9351163631469572,0.02455121572729168,0.2
PPO,circle,1509,30.18,-0.5978480474043963,3.9345345434195984,0.024857275299712364,0.2
PPO,circle,1510,30.2,-0.6007007633119513,3.9337445517621408,0.025302532101763624,0.2
PPO,circle,1511,30.22,-0.6040236248362377,3.93265463434201,0.02609687480148956,0.2
PPO,circle,1512,30.240000000000002,-0.6081057247339101,3.931258580948873,0.026266401999182856,0.2
PPO,circle,1513,30.26,-0.6128952003202179,3.9296270499550006,0.024916635123921616,0.2
PPO,circle,1514,30.28,-0.6181254431893578,3.927892876076202,0.024618172925955494,0.2
PPO,circle,1515,30.3,-0.6238110964620613,3.9261449665002996,0.02578087411626365,0.2
PPO,circle,1516,30.32,-0.6296065760343059,3.924415067535327,0.025906397775201172,0.2
PPO,circle,1517,30.34,-0.6348553721030652,3.9225025951793357,0.024691728963600862,0.2
PPO,circle,1518,30.36,-0.6399633504311341,3.9206684889318186,0.024718292287588792,0.2
PPO,circle,1519,30.38,-0.6452463329610586,3.9190692316779354,0.02620062299752106,0.2
PPO,circle,1520,30.400000000000002,-0.6508503825889022,3.9176586589695916,0.025920236539656014,0.2
PPO,circle,1521,30.42,-0.656264099416259,3.916786491357599,0.026042555953903607,0.2
PPO,circle,1522,30.44,-0.6606661718536718,3.916583581104097,0.027432443323783598,0.2
PPO,circle,1523,30.46,-0.664518887665433,3.916502039689437,0.029226564146893768,0.2
PPO,circle,1524,30.48,-0.6676350874668839,3.9162903862632565,0.03083804220415803,0.2
PPO,circle,1525,30.5,-0.670303329291378,3.915851252143425,0.03099019335355225,0.2
PPO,circle,1526,30.52,-0.6731022912655485,3.9151049661152983,0.03052297025894685,0.2
PPO,circle,1527,30.54,-0.676469556066476,3.913955584421722,0.030077145883914913,0.2
PPO,circle,1528,30.560000000000002,-0.6806291811482461,3.9124078053837703,0.029986052835060915,0.2
PPO,circle,1529,30.580000000000002,-0.685506792900826,3.910520816404999,0.030646928256258588,0.2
PPO,circle,1530,30.6,-0.6908487552853024,3.908423859641828,0.030734388448563844,0.2
PPO,circle,1531,30.62,-0.6965468456153128,3.906262188409244,0.029613700143026982,0.2
PPO,circle,1532,30.64,-0.7022069917789169,3.9040779239969896,0.029688139380362303,0.2
PPO,circle,1533,30.66,-0.7071304397937122,3.901836907015806,0.030472473739546698,0.2
PPO,circle,1534,30.68,-0.7119757966543784,3.8997907868959794,0.02958733045168046,0.2
PPO,circle,1535,30.7,-0.7170234562936614,3.89803900174624,0.02899223506638977,0.2
PPO,circle,1536,30.72,-0.722371550985822,3.8965011426665352,0.029704852313067714,0.2
PPO,circle,1537,30.740000000000002,-0.7274021777928877,3.8956016479643383,0.031708997258018415,0.2
PPO,circle,1538,30.76,-0.731444391116589,3.8953390107800447,0.032628153118319375,0.2
PPO,circle,1539,30.78,-0.734773796103829,3.89514012808279,0.03298541795342189,0.2
PPO,circle,1540,30.8,-0.7375075725242889,3.8948015265279126,0.03335739350470996,0.2
PPO,circle,1541,30.82,-0.7399793943381515,3.894276404664497,0.033679647456090346,0.2
PPO,circle,1542,30.84,-0.7427377713681279,3.8934287316179317,0.03402167932284596,0.2
PPO,circle,1543,30.86,-0.7461572438797223,3.8921622653216135,0.034592594361099405,0.2
PPO,circle,1544,30.88,-0.7503837123101543,3.890473920798587,0.03542483308950676,0.2
PPO,circle,1545,30.900000000000002,-0.7552505187784871,3.8884420187829196,0.034216283425079395,0.2
PPO,circle,1546,30.92,-0.7606012202763467,3.8861930550707,0.03378593094062034,0.2
PPO,circle,1547,30.94,-0.7662217148038458,3.8839187401659725,0.03447253757388071,0.2
PPO,circle,1548,30.96,-0.7716497868736785,3.8815688479233366,0.03468475195522355,0.2
PPO,circle,1549,30.98,-0.7764159234543062,3.879194954010581,0.03341889507075532,0.2
PPO,circle,1550,31.0,-0.7812126078650157,3.8769888828329013,0.03313850255873056,0.2
PPO,circle,1551,31.02,-0.7863109661999609,3.8749218140132387,0.033981384080758355,0.2
PPO,circle,1552,31.04,-0.7916549340408026,3.8730608044257533,0.034428683045363596,0.2
PPO,circle,1553,31.060000000000002,-0.7964420465067384,3.871928893965671,0.03446251491315044,0.2
PPO,circle,1554,31.080000000000002,-0.8003458942727333,3.8712537319511577,0.03523157586430478,0.2
PPO,circle,1555,31.1,-0.8035282001749429,3.8705671447777825,0.03604988161810862,0.2
PPO,circle,1556,31.12,-0.8063761592532223,3.869750445037609,0.03684203967743255,0.2
PPO,circle,1557,31.14,-0.8090465283654048,3.868808778239819,0.03764236895576893,0.2
PPO,circle,1558,31.16,-0.8120569311233439,3.867571523942323,0.03744259910981281,0.2
PPO,circle,1559,31.18,-0.8157562830404157,3.865957982029713,0.03674918366660932,0.2
PPO,circle,1560,31.2,-0.8201701264399992,3.8640219995716296,0.0364832172370772,0.2
PPO,circle,1561,31.220000000000002,-0.825041053839655,3.861913521647914,0.03694860546633432,0.2
PPO,circle,1562,31.240000000000002,-0.8304041978625742,3.8597210408017513,0.03798821010696237,0.2
PPO,circle,1563,31.26,-0.8359434278726829,3.8575381886586624,0.037178776751464734,0.2
PPO,circle,1564,31.28,-0.840953577807179,3.8552207234647287,0.036953090393479715,0.2
PPO,circle,1565,31.3,-0.8456161050035146,3.8528845331694663,0.03733187306788006,0.2
PPO,circle,1566,31.32,-0.8504583983149112,3.850655571331697,0.03784536719861013,0.2
PPO,circle,1567,31.34,-0.8556516136164467,3.8484766926749465,0.03708655634352843,0.2
PPO,circle,1568,31.36,-0.8608942752237222,3.846676745058693,0.037533103693584,0.2
PPO,circle,1569,31.38,-0.8653033762697407,3.8456782778783634,0.03895189614073945,0.2
PPO,circle,1570,31.400000000000002,-0.8690413412580276,3.8449558384440423,0.04060859620655993,0.2
PPO,circle,1571,31.42,-0.8720925311056147,3.8441572881304413,0.04080386956540812,0.2
PPO,circle,1572,31.44,-0.8748072710711073,3.8431790985690997,0.04060273724057658,0.2
PPO,circle,1573,31.46,-0.8774812135598185,3.8419968551874386,0.04040166921640086,0.2
PPO,circle,1574,31.48,-0.8805929586814473,3.8404591178427676,0.04028897990913622,0.2
PPO,circle,1575,31.5,-0.8844362646189282,3.8385226382760904,0.04053020077174095,0.2
PPO,circle,1576,31.52,-0.8889590925918447,3.8362635602677977,0.041404581116046446,0.2
PPO,circle,1577,31.54,-0.8939408944921664,3.8338433607264637,0.040499622441231536,0.2
PPO,circle,1578,31.560000000000002,-0.8993688263418136,3.8313620145681435,0.04028424747064371,0.2
PPO,circle,1579,31.580000000000002,-0.9048770902408171,3.828875869243726,0.04098938745813975,0.2
PPO,circle,1580,31.6,-0.9097769150765387,3.8262766160118313,0.04139782596947712,0.2
PPO,circle,1581,31.62,-0.914572737628805,3.823789097965215,0.04045139149482993,0.2
PPO,circle,1582,31.64,-0.9195661442350687,3.8215408804508355,0.04051961723721527,0.2
PPO,circle,1583,31.66,-0.9249178285244122,3.8194428027231067,0.04165398329116709,0.2
PPO,circle,1584,31.68,-0.9301391459394975,3.8179245364547936,0.0429675338740293,0.2
PPO,circle,1585,31.7,-0.9344123685711646,3.817206343854741,0.04362506986827803,0.2
PPO,circle,1586,31.720000000000002,-0.9381405269139353,3.8166628674320546,0.044611243185981704,0.2
PPO,circle,1587,31.740000000000002,-0.9410782467213149,3.816059973098016,0.045440972187510746,0.2
PPO,circle,1588,31.76,-0.9435328523932158,3.8152737621878408,0.04603395424046802,0.2
PPO,circle,1589,31.78,-0.9461276278500274,3.814146787124884,0.04656768916371804,0.2
PPO,circle,1590,31.8,-0.9492674076412824,3.8125423770292812,0.047247736946397896,0.2
PPO,circle,1591,31.82,-0.9531691167528727,3.8104393023787315,0.04646468962396708,0.2
PPO,circle,1592,31.84,-0.9577455485603957,3.807908458512919,0.04594080904743273,0.2
PPO,circle,1593,31.86,-0.9627933471796183,3.8051012795006782,0.046036943114304237,0.2
PPO,circle,1594,31.88,-0.9681695013078295,3.8022025543571276,0.046996112239610845,0.2
PPO,circle,1595,31.900000000000002,-0.9734540429576382,3.7992684682766553,0.04596264399531147,0.2
PPO,circle,1596,31.92,-0.9780117345079671,3.796364345014417,0.04534840644957007,0.2
PPO,circle,1597,31.94,-0.9825167987462746,3.7936756756700944,0.045517170910577595,0.2
PPO,circle,1598,31.96,-0.9872901378522966,3.7912249254359964,0.04640448126046221,0.2
PPO,circle,1599,31.98,-0.9923849087529726,3.7889577132386654,0.046005810096579274,0.2
PPO,circle,1600,32.0,-0.997190897383368,3.787403304422837,0.04675456093160149,0.2
PPO,circle,1601,32.02,-1.001111424347198,3.7865761715066557,0.04811849130889035,0.2
PPO,circle,1602,32.04,-1.0043547438180502,3.785882737246897,0.04945692800291923,0.2
PPO,circle,1603,32.06,-1.0070968207925155,3.785108022617603,0.05058716509566015,0.2
PPO,circle,1604,32.08,-1.0095620633442708,3.784205204480105,0.05078101163956809,0.2
PPO,circle,1605,32.1,-1.0122739194494434,3.7829517320012584,0.05060410393400499,0.2
PPO,circle,1606,32.12,-1.015597977123704,3.781192445318715,0.050429455229419766,0.2
PPO,circle,1607,32.14,-1.0196610772776706,3.7789138153185626,0.05048829747502587,0.2
PPO,circle,1608,32.160000000000004,-1.024270371704838,3.776245640904173,0.05100697297135788,0.2
PPO,circle,1609,32.18,-1.02935755722287,3.7733214370877115,0.05100444638703656,0.2
PPO,circle,1610,32.2,-1.0346795597742178,3.7703616061735814,0.05057362487836403,0.2
PPO,circle,1611,32.22,-1.0396330584308204,3.7673688094580893,0.05063412217676677,0.2
PPO,circle,1612,32.24,-1.0439676229971393,3.7644372979720497,0.05098952427938074,0.2
PPO,circle,1613,32.26,-1.0484285635312114,3.7615728858213355,0.050419557559596574,0.2
PPO,circle,1614,32.28,-1.053210580593271,3.7587454348473988,0.050001655826998816,0.2
PPO,circle,1615,32.3,-1.0581937348504793,3.7561527342509407,0.05050690344655648,0.2
PPO,circle,1616,32.32,-1.0625674609699496,3.754416336353646,0.05186056773924009,0.2
PPO,circle,1617,32.34,-1.0661537426587178,3.753136721802749,0.05260102365555938,0.2
PPO,circle,1618,32.36,-1.0690917966556788,3.751838762533549,0.05258883620028082,0.2
PPO,circle,1619,32.38,-1.071713149380552,3.750426714072869,0.052520212796941,0.2
PPO,circle,1620,32.4,-1.074195394203729,3.7489080202175686,0.052456283012653836,0.2
PPO,circle,1621,32.42,-1.0770306938306675,3.747061904266108,0.0524898082312484,0.2
PPO,circle,1622,32.44,-1.080540332091364,3.7448150702301044,0.05286160541961071,0.2
PPO,circle,1623,32.46,-1.0846851137807507,3.742255684770104,0.05304613942568718,0.2
PPO,circle,1624,32.480000000000004,-1.0893056573314264,3.7395449375757934,0.05257880078635437,0.2
PPO,circle,1625,32.5,-1.0943990529546284,3.736753653776927,0.05285558816657793,0.2
PPO,circle,1626,32.52,-1.099595515017616,3.7339392678987813,0.053812002227332054,0.2
PPO,circle,1627,32.54,-1.1041846546219902,3.7310187076214785,0.053778577571298246,0.2
PPO,circle,1628,32.56,-1.1086048157832706,3.7281584546290003,0.0532425791151996,0.2
PPO,circle,1629,32.58,-1.1132351677711974,3.725463615082305,0.05348132905143345,0.2
PPO,circle,1630,32.6,-1.1182688774416054,3.722817025543156,0.05455367357031684,0.2
PPO,circle,1631,32.62,-1.1233184898141777,3.7206915986195828,0.055441123667385246,0.2
PPO,circle,1632,32.64,-1.127528608270592,3.719475442228324,0.056303725208703866,0.2
PPO,circle,1633,32.660000000000004,-1.1312525228919552,3.7184665071892304,0.05739141903357134,0.2
PPO,circle,1634,32.68,-1.1342297019266683,3.717455344953771,0.05826514028383993,0.2
PPO,circle,1635,32.7,-1.1367018629351175,3.716316540300116,0.05887519458584185,0.2
PPO,circle,1636,32.72,-1.1392141494298662,3.714860071133267,0.05939264415271494,0.2
PPO,circle,1637,32.74,-1.1421958084787265,3.7128928836156088,0.05950790077709281,0.2
PPO,circle,1638,32.76,-1.145886099803893,3.710367063830626,0.05893684191686738,0.2
PPO,circle,1639,32.78,-1.1501957831556011,3.707374593634319,0.058660448883134264,0.2
PPO,circle,1640,32.8,-1.1549583985987826,3.7040822822773496,0.058910888016460855,0.2
PPO,circle,1641,32.82,-1.1600431135277562,3.700678643300005,0.0593577792936394,0.2
PPO,circle,1642,32.84,-1.1650130556823852,3.6972403143962547,0.058700257346720325,0.2
PPO,circle,1643,32.86,-1.169291353552741,3.6938839985940684,0.05831085897499438,0.2
PPO,circle,1644,32.88,-1.1735815402349263,3.6907220670284278,0.05857965264722603,0.2
PPO,circle,1645,32.9,-1.1781683187084677,3.6877497123105107,0.058915888031597766,0.2
PPO,circle,1646,32.92,-1.1830724003832744,3.6849673462937456,0.0589048838955849,0.2
PPO,circle,1647,32.94,-1.1876921837124073,3.68297526087685,0.05988761513811858,0.2
PPO,circle,1648,32.96,-1.1914611615720374,3.6817887037538193,0.061318937498158595,0.2
PPO,circle,1649,32.980000000000004,-1.1945503923524838,3.6808172781692567,0.06265460065639393,0.2
PPO,circle,1650,33.0,-1.1971793094793757,3.679804424213694,0.0635546706416081,0.2
PPO,circle,1651,33.02,-1.1995319477885344,3.6786772521943143,0.06365143196104883,0.2
PPO,circle,1652,33.04,-1.202125060374142,3.677147446777593,0.06363650001651089,0.2
PPO,circle,1653,33.06,-1.2053037148561694,3.6750367303051723,0.06361935092774491,0.2
PPO,circle,1654,33.08,-1.2091698002706028,3.6723353175044164,0.06380233125449743,0.2
PPO,circle,1655,33.1,-1.213512436896834,3.669215922534141,0.0643592099071384,0.2
PPO,circle,1656,33.12,-1.2183225311604127,3.6658031833724816,0.06410352267100788,0.2
PPO,circle,1657,33.14,-1.2233179146263973,3.662339550428531,0.06394878601931772,0.2
PPO,circle,1658,33.160000000000004,-1.2277905483110263,3.658885124471786,0.06403261706274262,0.2
PPO,circle,1659,33.18,-1.2317149566628767,3.655509938974636,0.06427418022793203,0.2
PPO,circle,1660,33.2,-1.2358105308871699,3.6521563789258757,0.06348377264178222,0.2
PPO,circle,1661,33.22,-1.240233026387861,3.648801928976548,0.06318461339587632,0.2
PPO,circle,1662,33.24,-1.2448405824357356,3.6457347825212794,0.06370980826523219,0.2
PPO,circle,1663,33.26,-1.2488451190654881,3.6436373033840703,0.0649468065849138,0.2
PPO,circle,1664,33.28,-1.252125887304946,3.6420521229264695,0.06551862158571906,0.2
PPO,circle,1665,33.3,-1.2547597005045206,3.6405184977389693,0.06558417606824891,0.2
PPO,circle,1666,33.32,-1.2570889040470206,3.638878877597866,0.06552832698091303,0.2
PPO,circle,1667,33.34,-1.259331210558455,3.6371078126827827,0.06543910613698517,0.2
PPO,circle,1668,33.36,-1.2619243392901336,3.634964598630338,0.06541932583398564,0.2
PPO,circle,1669,33.38,-1.2651659806096898,3.6323533310307723,0.06568611514992788,0.2
PPO,circle,1670,33.4,-1.2690216966476233,3.6293637386381334,0.06584877214002106,0.2
PPO,circle,1671,33.42,-1.2733659023117112,3.626164337510619,0.06549648158789385,0.2
PPO,circle,1672,33.44,-1.2781759032206663,3.6228468119601236,0.06579565727239806,0.2
PPO,circle,1673,33.46,-1.2830694193629162,3.6195068365401473,0.06665137942957297,0.2
PPO,circle,1674,33.480000000000004,-1.2873290170236016,3.616144592231494,0.06667250592303162,0.2
PPO,circle,1675,33.5,-1.2914536607427451,3.6128743084265804,0.06626866345621486,0.2
PPO,circle,1676,33.52,-1.2958014983548702,3.6097722031087196,0.06655490093341186,0.2
PPO,circle,1677,33.54,-1.3005573590461759,3.60669226757767,0.06757204024785891,0.2
PPO,circle,1678,33.56,-1.305367675977053,3.6041483236364895,0.06863999074723055,0.2
PPO,circle,1679,33.58,-1.3094107664377852,3.6025819728911253,0.0696179175833948,0.2
PPO,circle,1680,33.6,-1.3129650738049012,3.601231484122063,0.07070704319839612,0.2
PPO,circle,1681,33.62,-1.3157423116251579,3.5999515655104855,0.07151807707844741,0.2
PPO,circle,1682,33.64,-1.318013268597878,3.5985796213996166,0.07203391950642453,0.2
PPO,circle,1683,33.660000000000004,-1.3203270870738526,3.5968647740217157,0.07243347829067734,0.2
PPO,circle,1684,33.68,-1.3230786556932776,3.5945886184741997,0.07271488101816068,0.2
PPO,circle,1685,33.7,-1.3264979266069319,3.591684027897889,0.07219027739119638,0.2
PPO,circle,1686,33.72,-1.3304902756938939,3.588256946975521,0.07190037813651529,0.2
PPO,circle,1687,33.74,-1.3349299297402166,3.584473018722626,0.07204882372601248,0.2
PPO,circle,1688,33.76,-1.3396660429992149,3.580560077836342,0.07262661775797948,0.2
PPO,circle,1689,33.78,-1.34423273323919,3.5766327189651803,0.07201066684071708,0.2
PPO,circle,1690,33.8,-1.3481291812346763,3.5728485025428123,0.07155612677717109,0.2
PPO,circle,1691,33.82,-1.3520621679097176,3.569256962426464,0.07167288751121656,0.2
PPO,circle,1692,33.84,-1.356326525531468,3.565782222567341,0.07217751920040893,0.2
PPO,circle,1693,33.86,-1.360917723736308,3.5624730076380198,0.07216781191775662,0.2
PPO,circle,1694,33.88,-1.365251947012011,3.560032768644698,0.0730731751503317,0.2
PPO,circle,1695,33.9,-1.3688196157671968,3.55844464979602,0.07435970954958686,0.2
PPO,circle,1696,33.92,-1.371719769967162,3.557117588478549,0.07551362208614111,0.2
PPO,circle,1697,33.94,-1.3741901422867857,3.5557931459546417,0.07645998066398138,0.2
PPO,circle,1698,33.96,-1.376399620995268,3.5543834542814654,0.07669064166679031,0.2
PPO,circle,1699,33.980000000000004,-1.3788213590605831,3.5525579620243097,0.0766509335059526,0.2
PPO,circle,1700,34.0,-1.3817757658463035,3.5501057534301452,0.07659289268305147,0.2
PPO,circle,1701,34.02,-1.3853550041264453,3.5470137281950707,0.07669263229001246,0.2
PPO,circle,1702,34.04,-1.3893663621473535,3.543484708805463,0.07710680904432804,0.2
PPO,circle,1703,34.06,-1.3938431561457034,3.539627208229736,0.07721880584737045,0.2
PPO,circle,1704,34.08,-1.3984968043222408,3.535708561064812,0.07708271454437791,0.2
PPO,circle,1705,34.1,-1.402607857628058,3.5318596680648064,0.07708835632174252,0.2
PPO,circle,1706,34.12,-1.4062468513539663,3.5281277025476925,0.0772227744260853,0.2
PPO,circle,1707,34.14,-1.4100680209560215,3.5244079341422196,0.0769020495711491,0.2
PPO,circle,1708,34.160000000000004,-1.4142319330325845,3.520625680934527,0.07663976197833046,0.2
PPO,circle,1709,34.18,-1.4185999797476372,3.517140898596732,0.0771434356039567,0.2
PPO,circle,1710,34.2,-1.4224306602177816,3.514710265710424,0.07832143440314428,0.2
PPO,circle,1711,34.22,-1.4256136115717208,3.512830016483886,0.0793045813454089,0.2
PPO,circle,1712,34.24,-1.4281091336881295,3.511068461660698,0.07942662536954079,0.2
PPO,circle,1713,34.26,-1.4302596605016118,3.509228680337943,0.07938131627512807,0.2
PPO,circle,1714,34.28,-1.4323162374551153,3.50724026601605,0.07926393132165807,0.2
PPO,circle,1715,34.300000000000004,-1.4346937844381633,3.5048264567470686,0.07917562434974447,0.2
PPO,circle,1716,34.32,-1.437680914736352,3.5018642031035516,0.07931699208992872,0.2
PPO,circle,1717,34.34,-1.441243914070112,3.498447856232551,0.07973296480503354,0.2
PPO,circle,1718,34.36,-1.4452866917201748,3.494749702356633,0.07936482810739691,0.2
PPO,circle,1719,34.38,-1.44976186054007,3.4908955604527065,0.07956718769394672,0.2
PPO,circle,1720,34.4,-1.454265711846828,3.487018074126333,0.08021148817126136,0.2
PPO,circle,1721,34.42,-1.4580940453656188,3.483219653086455,0.08044972385645144,0.2
PPO,circle,1722,34.44,-1.4618527699895796,3.47955469268759,0.0800398278534647,0.2
PPO,circle,1723,34.46,-1.4658720590227023,3.4760558089099862,0.0802753813280232,0.2
PPO,circle,1724,34.480000000000004,-1.4703160475279722,3.4725540818606477,0.08118251416707559,0.2
PPO,circle,1725,34.5,-1.4748277561104561,3.469643481215492,0.08264017324274213,0.2
PPO,circle,1726,34.52,-1.4786308947549087,3.467787968956907,0.08365311015839848,0.2
PPO,circle,1727,34.54,-1.48191396923861,3.4662211060201567,0.08471325602093183,0.2
PPO,circle,1728,34.56,-1.4843983947264245,3.4648531999850474,0.08548172063230773,0.2
PPO,circle,1729,34.58,-1.4864118030668199,3.463405914137535,0.0859370578293282,0.2
PPO,circle,1730,34.6,-1.488484831354824,3.461549760837992,0.08623686435578498,0.2
PPO,circle,1731,34.62,-1.4909597588655947,3.459053884769559,0.08653507421609093,0.2
PPO,circle,1732,34.64,-1.494047264098665,3.455832759776487,0.08646003739844352,0.2
PPO,circle,1733,34.660000000000004,-1.4976640435614286,3.4519978221702123,0.08603523879513944,0.2
PPO,circle,1734,34.68,-1.5017107677470076,3.4477136113874214,0.08594601644604834,0.2
PPO,circle,1735,34.7,-1.5060280727925928,3.4432665362349066,0.08637190289146872,0.2
PPO,circle,1736,34.72,-1.5101179287492585,3.438849257706807,0.086119425909548,0.2
PPO,circle,1737,34.74,-1.513558801259129,3.434666459505849,0.08547124786919842,0.2
PPO,circle,1738,34.76,-1.5170701014595387,3.4306548132067234,0.08532858667825166,0.2
PPO,circle,1739,34.78,-1.5209080498792367,3.4266900204707147,0.08580688991194475,0.2
PPO,circle,1740,34.800000000000004,-1.525070603608424,3.4228530970507953,0.0860243534578692,0.2
PPO,circle,1741,34.82,-1.5290247361224825,3.4199507360630363,0.08669316334059436,0.2
PPO,circle,1742,34.84,-1.532351502682928,3.41787089852018,0.08770603088618159,0.2
PPO,circle,1743,34.86,-1.5350564178579815,3.416119785882395,0.088610680819681,0.2
PPO,circle,1744,34.88,-1.5373593107344994,3.4144500883977256,0.0893549346099177,0.2
PPO,circle,1745,34.9,-1.5394123665613322,3.412735149830544,0.08995468040952795,0.2
PPO,circle,1746,34.92,-1.541646326066346,3.4106051709403427,0.09001434750089193,0.2
PPO,circle,1747,34.94,-1.5443559486613665,3.40782333334352,0.08986021952956487,0.2
PPO,circle,1748,34.96,-1.547621345543298,3.4043874141606167,0.08984112583988585,0.2
PPO,circle,1749,34.980000000000004,-1.5512849999361906,3.400520424383734,0.09010943862076166,0.2
PPO,circle,1750,35.0,-1.5553957735616544,3.396311720079829,0.09081634239158368,0.2
PPO,circle,1751,35.02,-1.5596609859385424,3.3920351799048283,0.09064667195129734,0.2
PPO,circle,1752,35.04,-1.5633585188927128,3.387869326327668,0.0905228556940592,0.2
PPO,circle,1753,35.06,-1.5666408580997309,3.383818370112041,0.09048314442166419,0.2
PPO,circle,1754,35.08,-1.5700991399795556,3.3797639920545297,0.09079673575972574,0.2
PPO,circle,1755,35.1,-1.5738989531710723,3.3756110514528914,0.0904556969457286,0.2
PPO,circle,1756,35.12,-1.5779362902591665,3.371757618925284,0.09083957231396969,0.2
PPO,circle,1757,35.14,-1.581527054559416,3.3690241350967356,0.09189052621324505,0.2
PPO,circle,1758,35.160000000000004,-1.5845153959902667,3.366877814709378,0.09299830498068053,0.2
PPO,circle,1759,35.18,-1.5868759868417126,3.3648761969965153,0.09364007220816763,0.2
PPO,circle,1760,35.2,-1.5888908457843602,3.36282438328485,0.09357160290933206,0.2
PPO,circle,1761,35.22,-1.5907842937052386,3.3606232591314305,0.09340077100657704,0.2
PPO,circle,1762,35.24,-1.5929520033606925,3.357949007812479,0.0932143344836042,0.2
PPO,circle,1763,35.26,-1.5956714430690027,3.3546510499446014,0.09319538477494618,0.2
PPO,circle,1764,35.28,-1.5989073624564816,3.3508378592200585,0.09349229316259006,0.2
PPO,circle,1765,35.300000000000004,-1.602599854843365,3.346674246010941,0.09363163087969865,0.2
PPO,circle,1766,35.32,-1.6066747986920562,3.3423258959916646,0.09364514313015311,0.2
PPO,circle,1767,35.34,-1.6107053043472417,3.3379632297502515,0.09399311353399946,0.2
PPO,circle,1768,35.36,-1.6140282050651293,3.3337921236233417,0.0942349813076541,0.2
PPO,circle,1769,35.38,-1.6173223872933238,3.329747218978387,0.09409397353359378,0.2
PPO,circle,1770,35.4,-1.6209082352255941,3.3258135185537383,0.0940984603270292,0.2
PPO,circle,1771,35.42,-1.624892889747865,3.3218803308255627,0.09472076575854746,0.2
PPO,circle,1772,35.44,-1.628944130897309,3.31861167270579,0.09609526958327233,0.2
PPO,circle,1773,35.46,-1.6323699206657116,3.316465439114394,0.09755435277711387,0.2
PPO,circle,1774,35.480000000000004,-1.6352195114129546,3.3147809046632157,0.09846092399746836,0.2
PPO,circle,1775,35.5,-1.6373185284987404,3.3133985203401326,0.09910083011138467,0.2
PPO,circle,1776,35.52,-1.6390282527272166,3.3119474262764834,0.09945702563394164,0.2
PPO,circle,1777,35.54,-1.6408246840623706,3.3100299829523854,0.09963978353893485,0.2
PPO,circle,1778,35.56,-1.6429921489393198,3.3074063153614994,0.09976727894900878,0.2
PPO,circle,1779,35.58,-1.6457084801698498,3.3039763207790376,0.10001103944721704,0.2
PPO,circle,1780,35.6,-1.6489028079758827,3.2998546383834038,0.09999994175989788,0.2
PPO,circle,1781,35.62,-1.652508183422491,3.295201147980137,0.09963852962333651,0.2
PPO,circle,1782,35.64,-1.6563729306460513,3.2903619171377207,0.099724248615829,0.2
PPO,circle,1783,35.660000000000004,-1.6599831924359387,3.285596752685201,0.10001879172707878,0.2
PPO,circle,1784,35.68,-1.6629647259002913,3.2811305211275266,0.09947749136761598,0.2
PPO,circle,1785,35.7,-1.6660175934340455,3.276822368936415,0.0990399603499636,0.2
PPO,circle,1786,35.72,-1.669380431376994,3.272502458821225,0.0991285513883255,0.2
PPO,circle,1787,35.74,-1.6730684567430152,3.26825216240329,0.09983092779602452,0.2
PPO,circle,1788,35.76,-1.676640130217685,3.2649505286271063,0.10060364439886715,0.2
PPO,circle,1789,35.78,-1.6796668899613763,3.2625154704958628,0.10133324807619996,0.2
PPO,circle,1790,35.800000000000004,-1.6821078203619455,3.260462936457632,0.10197153895859228,0.2
PPO,circle,1791,35.82,-1.6841694765070052,3.258516842815774,0.10245993057992035,0.2
PPO,circle,1792,35.84,-1.68599589307649,3.256558089057865,0.10282287513532788,0.2
PPO,circle,1793,35.86,-1.6879712135154725,3.254191546417081,0.10315768885073014,0.2
PPO,circle,1794,35.88,-1.690363898042229,3.2511520020564686,0.10357243317279921,0.2
PPO,circle,1795,35.9,-1.6932538829951527,3.2474233299919586,0.10331108242715538,0.2
PPO,circle,1796,35.92,-1.6965157188003408,3.243230783785607,0.10328399693128178,0.2
PPO,circle,1797,35.94,-1.7002035405376306,3.238653622105147,0.10367170900182184,0.2
PPO,circle,1798,35.96,-1.7040380575819734,3.23400245440579,0.1044790314155846,0.2
PPO,circle,1799,35.980000000000004,-1.7073136424363526,3.2295281705914594,0.10410201975620327,0.2
PPO,circle,1800,36.0,-1.7101922591480945,3.225200405241138,0.10377651934145501,0.2
PPO,circle,1801,36.02,-1.7132391919791037,3.220847594201256,0.10383855792104434,0.2
PPO,circle,1802,36.04,-1.7166097458737415,3.216353994340976,0.10438249115756716,0.2
PPO,circle,1803,36.06,-1.720247690129323,3.212124994943901,0.10455904784457522,0.2
PPO,circle,1804,36.08,-1.7235518384159203,3.209060683680473,0.10535078131756202,0.2
PPO,circle,1805,36.1,-1.7263240729451546,3.206616053347449,0.10622858530276584,0.2
PPO,circle,1806,36.12,-1.728408919012127,3.2044035997911715,0.10676799177819102,0.2
PPO,circle,1807,36.14,-1.7301357033327416,3.2021719017119112,0.10707314964621036,0.2
PPO,circle,1808,36.160000000000004,-1.731741366466287,3.1997861613035403,0.10727061045491347,0.2
PPO,circle,1809,36.18,-1.7335831535299289,3.19690112128301,0.10690522417176039,0.2
PPO,circle,1810,36.2,-1.735923223673685,3.1933420249978517,0.10659497027402555,0.2
PPO,circle,1811,36.22,-1.7387407833397737,3.1892160629175352,0.10653488795267034,0.2
PPO,circle,1812,36.24,-1.7420029123228693,3.1846818131041688,0.10688140366419378,0.2
PPO,circle,1813,36.26,-1.745635510265789,3.1799323568140654,0.1073815805307313,0.2
PPO,circle,1814,36.28,-1.7491972677142236,3.1751958853327924,0.1073621267618758,0.2
PPO,circle,1815,36.300000000000004,-1.7520537791855724,3.1707304214035332,0.10722076896557489,0.2
PPO,circle,1816,36.32,-1.7548917443810947,3.1663809261469105,0.10738309195591969,0.2
PPO,circle,1817,36.34,-1.7580241736714743,3.162109853726769,0.10780845194763508,0.2
PPO,circle,1818,36.36,-1.7615560886173727,3.1578044860482652,0.10805472506968485,0.2
PPO,circle,1819,36.38,-1.765237669686184,3.154151875308912,0.10906371759731114,0.2
PPO,circle,1820,36.4,-1.7684360247929851,3.1516828368817227,0.11048894926988168,0.2
PPO,circle,1821,36.42,-1.771180407942061,3.1496565581989286,0.1118586818230629,0.2
PPO,circle,1822,36.44,-1.773240863861206,3.14799718335933,0.11287933799460498,0.2
PPO,circle,1823,36.46,-1.774888437606511,3.146320718309192,0.1132465635958819,0.2
PPO,circle,1824,36.480000000000004,-1.7765475424707386,3.1441941512931146,0.11330900452648152,0.2
PPO,circle,1825,36.5,-1.7784833074084148,3.1413348121739695,0.11324986745364622,0.2
PPO,circle,1826,36.52,-1.7808704024068294,3.1376078035262562,0.11321531764280762,0.2
PPO,circle,1827,36.54,-1.7836628633215228,3.1331183751318052,0.11333091928493262,0.2
PPO,circle,1828,36.56,-1.786805671874215,3.128035490672102,0.11347587115813292,0.2
PPO,circle,1829,36.58,-1.7901864177450835,3.122715047969741,0.11316198376189605,0.2
PPO,circle,1830,36.6,-1.79331692479964,3.1175041242028354,0.1130390015944637,0.2
PPO,circle,1831,36.62,-1.7958501403567024,3.1126740925726777,0.11289082697693907,0.2
PPO,circle,1832,36.64,-1.7984753340259978,3.1079703923873554,0.11268230285994285,0.2
PPO,circle,1833,36.660000000000004,-1.8013871453622852,3.1032346250736205,0.11241255447729373,0.2
PPO,circle,1834,36.68,-1.804615572705194,3.098593645522605,0.11273887653130987,0.2
PPO,circle,1835,36.7,-1.8078136134010727,3.0949482803555544,0.11377868337966386,0.2
PPO,circle,1836,36.72,-1.8105553596518378,3.092236512087436,0.11499932181279303,0.2
PPO,circle,1837,36.74,-1.8127443435469799,3.0899987601637515,0.11547932007309863,0.2
PPO,circle,1838,36.76,-1.8145682945972001,3.0879154041643706,0.11582169282308222,0.2
PPO,circle,1839,36.78,-1.8161646930759354,3.0858243653404984,0.11603218316652147,0.2
PPO,circle,1840,36.800000000000004,-1.8178712280026301,3.083301221300853,0.11617570900009734,0.2
PPO,circle,1841,36.82,-1.819928564923326,3.0800600771243483,0.11635852558319075,0.2
PPO,circle,1842,36.84,-1.8224161377814607,3.0760707211176936,0.11671654992277203,0.2
PPO,circle,1843,36.86,-1.8252360999366495,3.071563443841496,0.11679652380727723,0.2
PPO,circle,1844,36.88,-1.828442961264483,3.0666191726356957,0.11682672177924042,0.2
PPO,circle,1845,36.9,-1.831778936767788,3.0615973990858927,0.11723063972064068,0.2
PPO,circle,1846,36.92,-1.8345556167214536,3.0568267584752595,0.11754488662505604,0.2
PPO,circle,1847,36.94,-1.8369482578939216,3.0522270654481614,0.11720181467201195,0.2
PPO,circle,1848,36.96,-1.8394996260599261,3.0475787160007735,0.11690085591552424,0.2
PPO,circle,1849,36.980000000000004,-1.8423548475337383,3.0427540380657243,0.11702527828573983,0.2
PPO,circle,1850,37.0,-1.8455061629044953,3.0381716310974363,0.11778871720811321,0.2
PPO,circle,1851,37.02,-1.8484411414981987,3.034796557226951,0.11870175869822894,0.2
PPO,circle,1852,37.04,-1.8508996140601164,3.032099523076633,0.11932816226781001,0.2
PPO,circle,1853,37.06,-1.852743948883633,3.029670311994673,0.11966451610094454,0.2
PPO,circle,1854,37.08,-1.8542330771976616,3.0272565161927654,0.11977341586804702,0.2
PPO,circle,1855,37.1,-1.855580939204749,3.024703475548697,0.11975977126112057,0.2
PPO,circle,1856,37.12,-1.8571134755153245,3.021628579414137,0.11975389062797111,0.2
PPO,circle,1857,37.14,-1.8590745329327694,3.0178355651524984,0.11994698702401184,0.2
PPO,circle,1858,37.160000000000004,-1.861454665364933,3.0134352980440666,0.11960148911442693,0.2
PPO,circle,1859,37.18,-1.864244711590221,3.0085746151297195,0.11958423391749874,0.2
PPO,circle,1860,37.2,-1.8673760597938067,3.003469085825065,0.12002932615333103,0.2
PPO,circle,1861,37.22,-1.8704056239409321,2.9984136794136016,0.12067204188420234,0.2
PPO,circle,1862,37.24,-1.8727515908037622,2.9937372412503778,0.12020347404637774,0.2
PPO,circle,1863,37.26,-1.8750938665791461,2.9891659791147402,0.1200076974849994,0.2
PPO,circle,1864,37.28,-1.8777359360158308,2.9846122101523096,0.12030950212619072,0.2
PPO,circle,1865,37.300000000000004,-1.8807663416730172,2.9799852611720854,0.1211688522091225,0.2
PPO,circle,1866,37.32,-1.883992655512484,2.9760219848044462,0.12199739198483688,0.2
PPO,circle,1867,37.34,-1.8868312016722948,2.9732801261341426,0.1231084279737077,0.2
PPO,circle,1868,37.36,-1.889206466128843,2.9711044896781873,0.1241814499979315,0.2
PPO,circle,1869,37.38,-1.890930953647978,2.9693545677075908,0.12493121436016243,0.2
PPO,circle,1870,37.4,-1.8922809474392328,2.967602943640371,0.12538508011756938,0.2
PPO,circle,1871,37.42,-1.8936375622974981,2.9653661548486485,0.12568333470759516,0.2
PPO,circle,1872,37.44,-1.8952263763616923,2.962356021148397,0.1259504794807528,0.2
PPO,circle,1873,37.46,-1.8971946422534776,2.9584367363733417,0.12576946511871168,0.2
PPO,circle,1874,37.480000000000004,-1.8994965432741737,2.95373137298669,0.12550897525171814,0.2
PPO,circle,1875,37.5,-1.902112282237326,2.9483884274173193,0.12547969082840796,0.2
PPO,circle,1876,37.52,-1.9049445532542846,2.9428100385689318,0.1258435485168293,0.2
PPO,circle,1877,37.54,-1.9074895394808251,2.937408769464513,0.12554587598583275,0.2
PPO,circle,1878,37.56,-1.9094777030391539,2.9324303659086617,0.12498388543956092,0.2
PPO,circle,1879,37.58,-1.9115626392466087,2.927538552140245,0.12477382182466387,0.2
PPO,circle,1880,37.6,-1.9139179736987,2.9225602883929964,0.12500964763501687,0.2
PPO,circle,1881,37.62,-1.916593434305494,2.917627057674398,0.12513051243083276,0.2
PPO,circle,1882,37.64,-1.9193271683089588,2.9137037636926575,0.12573819914469744,0.2
PPO,circle,1883,37.660000000000004,-1.9217045267232076,2.9106801036817243,0.1265736353186532,0.2
PPO,circle,1884,37.68,-1.9235754885082037,2.9081498642879176,0.1272491150764433,0.2
PPO,circle,1885,37.7,-1.9251142329919855,2.905806866558936,0.1277609865349872,0.2
PPO,circle,1886,37.72,-1.9264500064888155,2.9034784155683786,0.12814769810626297,0.2
PPO,circle,1887,37.74,-1.9278729069453984,2.9007177866866645,0.12822557676365987,0.2
PPO,circle,1888,37.76,-1.9295917027002503,2.89722246255134,0.12809604243620198,0.2
PPO,circle,1889,37.78,-1.9316756988758315,2.8929730335356743,0.12809291340686718,0.2
PPO,circle,1890,37.800000000000004,-1.9340613391308121,2.8881910757019855,0.1283356929243641,0.2
PPO,circle,1891,37.82,-1.9367955167305264,2.8829574729187675,0.12897085241191794,0.2
PPO,circle,1892,37.84,-1.9396189259157077,2.8776639951497027,0.12906957421276047,0.2
PPO,circle,1893,37.86,-1.9418609083209988,2.8726913485551275,0.128947117636661,0.2
PPO,circle,1894,37.88,-1.9438386088453636,2.867860876700554,0.12886341276484437,0.2
PPO,circle,1895,37.9,-1.9459737555877914,2.863004016814888,0.1291303935922164,0.2
PPO,circle,1896,37.92,-1.948408640538168,2.8579339845209226,0.12908630197258794,0.2
PPO,circle,1897,37.94,-1.9511713910921133,2.8531241104905964,0.12953200674788948,0.2
PPO,circle,1898,37.96,-1.9538066490151604,2.849569231865383,0.1305620176961702,0.2
PPO,circle,1899,37.980000000000004,-1.9560659980950188,2.846637543870458,0.13159802697216066,0.2
PPO,circle,1900,38.0,-1.9577321244221624,2.8440329196046417,0.1322762811937376,0.2
PPO,circle,1901,38.02,-1.9590067971388492,2.8414988632708247,0.13242113504940076,0.2
PPO,circle,1902,38.04,-1.9601203450017495,2.838799018699669,0.13221238757117962,0.2
PPO,circle,1903,38.06,-1.9613690537888926,2.8355080276229936,0.13194587984011777,0.2
PPO,circle,1904,38.08,-1.962968527252327,2.831416497349256,0.13178844753681382,0.2
PPO,circle,1905,38.1,-1.9648993520865972,2.826659846964249,0.13185633669499414,0.2
PPO,circle,1906,38.12,-1.9671729994628753,2.821371775764465,0.13213734910978242,0.2
PPO,circle,1907,38.14,-1.969715907649055,2.815851178929755,0.1320545333645728,0.2
PPO,circle,1908,38.160000000000004,-1.9720478711021783,2.810479158918887,0.13210989268403905,0.2
PPO,circle,1909,38.18,-1.9737785263315741,2.8055372651884456,0.13199860447880962,0.2
PPO,circle,1910,38.2,-1.9755700325548418,2.800673136897289,0.13202987303436714,0.2
PPO,circle,1911,38.22,-1.977650793154847,2.795740890431019,0.13182357442315132,0.2
PPO,circle,1912,38.24,-1.9801045031882807,2.790778841711393,0.13217041168086902,0.2
PPO,circle,1913,38.26,-1.982759230319667,2.786678692265465,0.13322198012237252,0.2
PPO,circle,1914,38.28,-1.9851174413766495,2.783805516151502,0.1345335687966299,0.2
PPO,circle,1915,38.300000000000004,-1.9869934861670657,2.7815965130807423,0.13558623697631123,0.2
PPO,circle,1916,38.32,-1.988434017574244,2.779628818534834,0.1360515542355515,0.2
PPO,circle,1917,38.34,-1.9896054516804367,2.777629055106046,0.13629957185146557,0.2
PPO,circle,1918,38.36,-1.9907739863815863,2.7751203527061215,0.1363876431522226,0.2
PPO,circle,1919,38.38,-1.99214003681922,2.7717891930681082,0.13641798766329197,0.2
PPO,circle,1920,38.4,-1.9938036218525057,2.7675451862553375,0.13652161590865167,0.2
PPO,circle,1921,38.42,-1.995691624568076,2.762600729881155,0.13678592633427805,0.2
PPO,circle,1922,38.44,-1.9978564983179026,2.7570475898355937,0.13661708249536983,0.2
PPO,circle,1923,38.46,-2.0001513251824696,2.751367949918821,0.1366234019987861,0.2
PPO,circle,1924,38.480000000000004,-2.0019554948785157,2.746062812547131,0.1365549489053432,0.2
PPO,circle,1925,38.5,-2.0033148198684247,2.7410690601206835,0.13637488169442402,0.2
PPO,circle,1926,38.52,-2.004800323027276,2.7359991941562867,0.13577903301214883,0.2
PPO,circle,1927,38.54,-2.006536463431934,2.7307073822254124,0.13544754845734489,0.2
PPO,circle,1928,38.56,-2.0086050642991062,2.7255494810350602,0.13570220935918545,0.2
PPO,circle,1929,38.58,-2.0107217575856375,2.721577276469451,0.13655557777419935,0.2
PPO,circle,1930,38.6,-2.0124822348829765,2.7184340123286956,0.13720469675804983,0.2
PPO,circle,1931,38.62,-2.013718203607522,2.7156773470592306,0.13727255962054424,0.2
PPO,circle,1932,38.64,-2.0146619813208835,2.7129658712734255,0.13715024615598848,0.2
PPO,circle,1933,38.660000000000004,-2.015473332932507,2.710180274116939,0.13693824699605972,0.2
PPO,circle,1934,38.68,-2.0163962210669495,2.7069058680616362,0.13673808520480216,0.2
PPO,circle,1935,38.7,-2.0176312916514574,2.7029129725969883,0.13671337235116715,0.2
PPO,circle,1936,38.72,-2.0192042297662303,2.6982945918038608,0.13695493996717925,0.2
PPO,circle,1937,38.74,-2.021139624968002,2.693161516128089,0.13680280010393753,0.2
PPO,circle,1938,38.76,-2.023394087801084,2.687723613634839,0.13707489115180477,0.2
PPO,circle,1939,38.78,-2.0255587668837456,2.682366687651389,0.13753491675075372,0.2
PPO,circle,1940,38.800000000000004,-2.0271088757999833,2.677508299936508,0.13775922075608077,0.2
PPO,circle,1941,38.82,-2.0286500491935198,2.672713742245525,0.13740969994681448,0.2
PPO,circle,1942,38.84,-2.0304553453464234,2.667870362920718,0.1374785613775094,0.2
PPO,circle,1943,38.86,-2.032611520969776,2.6628667464761877,0.13803285660031664,0.2
PPO,circle,1944,38.88,-2.035077227404406,2.6584328416835104,0.13923890218369733,0.2
PPO,circle,1945,38.9,-2.037364058199236,2.655256129697585,0.14043249373915279,0.2
PPO,circle,1946,38.92,-2.039308243291118,2.652692499043868,0.14134197988479744,0.2
PPO,circle,1947,38.94,-2.0406652324209804,2.650681230820681,0.14194346627432458,0.2
PPO,circle,1948,38.96,-2.0416194637074936,2.648743887426626,0.14222444522381578,0.2
PPO,circle,1949,38.980000000000004,-2.0424884812103175,2.6463336331985525,0.1423150862198647,0.2
PPO,circle,1950,39.0,-2.043454876341311,2.643125114934683,0.14232402227411206,0.2
PPO,circle,1951,39.02,-2.0446500181312675,2.6389521429298974,0.14239375453550426,0.2
PPO,circle,1952,39.04,-2.0460604560913387,2.6339235389051714,0.1422694504256518,0.2
PPO,circle,1953,39.06,-2.0476829996157706,2.628196226392269,0.1419039602800669,0.2
PPO,circle,1954,39.08,-2.0494939712178155,2.622174894937374,0.14188968983672004,0.2
PPO,circle,1955,39.1,-2.051057974573477,2.616417042480439,0.1419731416723949,0.2
PPO,circle,1956,39.12,-2.052127367627987,2.611214036119567,0.1414175440108836,0.2
PPO,circle,1957,39.14,-2.0533084037878098,2.6061234798319934,0.14092394327295435,0.2
PPO,circle,1958,39.160000000000004,-2.0547347746149196,2.6009124304472753,0.14082789501153656,0.2
PPO,circle,1959,39.18,-2.0564917899461777,2.5956550854051543,0.1412507830865364,0.2
PPO,circle,1960,39.2,-2.05852045985593,2.591334797137931,0.1420608308005555,0.2
PPO,circle,1961,39.22,-2.0603735287527263,2.588090763555606,0.14276798383637707,0.2
PPO,circle,1962,39.24,-2.0618351695616317,2.5854861216949074,0.1433786375904881,0.2
PPO,circle,1963,39.26,-2.0629896041647062,2.583143841539805,0.14382461822841863,0.2
PPO,circle,1964,39.28,-2.0639294444457907,2.5808255594621503,0.14411525141203768,0.2
PPO,circle,1965,39.300000000000004,-2.064863872861806,2.5780385154354293,0.14433134022107172,0.2
PPO,circle,1966,39.32,-2.0659436979215724,2.574456042312287,0.1445778379057083,0.2
PPO,circle,1967,39.34,-2.067232429411111,2.570005798594714,0.144638337531219,0.2
PPO,circle,1968,39.36,-2.0686966369886113,2.5649122274450207,0.1444858465887577,0.2
PPO,circle,1969,39.38,-2.0704002957163503,2.5592433413157654,0.14461638588618292,0.2
PPO,circle,1970,39.4,-2.072199505484182,2.553478092265421,0.14506224095837028,0.2
PPO,circle,1971,39.42,-2.0735095706995383,2.548158320657768,0.14498882101930172,0.2
PPO,circle,1972,39.44,-2.0744802119973498,2.543088895573797,0.14443310206314386,0.2
PPO,circle,1973,39.46,-2.075572427496795,2.537918145302094,0.1441538864387889,0.2
PPO,circle,1974,39.480000000000004,-2.0768876023214093,2.532480295272626,0.14423204254265978,0.2
PPO,circle,1975,39.5,-2.0785503050104315,2.5271818604692124,0.14466493455370466,0.2
PPO,circle,1976,39.52,-2.0803461787907875,2.5231073976319154,0.145196219583269,0.2
PPO,circle,1977,39.54,-2.08185320772785,2.519826200208262,0.14578041205123818,0.2
PPO,circle,1978,39.56,-2.0828405519889905,2.5169879387272256,0.1460481812721077,0.2
PPO,circle,1979,39.58,-2.0835061644161064,2.5142465919888126,0.14608358952575168,0.2
PPO,circle,1980,39.6,-2.0840147075277526,2.5114028542318754,0.14599940761360003,0.2
PPO,circle,1981,39.62,-2.0845744739539276,2.508025523610172,0.14593011355965393,0.2
PPO,circle,1982,39.64,-2.08536740066125,2.5038659417702247,0.14557628852678153,0.2
PPO,circle,1983,39.660000000000004,-2.086420278288441,2.4990230096854704,0.14529566215627165,0.2
PPO,circle,1984,39.68,-2.0877699752229266,2.4936029553039187,0.14534910747097474,0.2
PPO,circle,1985,39.7,-2.089391000642036,2.4878692356135255,0.14582926747412708,0.2
PPO,circle,1986,39.72,-2.09089404819243,2.482287991325746,0.14600764100895777,0.2
PPO,circle,1987,39.74,-2.0918398674752714,2.4772924274011143,0.14563065995821745,0.2
PPO,circle,1988,39.76,-2.0927974668648575,2.472366309709886,0.145456507717162,0.2
PPO,circle,1989,39.78,-2.0940122435560484,2.467348179017018,0.1456926824109531,0.2
PPO,circle,1990,39.800000000000004,-2.095569118225185,2.4621683566865085,0.14624744693388828,0.2
PPO,circle,1991,39.82,-2.097502264482944,2.4575988531084727,0.146921032673187,0.2
PPO,circle,1992,39.84,-2.099392646034008,2.454283749405765,0.14798812603047334,0.2
PPO,circle,1993,39.86,-2.1009728981654376,2.4516869155658014,0.1489844158296143,0.2
PPO,circle,1994,39.88,-2.102058538163213,2.4496892415645686,0.14966060998350283,0.2
PPO,circle,1995,39.9,-2.102810385646205,2.4477384013010997,0.15004755267882686,0.2
PPO,circle,1996,39.92,-2.10345071936597,2.4452866451141926,0.15027283560566945,0.2
PPO,circle,1997,39.94,-2.104116464807882,2.4420104682688235,0.1504193140962151,0.2
PPO,circle,1998,39.96,-2.1049057281775525,2.437743752051069,0.15008074569315893,0.2
PPO,circle,1999,39.980000000000004,-2.105810095569061,2.4326024382567346,0.14979314428370283,0.2
PPO,circle,2000,40.0,-2.106850242890529,2.42673058093963,0.14969402806324345,0.2
PPO,circle,2001,40.02,-2.108042166541288,2.4205632755452253,0.14994419774567394,0.2
PPO,circle,2002,40.04,-2.1089855473559607,2.4147225910626395,0.14948308854388817,0.2
PPO,circle,2003,40.06,-2.109490169941686,2.409475602027422,0.14886584442689124,0.2
PPO,circle,2004,40.08,-2.110100511805255,2.404308118978897,0.14855040982599546,0.2
PPO,circle,2005,40.1,-2.110917318615024,2.3989688001347296,0.1486002635465171,0.2
PPO,circle,2006,40.12,-2.1120440287203603,2.393562648339375,0.14855599658025448,0.2
PPO,circle,2007,40.14,-2.1135303641329846,2.3890823134371453,0.14906304308794469,0.2
PPO,circle,2008,40.160000000000004,-2.1149417890508273,2.385620508343817,0.1498147896383867,0.2
PPO,circle,2009,40.18,-2.1160217109416486,2.3828210059630877,0.15042714548865072,0.2
PPO,circle,2010,40.2,-2.1168440695697326,2.380287041161021,0.15087697391065238,0.2
PPO,circle,2011,40.22,-2.117477689152216,2.3777906421174904,0.15118937316022885,0.2
PPO,circle,2012,40.24,-2.118075841340001,2.374838124797454,0.1513027662051832,0.2
PPO,circle,2013,40.26,-2.1187574565149743,2.3710901917307403,0.15113179262047916,0.2
PPO,circle,2014,40.28,-2.1195767045525216,2.3664816369759216,0.15103446920861893,0.2
PPO,circle,2015,40.300000000000004,-2.1205279752722617,2.361229451223428,0.15111779331722872,0.2
PPO,circle,2016,40.32,-2.1216730695458335,2.355407827131368,0.15152027331876658,0.2
PPO,circle,2017,40.34,-2.122885498788446,2.349528039865805,0.15161470768356344,0.2
PPO,circle,2018,40.36,-2.1236190696687056,2.3441795982780627,0.15133643484780646,0.2
PPO,circle,2019,40.38,-2.1241256422608266,2.3390218648426924,0.15105121894549617,0.2
PPO,circle,2020,40.4,-2.1247583084055224,2.3337885370767846,0.1510613163880554,0.2
PPO,circle,2021,40.42,-2.1256022729449797,2.328253970753738,0.15099859902826593,0.2
PPO,circle,2022,40.44,-2.1268316642008003,2.322866744468724,0.15121855964609063,0.2
PPO,circle,2023,40.46,-2.1282958079814334,2.3187402393785277,0.15204065985871495,0.2
PPO,circle,2024,40.480000000000004,-2.129564566390427,2.3152808074858364,0.1528641855909268,0.2
PPO,circle,2025,40.5,-2.130345003031247,2.312282484515277,0.15332808113787694,0.2
PPO,circle,2026,40.52,-2.1307534290503134,2.3094830748957094,0.15349696681682842,0.2
PPO,circle,2027,40.54,-2.1309659064125914,2.3065520083877322,0.15311560781747638,0.2
PPO,circle,2028,40.56,-2.131165928831267,2.3030117410844952,0.1526707846372485,0.2
PPO,circle,2029,40.58,-2.1315090828213483,2.2986220870385865,0.15232635606692613,0.2
PPO,circle,2030,40.6,-2.132014928645188,2.2935187917495505,0.1521915569937829,0.2
PPO,circle,2031,40.62,-2.132733661184157,2.287795451182348,0.15239692912708896,0.2
PPO,circle,2032,40.64,-2.133662720799767,2.281797133360903,0.15230314235844078,0.2
PPO,circle,2033,40.660000000000004,-2.134403439709901,2.2760853744701635,0.1521854871250584,0.2
PPO,circle,2034,40.68,-2.1346799905675007,2.2709815070327486,0.15188117404706805,0.2
PPO,circle,2035,40.7,-2.1350142336712725,2.2659059569131106,0.15180788274032275,0.2
PPO,circle,2036,40.72,-2.1355648608607725,2.2606269782406336,0.15157719587541701,0.2
PPO,circle,2037,40.74,-2.1364664184724824,2.255210952201593,0.1516666092725435,0.2
PPO,circle,2038,40.76,-2.1378144014692753,2.2506133782765447,0.1524780639670983,0.2
PPO,circle,2039,40.78,-2.1392135318609458,2.247267569422732,0.15357704999454,0.2
PPO,circle,2040,40.800000000000004,-2.140322032827665,2.2446990047237945,0.15450754399453975,0.2
PPO,circle,2041,40.82,-2.1411139196237676,2.2424378377853573,0.15517646618732905,0.2
PPO,circle,2042,40.84,-2.141642565091306,2.2402020909655134,0.15531269916882368,0.2
PPO,circle,2043,40.86,-2.142032092650187,2.237462426888368,0.15527028985465519,0.2
PPO,circle,2044,40.88,-2.1423888808577343,2.233870554089514,0.1551366753782444,0.2
PPO,circle,2045,40.9,-2.1427823886460717,2.2293216669204643,0.1550298289716713,0.2
PPO,circle,2046,40.92,-2.1432105848637932,2.224030103346064,0.15504518216851992,0.2
PPO,circle,2047,40.94,-2.143745131441672,2.218083807629555,0.15507309030561775,0.2
PPO,circle,2048,40.96,-2.144370518457737,2.2120113449227343,0.15485788095644856,0.2
PPO,circle,2049,40.980000000000004,-2.1446043258446013,2.2064906034478327,0.15453730881028424,0.2
PPO,circle,2050,41.0,-2.144505794663329,2.2013433436186536,0.15409990946194219,0.2
PPO,circle,2051,41.02,-2.144507313787974,2.1960832540185997,0.15375539567666938,0.2
PPO,circle,2052,41.04,-2.144682231443895,2.1905050257000642,0.15318600770587676,0.2
PPO,circle,2053,41.06,-2.145232476523281,2.1849923080358296,0.15319778250424687,0.2
PPO,circle,2054,41.08,-2.1461618850392172,2.1806587389291643,0.15384383336554538,0.2
PPO,circle,2055,41.1,-2.1469552715942464,2.1772071786860634,0.15450059662398696,0.2
PPO,circle,2056,41.12,-2.147342138611646,2.174261916170017,0.15473967953690346,0.2
PPO,circle,2057,41.14,-2.1474532811279587,2.1714194887816722,0.15446572544068207,0.2
PPO,circle,2058,41.160000000000004,-2.147409023197904,2.1685011598634416,0.15408108881442964,0.2
PPO,circle,2059,41.18,-2.147339478005707,2.165068710812885,0.15368097865892658,0.2
PPO,circle,2060,41.2,-2.1473744720961188,2.1608602974485613,0.15341401077215194,0.2
PPO,circle,2061,41.22,-2.1475627049498134,2.1559555856081016,0.15339559555345347,0.2
PPO,circle,2062,41.24,-2.147957119552445,2.1504318787454153,0.15348552117253564,0.2
PPO,circle,2063,41.26,-2.148570277104318,2.1445488434902744,0.1534638440631609,0.2
PPO,circle,2064,41.28,-2.1490894522473885,2.1388586502885087,0.1535858528409914,0.2
PPO,circle,2065,41.300000000000004,-2.1491622480159482,2.1338598142561866,0.15348489984619637,0.2
PPO,circle,2066,41.32,-2.1492421753888395,2.1289028299994013,0.15343257739835267,0.2
PPO,circle,2067,41.34,-2.149524267930509,2.1237732396506397,0.15316915305979287,0.2
PPO,circle,2068,41.36,-2.1501017740876067,2.1184106812228207,0.15335990927609802,0.2
PPO,circle,2069,41.38,-2.1511597236287323,2.113593814680451,0.15423157334062432,0.2
PPO,circle,2070,41.4,-2.1523721460810865,2.1100418246834103,0.15540405217711167,0.2
PPO,circle,2071,41.42,-2.1533832435973626,2.10730681272635,0.15642984972644056,0.2
PPO,circle,2072,41.44,-2.1540300098869487,2.1052301326401364,0.1568455102346566,0.2
PPO,circle,2073,41.46,-2.154378477315148,2.103223292074368,0.15699929719797276,0.2
PPO,circle,2074,41.480000000000004,-2.154535096947084,2.1007298336620366,0.15695134035445038,0.2
PPO,circle,2075,41.5,-2.1545822241616435,2.097414696723877,0.15678827808662973,0.2
PPO,circle,2076,41.52,-2.1545920859481678,2.0931071446137497,0.15662963084810322,0.2
PPO,circle,2077,41.54,-2.1545758861385558,2.0879249520832213,0.15656759504792486,0.2
PPO,circle,2078,41.56,-2.1545779314445483,2.0820022161600478,0.1563532053112513,0.2
PPO,circle,2079,41.58,-2.154681596870292,2.0757746030435418,0.15602917519131715,0.2
PPO,circle,2080,41.6,-2.1545891881449686,2.06996117380894,0.15576157303316113,0.2
PPO,circle,2081,41.62,-2.15415484012823,2.0648285995973814,0.15535280718019323,0.2
PPO,circle,2082,41.64,-2.1538116967273604,2.0597430573293707,0.15487758661252493,0.2
PPO,circle,2083,41.660000000000004,-2.153601131131172,2.0544205311132018,0.1543272176144388,0.2
PPO,circle,2084,41.68,-2.153676769552811,2.0489576167322783,0.15424379929361923,0.2
PPO,circle,2085,41.7,-2.154287664950059,2.0443470416107,0.15487090613704907,0.2
PPO,circle,2086,41.72,-2.1550255474804847,2.0407940235053883,0.15571429156628744,0.2
PPO,circle,2087,41.74,-2.1555511514824213,2.0379658398240097,0.1561652041233559,0.2
PPO,circle,2088,41.76,-2.1558763674652566,2.035431836045992,0.15631977431026658,0.2
PPO,circle,2089,41.78,-2.156024450601441,2.0329386656335218,0.15634067602591978,0.2
PPO,circle,2090,41.800000000000004,-2.15606019590402,2.0299842318803183,0.1562773844857521,0.2
PPO,circle,2091,41.82,-2.15604217879265,2.026226630474734,0.15621409626169167,0.2
PPO,circle,2092,41.84,-2.1560108692057645,2.0215855505237093,0.15625161691680933,0.2
PPO,circle,2093,41.86,-2.15599772599693,2.016269063785349,0.15639364495346608,0.2
PPO,circle,2094,41.88,-2.156075242921357,2.0103348185521654,0.15616509586721058,0.2
PPO,circle,2095,41.9,-2.156230543052009,2.004314488765073,0.15624018911608722,0.2
PPO,circle,2096,41.92,-2.1560322199341355,1.9989059471866757,0.15616779368765743,0.2
PPO,circle,2097,41.94,-2.155560458982057,1.9938167339247794,0.1559151460020629,0.2
PPO,circle,2098,41.96,-2.155159570546947,1.9885891023436646,0.1552816521738827,0.2
PPO,circle,2099,41.980000000000004,-2.1548725456663904,1.983017607747769,0.15493946571933442,0.2
PPO,circle,2100,42.0,-2.15495973636546,1.9774820111417237,0.15516999411096502,0.2
PPO,circle,2101,42.02,-2.155522398819022,1.9731054966448303,0.1559840616042292,0.2
PPO,circle,2102,42.04,-2.156027674960878,1.9694871797183813,0.15648742754377815,0.2
PPO,circle,2103,42.06,-2.1561393118332752,1.9664723435002747,0.1565086437069392,0.2
PPO,circle,2104,42.08,-2.1559485120254136,1.963654540023233,0.15628589312347865,0.2
PPO,circle,2105,42.1,-2.1555631961474155,1.960747493467659,0.15592086362164193,0.2
PPO,circle,2106,42.12,-2.1550815265691936,1.9572827013023597,0.15553449483595627,0.2
PPO,circle,2107,42.14,-2.154613892529242,1.9529907169092802,0.15529268650069586,0.2
PPO,circle,2108,42.160000000000004,-2.1542074762962033,1.9479667304310404,0.15514245352488204,0.2
PPO,circle,2109,42.18,-2.1539252683051022,1.9422964608943953,0.15475730409460364,0.2
PPO,circle,2110,42.2,-2.1538190009333387,1.936268722622778,0.15476922214254876,0.2
PPO,circle,2111,42.22,-2.1536252515086423,1.930509755718518,0.15490784419860434,0.2
PPO,circle,2112,42.24,-2.153062963395699,1.9255165622644648,0.15466619219057423,0.2
PPO,circle,2113,42.26,-2.1525189286716166,1.9205549045324568,0.154068056445957,0.2
PPO,circle,2114,42.28,-2.1521437326906616,1.915382481088407,0.1538065970353604,0.2
PPO,circle,2115,42.300000000000004,-2.1520691569221615,1.9099941881643423,0.1540353460226029,0.2
PPO,circle,2116,42.32,-2.152563963255273,1.9051704671186673,0.15495796138462933,0.2
PPO,circle,2117,42.34,-2.153351787918652,1.9015829323346214,0.15583835301472043,0.2
PPO,circle,2118,42.36,-2.154045709585475,1.8988839760493514,0.15653497736013203,0.2
PPO,circle,2119,42.38,-2.154468103672835,1.896754482576631,0.15699224520589752,0.2
PPO,circle,2120,42.4,-2.1546216526134754,1.8946806428986727,0.15720742079729486,0.2
PPO,circle,2121,42.42,-2.154537405833463,1.8921300294926935,0.15723659454494224,0.2
PPO,circle,2122,42.44,-2.154261534585131,1.8887587115913944,0.15717460835878086,0.2
PPO,circle,2123,42.46,-2.1538419237091855,1.8844115789779143,0.15713855674752586,0.2
PPO,circle,2124,42.480000000000004,-2.1533019835531535,1.8792378589091532,0.1569388415446635,0.2
PPO,circle,2125,42.5,-2.1527092101113157,1.873338138239797,0.15646512854684996,0.2
PPO,circle,2126,42.52,-2.1521863470079636,1.8671741564448294,0.1563054276916043,0.2
PPO,circle,2127,42.54,-2.151456835635504,1.86151127615882,0.15612689419101064,0.2
PPO,circle,2128,42.56,-2.1504201045392617,1.8565090913334663,0.15544408085935668,0.2
PPO,circle,2129,42.58,-2.149431150957797,1.8514779733128175,0.15460227582071542,0.2
PPO,circle,2130,42.6,-2.148522321517583,1.846156576401751,0.15402964153283624,0.2
PPO,circle,2131,42.62,-2.1478971186781064,1.8407079841363672,0.15394107182382347,0.2
PPO,circle,2132,42.64,-2.147898684718111,1.8361439470573404,0.15451043610687015,0.2
PPO,circle,2133,42.660000000000004,-2.1480461320602324,1.8325157552905937,0.15473439620532767,0.2
PPO,circle,2134,42.68,-2.1479913095615575,1.8295939137764032,0.15480304660801564,0.2
PPO,circle,2135,42.7,-2.1477656690038343,1.8269421298434934,0.15473758547673674,0.2
PPO,circle,2136,42.72,-2.1473902224440837,1.8243122145828885,0.15456675145639226,0.2
PPO,circle,2137,42.74,-2.146889617476527,1.8212269738603124,0.1543645481663078,0.2
PPO,circle,2138,42.76,-2.1463093587018944,1.8173753066063754,0.15424500359026283,0.2
PPO,circle,2139,42.78,-2.145712474894007,1.8127348349992063,0.15418142994835016,0.2
PPO,circle,2140,42.800000000000004,-2.1451628630425694,1.8074620114161086,0.153858136001355,0.2
PPO,circle,2141,42.82,-2.144720323251158,1.801641091760985,0.1538763425805504,0.2
PPO,circle,2142,42.84,-2.1443251857405636,1.795828890871779,0.15416161692365118,0.2
PPO,circle,2143,42.86,-2.143582344426599,1.7907049923759275,0.15411747423582203,0.2
PPO,circle,2144,42.88,-2.142694088771455,1.7857393894776579,0.15347546819957938,0.2
PPO,circle,2145,42.9,-2.1419128432051053,1.7806512181962844,0.15311575373825306,0.2
PPO,circle,2146,42.92,-2.1412619548505285,1.7751648039701011,0.15311097808619223,0.2
PPO,circle,2147,42.94,-2.1410800848550293,1.76974522098952,0.15375627020373242,0.2
PPO,circle,2148,42.96,-2.141450494965317,1.7655352541595173,0.15443971557418365,0.2
PPO,circle,2149,42.980000000000004,-2.1418030869738405,1.7619056241790645,0.15505484551504264,0.2
PPO,circle,2150,43.0,-2.1418405528812454,1.7588351057475027,0.1553806429499861,0.2
PPO,circle,2151,43.02,-2.1415534748877234,1.7560864101729419,0.15540483895796453,0.2
PPO,circle,2152,43.04,-2.141004652143075,1.7531834484458853,0.15524052383931375,0.2
PPO,circle,2153,43.06,-2.1402386351399514,1.7496407430920906,0.15502106199826582,0.2
PPO,circle,2154,43.08,-2.139323520329962,1.745213656588624,0.15475172321414948,0.2
PPO,circle,2155,43.1,-2.1383034127520206,1.7400338982863415,0.154120221037635,0.2
PPO,circle,2156,43.12,-2.137246643062777,1.7341921385042713,0.1537156500393103,0.2
PPO,circle,2157,43.14,-2.1362691743505744,1.7280763628513358,0.15366410237456454,0.2
PPO,circle,2158,43.160000000000004,-2.135144452680717,1.72241503031551,0.15339215155313426,0.2
PPO,circle,2159,43.18,-2.133745303160475,1.7174544999450312,0.15243263719011976,0.2
PPO,circle,2160,43.2,-2.1324056418952346,1.7124400529332777,0.15170865913535148,0.2
PPO,circle,2161,43.22,-2.1311636510445457,1.7071195017295004,0.1513084562294619,0.2
PPO,circle,2162,43.24,-2.1302570042993088,1.7016760838883749,0.15141344638524695,0.2
PPO,circle,2163,43.26,-2.130091424817535,1.6971175955273206,0.1516438688933698,0.2
PPO,circle,2164,43.28,-2.130182836338035,1.6935975517328399,0.15213287003909595,0.2
PPO,circle,2165,43.300000000000004,-2.130144627328049,1.690872796481131,0.15245826359519352,0.2
PPO,circle,2166,43.32,-2.1299323071215723,1.688437974271067,0.15261362745894622,0.2
PPO,circle,2167,43.34,-2.1295146127249973,1.686014011776435,0.15260379182479977,0.2
PPO,circle,2168,43.36,-2.1288761078169616,1.6831194195405295,0.15250688955529054,0.2
PPO,circle,2169,43.38,-2.1280451622074503,1.6794400822446205,0.15243700158132825,0.2
PPO,circle,2170,43.4,-2.1270760616548507,1.6749190157825762,0.1519066931826516,0.2
PPO,circle,2171,43.42,-2.1260476249681144,1.6697369420315868,0.15155174604799226,0.2
PPO,circle,2172,43.44,-2.125039542573342,1.6639715993647677,0.15150650564552226,0.2
PPO,circle,2173,43.46,-2.124092297105176,1.6581701556947304,0.1517545713464031,0.2
PPO,circle,2174,43.480000000000004,-2.1228734627335712,1.6530828582547583,0.1511808578167563,0.2
PPO,circle,2175,43.5,-2.121484153497689,1.6482319768082556,0.15046149438310957,0.2
PPO,circle,2176,43.52,-2.1201636941338453,1.6432441169074594,0.15000164265522312,0.2
PPO,circle,2177,43.54,-2.1189268081271253,1.6378497335749203,0.14988944933299525,0.2
PPO,circle,2178,43.56,-2.1181384551047544,1.6324723519450535,0.15000520981685422,0.2
PPO,circle,2179,43.58,-2.1179951074736088,1.6281992793833422,0.1504341339532572,0.2
PPO,circle,2180,43.6,-2.11792938546359,1.6245647077017709,0.150948755133811,0.2
PPO,circle,2181,43.62,-2.1176311802881704,1.6215096431636429,0.15120898976769725,0.2
PPO,circle,2182,43.64,-2.1170280251042004,1.6187398477012238,0.15117287510833394,0.2
PPO,circle,2183,43.660000000000004,-2.116174323342908,1.6158679519442531,0.15096928733908604,0.2
PPO,circle,2184,43.68,-2.1150883592364966,1.612417098005473,0.15065718847706377,0.2
PPO,circle,2185,43.7,-2.1138216890582155,1.6081243324875876,0.14995831553701575,0.2
PPO,circle,2186,43.72,-2.112429206260682,1.603101073365623,0.14939510585942398,0.2
PPO,circle,2187,43.74,-2.110987732634129,1.5974275522922339,0.14910406118063804,0.2
PPO,circle,2188,43.76,-2.109628546709981,1.5914451256258801,0.14920115704388312,0.2
PPO,circle,2189,43.78,-2.1081820096133654,1.5858743922140088,0.1485780940462573,0.2
PPO,circle,2190,43.800000000000004,-2.1065304735311945,1.581051325805199,0.14778877718857625,0.2
PPO,circle,2191,43.82,-2.1049384016717925,1.576188411213286,0.1472387992781381,0.2
PPO,circle,2192,43.84,-2.1034274714497623,1.5710151329519955,0.14702379815411878,0.2
PPO,circle,2193,43.86,-2.1022080456406065,1.5656456293737366,0.14678257005384404,0.2
PPO,circle,2194,43.88,-2.101751964499948,1.5610034710780314,0.14713251946377554,0.2
PPO,circle,2195,43.9,-2.101711402787579,1.5574930742704338,0.14779206910329962,0.2
PPO,circle,2196,43.92,-2.1016344151212087,1.5548296818225245,0.14830096472852872,0.2
PPO,circle,2197,43.94,-2.1013811031322485,1.5524881266657453,0.14860628729862058,0.2
PPO,circle,2198,43.96,-2.1009092713096247,1.5502020046151885,0.14872280737485677,0.2
PPO,circle,2199,43.980000000000004,-2.100159732805144,1.5474698476366449,0.1487315371002903,0.2
PPO,circle,2200,44.0,-2.099126783266299,1.5439611574489511,0.14829481445079915,0.2
PPO,circle,2201,44.02,-2.0978440093218507,1.5395804163460447,0.14781220634090683,0.2
PPO,circle,2202,44.04,-2.096395415380484,1.5345138492008032,0.14746251353319692,0.2
PPO,circle,2203,44.06,-2.094871257176177,1.5288223255589692,0.14739309124229635,0.2
PPO,circle,2204,44.08,-2.0934060899186338,1.523011964302172,0.14730734895311712,0.2
PPO,circle,2205,44.1,-2.09174582198986,1.5179041688043968,0.14662133495646298,0.2
PPO,circle,2206,44.12,-2.0898723180530423,1.5132615758574592,0.14581212427488136,0.2
PPO,circle,2207,44.14,-2.088026387286052,1.508460366460304,0.14524043310518286,0.2
PPO,circle,2208,44.160000000000004,-2.08620867616077,1.5032557582553194,0.14488575151788224,0.2
PPO,circle,2209,44.18,-2.0847766858863594,1.4979796114626478,0.14444966613953644,0.2
PPO,circle,2210,44.2,-2.084109650929579,1.4936791871086823,0.14473305282877674,0.2
PPO,circle,2211,44.22,-2.0836371697367317,1.490141942361855,0.14513726687471315,0.2
PPO,circle,2212,44.24,-2.0829814053170526,1.4872731696949884,0.1452664784652836,0.2
PPO,circle,2213,44.26,-2.08205830260801,1.4846356677260586,0.145131596341348,0.2
PPO,circle,2214,44.28,-2.0809166746499255,1.4819417445263088,0.1448242337790724,0.2
PPO,circle,2215,44.300000000000004,-2.079543800047018,1.4787371974438341,0.14406384789404827,0.2
PPO,circle,2216,44.32,-2.0779745172333195,1.4747440535253586,0.14336731888985965,0.2
PPO,circle,2217,44.34,-2.0762732678850657,1.4700193503824805,0.14285574596675993,0.2
PPO,circle,2218,44.36,-2.0745294594986006,1.4646480723547535,0.14266877213715648,0.2
PPO,circle,2219,44.38,-2.072860327362345,1.4588564468594338,0.14260386613705095,0.2
PPO,circle,2220,44.4,-2.0712000701446494,1.4533350134121974,0.14216478327097312,0.2
PPO,circle,2221,44.42,-2.0694188864640894,1.448694880041959,0.14160402262561625,0.2
PPO,circle,2222,44.44,-2.067655661314892,1.4440610845426574,0.14123129110061275,0.2
PPO,circle,2223,44.46,-2.065990701834387,1.4391661780300267,0.14114419706240627,0.2
PPO,circle,2224,44.480000000000004,-2.0645325877911547,1.4339800678795374,0.14081414675537238,0.2
PPO,circle,2225,44.5,-2.0637367673806803,1.4291394506165314,0.14123675552665946,0.2
PPO,circle,2226,44.52,-2.063543649347642,1.425416697297073,0.14207762395913673,0.2
PPO,circle,2227,44.54,-2.0634815627017997,1.4226354931216625,0.14284436987275584,0.2
PPO,circle,2228,44.56,-2.0633228110049675,1.4205856354924482,0.14333432326064505,0.2
PPO,circle,2229,44.58,-2.0629153486951535,1.4186611515928906,0.14357576122054952,0.2
PPO,circle,2230,44.6,-2.0621593606881237,1.4163379517570185,0.1435070801674272,0.2
PPO,circle,2231,44.62,-2.0610172680863945,1.4132825051597104,0.14306099448339862,0.2
PPO,circle,2232,44.64,-2.059497431763454,1.4093219297691422,0.14255369974302834,0.2
PPO,circle,2233,44.660000000000004,-2.057647342964989,1.4045389193579745,0.1420935504242017,0.2
PPO,circle,2234,44.68,-2.055564028783448,1.3990684901045212,0.14182381889956178,0.2
PPO,circle,2235,44.7,-2.0534628245676694,1.3932503852829743,0.14144395540606355,0.2
PPO,circle,2236,44.72,-2.0513375049569516,1.3878775786080668,0.14073753252660884,0.2
PPO,circle,2237,44.74,-2.0491407256413674,1.3833828944599387,0.13992774756027365,0.2
PPO,circle,2238,44.76,-2.0470086405161845,1.3789401086620259,0.1393363787241868,0.2
PPO,circle,2239,44.78,-2.044913412553041,1.374234381300895,0.1388443375275078,0.2
PPO,circle,2240,44.800000000000004,-2.0430122830567146,1.369267535135828,0.1382287858851013,0.2
PPO,circle,2241,44.82,-2.0418753952852247,1.3647722064346617,0.13840350982543212,0.2
PPO,circle,2242,44.84,-2.0413346335915548,1.3612709971318093,0.1389732674005638,0.2
PPO,circle,2243,44.86,-2.0409328212061384,1.3585578634234348,0.1394912821798215,0.2
PPO,circle,2244,44.88,-2.0404328763645085,1.3561696263964496,0.13985347654623606,0.2
PPO,circle,2245,44.9,-2.0397668418419985,1.3538887535817885,0.14006308542947615,0.2
PPO,circle,2246,44.92,-2.0388096054174496,1.3512189743668341,0.1397894154663869,0.2
PPO,circle,2247,44.94,-2.0374964303187366,1.347828561367726,0.1394067397268752,0.2
PPO,circle,2248,44.96,-2.035823564818709,1.3436061865699358,0.13902598811892355,0.2
PPO,circle,2249,44.980000000000004,-2.0338878490890147,1.3387186104147104,0.13877033688866425,0.2
PPO,circle,2250,45.0,-2.03177799281365,1.3331837317326771,0.13879704867960424,0.2
PPO,circle,2251,45.02,-2.029702912138682,1.3274477229656232,0.13833142205892973,0.2
PPO,circle,2252,45.04,-2.027526477818756,1.3223403766516426,0.13777599059706003,0.2
PPO,circle,2253,45.06,-2.02518534151166,1.3178757649238866,0.13706167013073264,0.2
PPO,circle,2254,45.08,-2.0227986906301623,1.3132779027892212,0.13653929892958871,0.2
PPO,circle,2255,45.1,-2.020353861497196,1.3083267554820963,0.1356329895544825,0.2
PPO,circle,2256,45.12,-2.018184936057512,1.3032268252969714,0.13508502160929575,0.2
PPO,circle,2257,45.14,-2.0168803676614933,1.2989135259888933,0.1352941192305499,0.2
PPO,circle,2258,45.160000000000004,-2.0159213597841634,1.2954447869384156,0.13565432846111425,0.2
PPO,circle,2259,45.18,-2.014872471149787,1.2926588955995666,0.13575575016593647,0.2
PPO,circle,2260,45.2,-2.013624490440435,1.2901147267049888,0.13542566246738336,0.2
PPO,circle,2261,45.22,-2.012203499089786,1.287590530704757,0.13476175191827106,0.2
PPO,circle,2262,45.24,-2.0105407779778433,1.2846386936177108,0.13405966672198782,0.2
PPO,circle,2263,45.26,-2.0086352998047294,1.2809666258305317,0.13345455159083972,0.2
PPO,circle,2264,45.28,-2.006550614850175,1.2765801423817962,0.13307458378423231,0.2
PPO,circle,2265,45.300000000000004,-2.004378415602685,1.2715638840887062,0.13304946302794343,0.2
PPO,circle,2266,45.32,-2.002203965161894,1.2660419692606906,0.13260377664978884,0.2
PPO,circle,2267,45.34,-2.000073812355807,1.2606395617730963,0.13235771498886864,0.2
PPO,circle,2268,45.36,-1.9978616705481687,1.2561032953197908,0.13195641173871922,0.2
PPO,circle,2269,45.38,-1.995620178205736,1.2516132682574956,0.1317013672493128,0.2
PPO,circle,2270,45.4,-1.9934451024145543,1.2468756240743637,0.1311423245003007,0.2
PPO,circle,2271,45.42,-1.9913792462505184,1.2417780026459058,0.13085108569676251,0.2
PPO,circle,2272,45.44,-1.989925765835451,1.2368039053793627,0.13130883959452513,0.2
PPO,circle,2273,45.46,-1.9892481041455117,1.2328850423441293,0.13223829007814125,0.2
PPO,circle,2274,45.480000000000004,-1.9888113527442517,1.229679094202246,0.13318840107624114,0.2
PPO,circle,2275,45.5,-1.9883788256028303,1.2272563012768178,0.13355651692624532,0.2
PPO,circle,2276,45.52,-1.9876994758596678,1.2251158702572715,0.1335718496227443,0.2
PPO,circle,2277,45.54,-1.9866497051496383,1.2227465729954112,0.13335225140825274,0.2
PPO,circle,2278,45.56,-1.9851372901750939,1.2197669190701572,0.1329677469954387,0.2
PPO,circle,2279,45.58,-1.983134825165564,1.2159583270021146,0.13253345790093987,0.2
PPO,circle,2280,45.6,-1.9806931539037445,1.211360501197167,0.13217205180032418,0.2
PPO,circle,2281,45.62,-1.977933847773825,1.2061332284353448,0.1315368174924328,0.2
PPO,circle,2282,45.64,-1.9750828981200186,1.2005456983287952,0.1307587650550191,0.2
PPO,circle,2283,45.660000000000004,-1.9722671518767654,1.1953683569073952,0.13014424092192828,0.2
PPO,circle,2284,45.68,-1.9695364187187718,1.1911195867766076,0.1294603034572768,0.2
PPO,circle,2285,45.7,-1.966878721905842,1.186897983973084,0.12858198698257384,0.2
PPO,circle,2286,45.72,-1.964253628623116,1.1824248614149369,0.12764992719332655,0.2
PPO,circle,2287,45.74,-1.9618148352556748,1.1776861172108972,0.12720003127282678,0.2
PPO,circle,2288,45.76,-1.9601743225762487,1.1732979208310983,0.12753814959533274,0.2
PPO,circle,2289,45.78,-1.9592788927884972,1.1698368790354627,0.12827938011640627,0.2
PPO,circle,2290,45.800000000000004,-1.9586239562393117,1.1671515415512885,0.12866498881060845,0.2
PPO,circle,2291,45.82,-1.957918471830716,1.1648359477785524,0.1287790564258101,0.2
PPO,circle,2292,45.84,-1.9570513519266584,1.1626635115296466,0.1287359577615193,0.2
PPO,circle,2293,45.86,-1.9558396420290367,1.1601347108047604,0.1285523018978509,0.2
PPO,circle,2294,45.88,-1.9541845633933934,1.1569285207426527,0.1282986761466691,0.2
PPO,circle,2295,45.9,-1.9520684298785171,1.1529325030689455,0.1280762880978165,0.2
PPO,circle,2296,45.92,-1.9496007778362674,1.148293353787576,0.12795142347715144,0.2
PPO,circle,2297,45.94,-1.9468723223864712,1.1430213734810406,0.1272281105019085,0.2
PPO,circle,2298,45.96,-1.944138805000707,1.1375045969882942,0.12687547686735892,0.2
PPO,circle,2299,45.980000000000004,-1.941372046681069,1.1325527413819514,0.12653389812051655,0.2
PPO,circle,2300,46.0,-1.9385342165749408,1.1283194608587335,0.1258998239001835,0.2
PPO,circle,2301,46.02,-1.9356279404030727,1.1239744398397573,0.1247377202154031,0.2
PPO,circle,2302,46.04,-1.932614776519417,1.1192935306021792,0.12382797805815185,0.2
PPO,circle,2303,46.06,-1.9298349635678713,1.1144267458213244,0.1234558982766749,0.2
PPO,circle,2304,46.08,-1.928005907520546,1.1102120014224628,0.12384250811714692,0.2
PPO,circle,2305,46.1,-1.9266504691242303,1.1068283609273166,0.1238672032937925,0.2
PPO,circle,2306,46.12,-1.9252927234509174,1.104170315244967,0.12360436220362724,0.2
PPO,circle,2307,46.14,-1.9237787869296747,1.1017803762834768,0.12316132225475773,0.2
PPO,circle,2308,46.160000000000004,-1.9221036077347766,1.0994236352269788,0.1226219285941769,0.2
PPO,circle,2309,46.18,-1.9201506491395635,1.0966750366680302,0.12207705290680326,0.2
PPO,circle,2310,46.2,-1.9178870269206414,1.0932512513208612,0.12167396556234628,0.2
PPO,circle,2311,46.22,-1.9153719204617186,1.089136590468415,0.12128314294125588,0.2
PPO,circle,2312,46.24,-1.9127068938358807,1.0844125696928266,0.12062210376480252,0.2
PPO,circle,2313,46.26,-1.90996851706823,1.0791623837454745,0.1203706592145265,0.2
PPO,circle,2314,46.28,-1.907285458807821,1.0739874257897586,0.12042164004303695,0.2
PPO,circle,2315,46.300000000000004,-1.904577064825184,1.0696480544749771,0.12002416621199721,0.2
PPO,circle,2316,46.32,-1.9018239482547659,1.0654016749475468,0.11914076513116316,0.2
PPO,circle,2317,46.34,-1.8990794073136557,1.0609211128818712,0.1185795664992209,0.2
PPO,circle,2318,46.36,-1.8963636691969379,1.0560468711932254,0.11846681287415624,0.2
PPO,circle,2319,46.38,-1.8942356076047036,1.0511874305243651,0.11903125191965369,0.2
PPO,circle,2320,46.4,-1.8930214829741119,1.0472782791835706,0.1194217340620652,0.2
PPO,circle,2321,46.42,-1.8921472372175674,1.0441359534297001,0.11992809662785044,0.2
PPO,circle,2322,46.44,-1.8913659998834436,1.041817255139768,0.12023511200063286,0.2
PPO,circle,2323,46.46,-1.89039213654154,1.0398158837362914,0.12027356861274709,0.2
PPO,circle,2324,46.480000000000004,-1.889033121596711,1.0376085976755753,0.12011368270277008,0.2
PPO,circle,2325,46.5,-1.8871691720783756,1.0348439534710017,0.11985242177550966,0.2
PPO,circle,2326,46.52,-1.8847608596730445,1.0313162534680198,0.1195901021914426,0.2
PPO,circle,2327,46.54,-1.8818666190179767,1.0270681423835493,0.11862801482894325,0.2
PPO,circle,2328,46.56,-1.8786182836698142,1.0222298084271702,0.11783880485785814,0.2
PPO,circle,2329,46.58,-1.875262320427615,1.0170482949011383,0.11741495893998821,0.2
PPO,circle,2330,46.6,-1.8719807319018253,1.0122634819736571,0.11701482333838568,0.2
PPO,circle,2331,46.62,-1.8688697011455984,1.0084045086080007,0.11576114185653663,0.2
PPO,circle,2332,46.64,-1.865806907858374,1.0045563297130824,0.11474576199829464,0.2
PPO,circle,2333,46.660000000000004,-1.862726958763179,1.000430971385067,0.11405883114128763,0.2
PPO,circle,2334,46.68,-1.8597953250398047,0.9960184457269861,0.11388202056456571,0.2
PPO,circle,2335,46.7,-1.8576932470017014,0.9918732735765237,0.11385923833910819,0.2
PPO,circle,2336,46.72,-1.8564259488443406,0.9885986630854279,0.11413574457483257,0.2
PPO,circle,2337,46.74,-1.8554985768097194,0.9861236664565427,0.11444274613457098,0.2
PPO,circle,2338,46.76,-1.8545355697958756,0.9840374136335192,0.11458961065688232,0.2
PPO,circle,2339,46.78,-1.8534027925098535,0.9820844935246694,0.11456852277494689,0.2
PPO,circle,2340,46.800000000000004,-1.8518760988565444,0.9798011973880371,0.11442778423034043,0.2
PPO,circle,2341,46.82,-1.8498431757160985,0.9768968609822634,0.11426783335705806,0.2
PPO,circle,2342,46.84,-1.8472928046584582,0.9732628506757485,0.11376042369117055,0.2
PPO,circle,2343,46.86,-1.8443529286617841,0.9690289322641502,0.11299611156800084,0.2
PPO,circle,2344,46.88,-1.8411158623050712,0.9641883197193193,0.11251276996389574,0.2
PPO,circle,2345,46.9,-1.8378539340742845,0.9590770619359282,0.11245833846585135,0.2
PPO,circle,2346,46.92,-1.8346128698887825,0.9544826827642584,0.11189620424142244,0.2
PPO,circle,2347,46.94,-1.831399707320266,0.9506783616753712,0.11075673483351642,0.2
PPO,circle,2348,46.96,-1.8280985947246413,0.9467864293543913,0.1098007037049302,0.2
PPO,circle,2349,46.980000000000004,-1.8246387371015589,0.9425442174065636,0.10913664765751033,0.2
PPO,circle,2350,47.0,-1.8213532762104028,0.9380619097572915,0.10871594628953565,0.2
PPO,circle,2351,47.02,-1.819051006554242,0.934074462051702,0.10845331371325409,0.2
PPO,circle,2352,47.04,-1.8173456495086504,0.9308652351759444,0.10851159542950253,0.2
PPO,circle,2353,47.06,-1.8157510310250722,0.9284175226538176,0.10838681041527591,0.2
PPO,circle,2354,47.08,-1.8140387122582002,0.9262495658508184,0.10808988524958378,0.2
PPO,circle,2355,47.1,-1.8121666862839443,0.9241521424399375,0.10769125774163511,0.2
PPO,circle,2356,47.12,-1.8099698839192884,0.9217174132641018,0.10729989699621051,0.2
PPO,circle,2357,47.14,-1.8073788809792828,0.9186580543737881,0.10642841898147645,0.2
PPO,circle,2358,47.160000000000004,-1.8044421861477709,0.9149336789418103,0.1056003353779239,0.2
PPO,circle,2359,47.18,-1.8012852973421614,0.9106290446361486,0.10510298443791624,0.2
PPO,circle,2360,47.2,-1.7979758956355008,0.9057808440132477,0.10506600754147985,0.2
PPO,circle,2361,47.22,-1.7947320929324806,0.9009327863549401,0.1048186595610003,0.2
PPO,circle,2362,47.24,-1.791562263812777,0.8968964721536937,0.10397346906128456,0.2
PPO,circle,2363,47.26,-1.788354087116479,0.8930303641896896,0.10325193811707112,0.2
PPO,circle,2364,47.28,-1.785106903467062,0.8889604608566457,0.10285826068824233,0.2
PPO,circle,2365,47.300000000000004,-1.781792004782311,0.8844767062224149,0.10258837302172152,0.2
PPO,circle,2366,47.32,-1.7789881450940728,0.8798751212455139,0.10232809232031218,0.2
PPO,circle,2367,47.34,-1.7772308186384194,0.8760868013225132,0.10279123600766779,0.2
PPO,circle,2368,47.36,-1.77591497476666,0.8729631607072788,0.10340864280304438,0.2
PPO,circle,2369,47.38,-1.7747827807532144,0.8706225025371207,0.10382257734729884,0.2
PPO,circle,2370,47.4,-1.7735048791451233,0.8686385735447997,0.10396853049183968,0.2
PPO,circle,2371,47.42,-1.7718532789008914,0.8665426635361522,0.10392371527636471,0.2
PPO,circle,2372,47.44,-1.7696624753577583,0.8639880744411002,0.10317570538066458,0.2
PPO,circle,2373,47.46,-1.7668586173207756,0.8607606203287322,0.1023502748961785,0.2
PPO,circle,2374,47.480000000000004,-1.7634937640686974,0.8568756326084204,0.10159518786450997,0.2
PPO,circle,2375,47.5,-1.7597204768111108,0.8524583844919771,0.10108975701970958,0.2
PPO,circle,2376,47.52,-1.7557826776435084,0.8476964520382572,0.10047263952272772,0.2
PPO,circle,2377,47.54,-1.751955382868613,0.8432834396791765,0.09939951511424619,0.2
PPO,circle,2378,47.56,-1.7484406315441752,0.8398045788895369,0.09838007436296632,0.2
PPO,circle,2379,47.58,-1.7449939169768665,0.83633161042927,0.09765112526852388,0.2
PPO,circle,2380,47.6,-1.7414931253198813,0.8325498186572634,0.09708238278244843,0.2
PPO,circle,2381,47.62,-1.7381060118562477,0.8284543244354597,0.09617988446524332,0.2
PPO,circle,2382,47.64,-1.7355204855624773,0.8244901250512325,0.09615248554802185,0.2
PPO,circle,2383,47.660000000000004,-1.733860208839009,0.821286847150132,0.09664571363569285,0.2
PPO,circle,2384,47.68,-1.7326737649174138,0.8188801958744577,0.09715096017616004,0.2
PPO,circle,2385,47.7,-1.7315561769586272,0.8169180882026416,0.0974989983347924,0.2
PPO,circle,2386,47.72,-1.730271014909075,0.8151102258484658,0.09767029894211209,0.2
PPO,circle,2387,47.74,-1.728546205958287,0.8130280727744829,0.0971997387334404,0.2
PPO,circle,2388,47.76,-1.726237019299378,0.8103905375408168,0.09656301612539912,0.2
PPO,circle,2389,47.78,-1.723312595965718,0.8070812361323426,0.0959171159166936,0.2
PPO,circle,2390,47.800000000000004,-1.7198998363920261,0.8032069227625829,0.0954241641166997,0.2
PPO,circle,2391,47.82,-1.716104281933136,0.7987749692500867,0.09528296762224997,0.2
PPO,circle,2392,47.84,-1.7122263732122263,0.7940626874158501,0.09443393749779543,0.2
PPO,circle,2393,47.86,-1.7084295519903367,0.7898339979393861,0.09361733450051389,0.2
PPO,circle,2394,47.88,-1.7047991543783068,0.7864388546831469,0.09275073843401237,0.2
PPO,circle,2395,47.9,-1.701088648200072,0.7829780908206605,0.09212793101329128,0.2
PPO,circle,2396,47.92,-1.697186651868935,0.7791921217732505,0.09088145186768677,0.2
PPO,circle,2397,47.94,-1.6934042426623879,0.7751302773964472,0.08996462080826068,0.2
PPO,circle,2398,47.96,-1.6906253378410583,0.7713947798219162,0.08996682584575409,0.2
PPO,circle,2399,47.980000000000004,-1.6885819656947416,0.7683783531162263,0.09029679249831614,0.2
PPO,circle,2400,48.0,-1.6868030081470975,0.7660936496081221,0.09047223625682976,0.2
PPO,circle,2401,48.02,-1.6849626464893257,0.7641218627544801,0.09006470797662236,0.2
PPO,circle,2402,48.04,-1.682956838407829,0.7622469441305313,0.08933429397157557,0.2
PPO,circle,2403,48.06,-1.680564056143187,0.7600729041481226,0.08853112500656038,0.2
PPO,circle,2404,48.08,-1.6776884632354776,0.7573346820503647,0.08778924624109108,0.2
PPO,circle,2405,48.1,-1.6743751320074216,0.7539817093250237,0.08727820958103653,0.2
PPO,circle,2406,48.120000000000005,-1.6707639867794726,0.7500907019099455,0.08717175335363321,0.2
PPO,circle,2407,48.14,-1.666921606368775,0.7456806667053743,0.08630011980813808,0.2
PPO,circle,2408,48.160000000000004,-1.6631310146277771,0.7412495737643727,0.08577556365558156,0.2
PPO,circle,2409,48.18,-1.6595034039891499,0.7376382251319109,0.0852312300105852,0.2
PPO,circle,2410,48.2,-1.655855885740215,0.7342761278225212,0.0848044291033359,0.2
PPO,circle,2411,48.22,-1.6521145052227781,0.730729377193862,0.08363699805899365,0.2
PPO,circle,2412,48.24,-1.6482242329370036,0.726763486439988,0.0827380670299962,0.2
PPO,circle,2413,48.26,-1.6447955832824055,0.7226043853095695,0.08268119788421922,0.2
PPO,circle,2414,48.28,-1.6424936441220086,0.7191039099559305,0.08332695417572247,0.2
PPO,circle,2415,48.300000000000004,-1.6407374027300679,0.7162034707452086,0.08386677646276157,0.2
PPO,circle,2416,48.32,-1.6392067509997794,0.7140273583774523,0.08374223988001588,0.2
PPO,circle,2417,48.34,-1.6375645597728803,0.7122005771412339,0.08341003175160931,0.2
PPO,circle,2418,48.36,-1.6355842065408246,0.7103067472189949,0.08291841597220528,0.2
PPO,circle,2419,48.38,-1.6330673478931177,0.708032635595349,0.08233697045123543,0.2
PPO,circle,2420,48.4,-1.6299110654725255,0.7051777255446093,0.08180303885919164,0.2
PPO,circle,2421,48.42,-1.626162825019052,0.7017367732822429,0.08148996888276142,0.2
PPO,circle,2422,48.44,-1.6219898562682438,0.6978146900087359,0.08022613940989881,0.2
PPO,circle,2423,48.46,-1.6176048437956398,0.6935238934482935,0.07930991260663972,0.2
PPO,circle,2424,48.480000000000004,-1.613355999776694,0.6894840395897961,0.07878749390477678,0.2
PPO,circle,2425,48.5,-1.6095463906146663,0.686351636454877,0.07828449836006225,0.2
PPO,circle,2426,48.52,-1.6057985930533656,0.683214429597169,0.07687932848496948,0.2
PPO,circle,2427,48.54,-1.6019778884851306,0.6797717138152057,0.07589844539911889,0.2
PPO,circle,2428,48.56,-1.5982064962570983,0.6759985383776118,0.07551783469107631,0.2
PPO,circle,2429,48.58,-1.595142206469691,0.6722235385768489,0.07599881618038146,0.2
PPO,circle,2430,48.6,-1.5930723584600486,0.6690995972434495,0.07633585999385697,0.2
PPO,circle,2431,48.620000000000005,-1.5915589851037009,0.6667609703603399,0.07641851561549494,0.2
PPO,circle,2432,48.64,-1.5902474017498944,0.6649805901220197,0.07642247740372612,0.2
PPO,circle,2433,48.660000000000004,-1.5887835231679808,0.6633693351219149,0.07626563491080879,0.2
PPO,circle,2434,48.68,-1.5868552184423195,0.6615416596047748,0.0759601538525503,0.2
PPO,circle,2435,48.7,-1.5842864641927197,0.6592304089095063,0.07561121255775999,0.2
PPO,circle,2436,48.72,-1.58101760675631,0.656307921681386,0.07538054277344437,0.2
PPO,circle,2437,48.74,-1.5771579748021862,0.6528486908131426,0.07457817635113122,0.2
PPO,circle,2438,48.76,-1.5728478861215376,0.6488952663994624,0.07350936008257092,0.2
PPO,circle,2439,48.78,-1.5683999397630315,0.6446592248047169,0.07299189869351579,0.2
PPO,circle,2440,48.800000000000004,-1.5641152286192002,0.6408699490936957,0.07276214560328173,0.2
PPO,circle,2441,48.82,-1.5601766399275667,0.6379369189197808,0.0714233916260994,0.2
PPO,circle,2442,48.84,-1.5562399841939794,0.6349862863280366,0.07009625512548764,0.2
PPO,circle,2443,48.86,-1.55210949151968,0.6317185761336271,0.0691726117882863,0.2
PPO,circle,2444,48.88,-1.5480150667336463,0.6281255738216143,0.0689080796111031,0.2
PPO,circle,2445,48.9,-1.544845061643983,0.6246456951345459,0.06890386592485268,0.2
PPO,circle,2446,48.92,-1.5426318348864858,0.6218112854643592,0.06878826932120102,0.2
PPO,circle,2447,48.94,-1.540895886278105,0.6197126470727309,0.06874910899868585,0.2
PPO,circle,2448,48.96,-1.5391941069598556,0.6179603653205048,0.06861114561478393,0.2
PPO,circle,2449,48.980000000000004,-1.5373207493622634,0.6163579412800604,0.06833246065926495,0.2
PPO,circle,2450,49.0,-1.534981143442649,0.6145276634667054,0.06798417384614047,0.2
PPO,circle,2451,49.02,-1.5320294452292178,0.6122216993974353,0.06772592301983138,0.2
PPO,circle,2452,49.04,-1.5284729468968248,0.6093535483452157,0.06690272199099412,0.2
PPO,circle,2453,49.06,-1.524476436555895,0.6060032026513036,0.0657960377487022,0.2
PPO,circle,2454,49.08,-1.5201176763067523,0.6021535412633408,0.06518416356080607,0.2
PPO,circle,2455,49.1,-1.515718645837334,0.5981277008642684,0.06519780640543128,0.2
PPO,circle,2456,49.120000000000005,-1.5115079383356524,0.5947169674223615,0.06427278566173099,0.2
PPO,circle,2457,49.14,-1.5075042922295487,0.5920149642715791,0.06282211584022468,0.2
PPO,circle,2458,49.160000000000004,-1.5033043583479746,0.5892127414364502,0.06164847908659203,0.2
PPO,circle,2459,49.18,-1.498803758289033,0.5860340576269284,0.060967479911041476,0.2
PPO,circle,2460,49.2,-1.49448776054836,0.5825658364094192,0.06035547576398334,0.2
PPO,circle,2461,49.22,-1.491276154202396,0.579400648350721,0.05974822681081229,0.2
PPO,circle,2462,49.24,-1.488765850332609,0.5767140943945409,0.05965331234839016,0.2
PPO,circle,2463,49.26,-1.4864576834999246,0.574622712206884,0.059491232521330005,0.2
PPO,circle,2464,49.28,-1.484098548757495,0.5729098889455536,0.05917200971182048,0.2
PPO,circle,2465,49.300000000000004,-1.4815493315760082,0.5712748957563826,0.05881695125432497,0.2
PPO,circle,2466,49.32,-1.4785542827198623,0.569360663500002,0.05816547039044286,0.2
PPO,circle,2467,49.34,-1.4749907096142285,0.5669483447535573,0.056759584703006564,0.2
PPO,circle,2468,49.36,-1.4709154955582966,0.564003189379434,0.05564734371458986,0.2
PPO,circle,2469,49.38,-1.4664967553892645,0.5605818986464203,0.0551115683040546,0.2
PPO,circle,2470,49.4,-1.4618189707827076,0.5567113679732413,0.05522659256771134,0.2
PPO,circle,2471,49.42,-1.4572595007230507,0.5529037556968505,0.0538850044697839,0.2
PPO,circle,2472,49.44,-1.4530681950762299,0.5498937424283449,0.052858698344473355,0.2
PPO,circle,2473,49.46,-1.448917386163643,0.5469577875782141,0.05229122568102937,0.2
PPO,circle,2474,49.480000000000004,-1.4446408833911326,0.5437565716319013,0.05231372080188287,0.2
PPO,circle,2475,49.5,-1.440263351724918,0.5401824432804944,0.05095283244559018,0.2
PPO,circle,2476,49.52,-1.4364514185064945,0.5364407263312501,0.050707965576324614,0.2
PPO,circle,2477,49.54,-1.4338086639549175,0.5332398763213788,0.051334720882352865,0.2
PPO,circle,2478,49.56,-1.4318276745833705,0.5305990992310331,0.05221247520747905,0.2
PPO,circle,2479,49.58,-1.4302822392070351,0.52869645676479,0.05289842163065785,0.2
PPO,circle,2480,49.6,-1.4286643291598022,0.5271507136443394,0.05269142935691665,0.2
PPO,circle,2481,49.620000000000005,-1.4266242379399527,0.5255594637882611,0.05204313317264581,0.2
PPO,circle,2482,49.64,-1.4239151584545382,0.5236555979875452,0.051229877496218365,0.2
PPO,circle,2483,49.660000000000004,-1.4204154857199571,0.5212795106777144,0.050421135155074154,0.2
PPO,circle,2484,49.68,-1.4161592227906865,0.5184126566906351,0.0498869797171502,0.2
PPO,circle,2485,49.7,-1.4113563177854371,0.5151556202311802,0.04953983086174709,0.2
PPO,circle,2486,49.72,-1.4062496107940483,0.5115767584429688,0.04780282858058659,0.2
PPO,circle,2487,49.74,-1.401336801985884,0.5082080802249117,0.046803350844176944,0.2
PPO,circle,2488,49.76,-1.3970504265277768,0.5056936720077198,0.046189666080609544,0.2
PPO,circle,2489,49.78,-1.3928777634259624,0.5032201878485546,0.045620329582019066,0.2
PPO,circle,2490,49.800000000000004,-1.388589285878814,0.5004627870455677,0.04395623464311832,0.2
PPO,circle,2491,49.82,-1.384258693155453,0.4973655617082471,0.043062440151458145,0.2
PPO,circle,2492,49.84,-1.3805029401070144,0.4941123613095869,0.04327385417210063,0.2
PPO,circle,2493,49.86,-1.3778140484697972,0.49132666314622536,0.04416633365676616,0.2
PPO,circle,2494,49.88,-1.3758494411783757,0.48918836825167367,0.04431598588124548,0.2
PPO,circle,2495,49.9,-1.3742406483672884,0.487611587636,0.04400439316896851,0.2
PPO,circle,2496,49.92,-1.372535517454346,0.48622690672705426,0.043606501888386294,0.2
PPO,circle,2497,49.94,-1.370373322158913,0.4847067453624695,0.04308943988923167,0.2
PPO,circle,2498,49.96,-1.367534549230496,0.4828202325786633,0.04256683208084003,0.2
PPO,circle,2499,49.980000000000004,-1.3639227443422046,0.4804525972458186,0.04226454633282769,0.2
PPO,circle,2500,50.0,-1.3596280721057414,0.4776368031418255,0.04245238371245809,0.2
PPO,circle,2501,50.02,-1.35483196732525,0.47442495697007414,0.04062515192645806,0.2
PPO,circle,2502,50.04,-1.3498196370615558,0.4709286764194603,0.039641537267661404,0.2
PPO,circle,2503,50.06,-1.345036264492341,0.4677667472350346,0.039420703856868446,0.2
PPO,circle,2504,50.08,-1.3408413437335067,0.4654598719382248,0.03905809570842136,0.2
PPO,circle,2505,50.1,-1.3366796362485722,0.46317768904150775,0.03716090244355307,0.2
PPO,circle,2506,50.120000000000005,-1.3323062470560414,0.4606122391071672,0.03586797752543376,0.2
PPO,circle,2507,50.14,-1.3278676189004002,0.45771633783539367,0.03550509291885349,0.2
PPO,circle,2508,50.160000000000004,-1.324133113067138,0.4547115003325485,0.03632292388005774,0.2
PPO,circle,2509,50.18,-1.3214544160826458,0.45215610052739935,0.03605984170473783,0.2
PPO,circle,2510,50.2,-1.319434018655272,0.45029470913327635,0.03567505917180149,0.2
PPO,circle,2511,50.22,-1.317548297379676,0.44884577419791344,0.035299005785050394,0.2
PPO,circle,2512,50.24,-1.3155306635787711,0.44758202433817407,0.03485414316254951,0.2
PPO,circle,2513,50.26,-1.3130198586143877,0.4461707976024651,0.03439215150837534,0.2
PPO,circle,2514,50.28,-1.309822209920933,0.4443829256882248,0.03414003672924254,0.2
PPO,circle,2515,50.300000000000004,-1.3059116011733534,0.4421199587603456,0.03443481969853378,0.2
PPO,circle,2516,50.32,-1.3014584816856838,0.43944499920490565,0.032522483497213046,0.2
PPO,circle,2517,50.34,-1.2965534727085901,0.4363251459803043,0.03128780760512781,0.2
PPO,circle,2518,50.36,-1.2915290945309026,0.4329708518268934,0.031256712938581024,0.2
PPO,circle,2519,50.38,-1.2867338079883723,0.4300812419789912,0.031370716061571546,0.2
PPO,circle,2520,50.4,-1.2823714399534147,0.4279489474204893,0.02916750156034435,0.2
PPO,circle,2521,50.42,-1.2778687256937593,0.4257690905661168,0.0275976016546434,0.2
PPO,circle,2522,50.44,-1.2730372874009857,0.4232800384367886,0.026996498595452206,0.2
PPO,circle,2523,50.46,-1.2682303641865464,0.42046445118941517,0.027714316606398417,0.2
PPO,circle,2524,50.480000000000004,-1.2644504939067638,0.41767318264806264,0.026133092681391856,0.2
PPO,circle,2525,50.5,-1.2615183444272275,0.4152666048328589,0.025618102572261766,0.2
PPO,circle,2526,50.52,-1.2590325601545787,0.4135388988646614,0.02536423204002602,0.2
PPO,circle,2527,50.54,-1.256535392405755,0.4121857655047695,0.025138809802346045,0.2
PPO,circle,2528,50.56,-1.2538840072239463,0.4109656670252548,0.02505002937650691,0.2
PPO,circle,2529,50.58,-1.2507622103056855,0.40956942571253163,0.025340173265853153,0.2
PPO,circle,2530,50.6,-1.2470091673389658,0.40778019489934214,0.02354478962691977,0.2
PPO,circle,2531,50.620000000000005,-1.2426578484255884,0.40554635234155456,0.021638260546082075,0.2
PPO,circle,2532,50.64,-1.237891696537598,0.4029004481879101,0.02087943638545319,0.2
PPO,circle,2533,50.660000000000004,-1.232769407465723,0.39983052483484355,0.021842327435677263,0.2
PPO,circle,2534,50.68,-1.2277185916827513,0.3967230510612797,0.020370590954500084,0.2
PPO,circle,2535,50.7,-1.2231167325873284,0.3943372004949019,0.0185005831166287,0.2
PPO,circle,2536,50.72,-1.2186081854989672,0.3921739783313577,0.01781959451048414,0.2
PPO,circle,2537,50.74,-1.2139241844386315,0.38984114670757664,0.018653427392007753,0.19496478913006166
PPO,circle,2538,50.76,-1.208984017410069,0.38714801524403986,0.017081699579537906,0.16998695885121906
PPO,circle,2539,50.78,-1.2043901030175008,0.38413630213788985,0.015391799015156409,0.16305165267378396
PPO,circle,2540,50.800000000000004,-1.2009960134697952,0.38138244196785354,0.01580894160026465,0.16490423264920073
PPO,circle,2541,50.82,-1.198413080929639,0.3790761593614161,0.01709851474572488,0.1688813611097839
PPO,circle,2542,50.84,-1.196396238155925,0.37744255625479517,0.018331807354594578,0.16922783837756195
PPO,circle,2543,50.86,-1.1943953952175608,0.376162556959856,0.018517685702710764,0.15342787488301157
PPO,circle,2544,50.88,-1.192026745514736,0.3748843867513054,0.016940989056916444,0.15015109976487917
PPO,circle,2545,50.9,-1.1890332805799921,0.37337924320118604,0.015326146883277467,0.1471186587683866
PPO,circle,2546,50.92,-1.1852704020105216,0.3714998647066998,0.014175558703407122,0.14389225273497885
PPO,circle,2547,50.94,-1.1807541698281938,0.36922420173867077,0.014404269689257574,0.14112562207030432
PPO,circle,2548,50.96,-1.175727458695345,0.36663315013592007,0.01607206701558139,0.13209888656976568
PPO,circle,2549,50.980000000000004,-1.17043255342909,0.3637716969740531,0.012458333863353252,0.13367625765343516
PPO,circle,2550,51.0,-1.1654112248442086,0.3611193606712097,0.011097672784058741,0.13506899616510482
PPO,circle,2551,51.02,-1.1611653268645097,0.35915579516688917,0.011820511769828613,0.13167479223565537
PPO,circle,2552,51.04,-1.1570811427807186,0.35721296211673864,0.014085936638566098,0.12058506531948132
PPO,circle,2553,51.06,-1.1528414516679666,0.35498168002193525,0.010492638412483792,0.11335838868717696
PPO,circle,2554,51.08,-1.148444151424326,0.3523762402453789,0.008407394147695195,0.1064288394769879
PPO,circle,2555,51.1,-1.1443541289016015,0.34948436226181845,0.009460047415944889,0.1053306339808875
PPO,circle,2556,51.120000000000005,-1.1411532931922077,0.34687109778871095,0.01214442614132869,0.11012186056207329
PPO,circle,2557,51.14,-1.1386961353920804,0.34503588014890907,0.013024464831419225,0.11028320668424318
PPO,circle,2558,51.160000000000004,-1.1367087833385368,0.3438498141443361,0.011329457886104349,0.10778613389766177
PPO,circle,2559,51.18,-1.1347149164005281,0.3429002092379764,0.009782501941197126,0.10351795854504808
PPO,circle,2560,51.2,-1.132240163229098,0.34179568580434233,0.008243629939118861,0.09969927031609704
PPO,circle,2561,51.22,-1.1290565236442014,0.34030283943846534,0.007404510979358546,0.09727107307197348
PPO,circle,2562,51.24,-1.125123724875221,0.33831848725340286,0.008668986621912435,0.09616570756806418
PPO,circle,2563,51.26,-1.120495938137939,0.3358753772563115,0.012099080071364288,0.09766779129830927
PPO,circle,2564,51.28,-1.1153859654727367,0.3330705359851624,0.007302781991424953,0.09988529428775994
PPO,circle,2565,51.300000000000004,-1.1100711824154819,0.3300298106729332,0.005469339876998675,0.103552281698023
PPO,circle,2566,51.32,-1.1050585796855785,0.32733775477050525,0.00858663518100477,0.10509376263335146
PPO,circle,2567,51.34,-1.1007258045466697,0.3253471308686891,0.009971230043362684,0.10580825223850619
PPO,circle,2568,51.36,-1.0964347004686616,0.32337930753157845,0.005553990854093255,0.09790537896936513
PPO,circle,2569,51.38,-1.0919476150625376,0.3211160161020261,0.002798395576906922,0.08919265017914313
PPO,circle,2570,51.4,-1.0873687803653815,0.3184358715888921,0.006339296477972685,0.08221442884625829
PPO,circle,2571,51.42,-1.0832103904809494,0.315509984869608,0.010450226277535078,0.08884160766777915
PPO,circle,2572,51.44,-1.0798280139109815,0.31280607181939907,0.006596056206572488,0.09287927159234588
PPO,circle,2573,51.46,-1.0771878559931067,0.3108791347841628,0.0042084388181648485,0.09490795706654476
PPO,circle,2574,51.480000000000004,-1.0749634144427882,0.30959012500918626,0.003255526424020678,0.09298969304947223
PPO,circle,2575,51.5,-1.072683452519674,0.30852068026283297,0.0038771344182776386,0.08998087568024694
PPO,circle,2576,51.52,-1.0698827817610257,0.30726073060874565,0.006106371316961533,0.0874169037517971
PPO,circle,2577,51.54,-1.066358941591774,0.3055858999418736,0.009658761945204219,0.08589959748121867
PPO,circle,2578,51.56,-1.0620922973436304,0.30343114576161834,0.0069753950433472595,0.0932349532116783
PPO,circle,2579,51.58,-1.0571883421324613,0.3008685592275191,0.0017326664583091817,0.0940476334442053
PPO,circle,2580,51.6,-1.051819072938355,0.29795335785053956,0.004892347502379922,0.09609413356249763
PPO,circle,2581,51.620000000000005,-1.0463123549633953,0.2948642262589781,0.00986793721769377,0.10888209799549453
PPO,circle,2582,51.64,-1.0411240432804916,0.2922073096710703,0.004041050732793195,0.10931127733501067
PPO,circle,2583,51.660000000000004,-1.0364503508590748,0.2901832232485442,0.0011588495710995721,0.10425034600399008
PPO,circle,2584,51.68,-1.0316943322434686,0.2881226579029264,0.0062733349789286744,0.09502582704530926
PPO,circle,2585,51.7,-1.0266815755786185,0.285740324197525,0.0094760388801868,0.09690978880664636
PPO,circle,2586,51.72,-1.021674403968767,0.28290177188950466,0.004040304117804222,0.0895852397867336
PPO,circle,2587,51.74,-1.0174497690263806,0.2799450712262354,0.002229208652550767,0.09057204529137097
PPO,circle,2588,51.76,-1.0139661842831482,0.2771904110750953,0.006076653610050863,0.09525348322323768
PPO,circle,2589,51.78,-1.011153575185939,0.27514458540176046,0.00948426200623196,0.09724442042139181
PPO,circle,2590,51.800000000000004,-1.0086768394855858,0.2737126306943877,0.008672391104931548,0.10719235640832381
PPO,circle,2591,51.82,-1.0060697467663646,0.27249659782846675,0.005852030234753786,0.10484062290405281
PPO,circle,2592,51.84,-1.0028750965551974,0.27109278138529574,0.0026459482784566236,0.10243337822197407
PPO,circle,2593,51.86,-0.99893004437334,0.26928399625530547,0.0026242310396601383,0.10040001825843092
PPO,circle,2594,51.88,-0.9942567407591119,0.26704021197586875,0.007472911601389773,0.09894314863586806
PPO,circle,2595,51.9,-0.9890341323699108,0.2644349175413383,0.008314649783275984,0.11288907739754928
PPO,circle,2596,51.92,-0.9834300615896044,0.26150332205117827,0.0030919964078432796,0.11456719657681524
PPO,circle,2597,51.94,-0.9778315131078875,0.25850073942810925,0.00546895203490469,0.11693150179540433
PPO,circle,2598,51.96,-0.9726941015189847,0.25612252996386914,0.010850416807576509,0.11582889889270798
PPO,circle,2599,51.980000000000004,-0.9678054049299346,0.25412799144926507,0.006571664697841837,0.12484983086979407
PPO,circle,2600,52.0,-0.9628293023573218,0.25200247438975043,0.004371105828436309,0.1157958444856303
PPO,circle,2601,52.02,-0.9575812270177423,0.2494977753682082,0.007510217082303047,0.10480238229104266
PPO,circle,2602,52.04,-0.952489880361106,0.24652962643950863,0.010255105910545527,0.11679057022955099
PPO,circle,2603,52.06,-0.9485358650871382,0.24363196764279982,0.00581170714412384,0.1199317741653879
PPO,circle,2604,52.08,-0.9453283144877381,0.24105146580178843,0.003129322603642272,0.12491996882091783
PPO,circle,2605,52.1,-0.9428193353112634,0.23914912965434512,0.0038564640936361257,0.1260890402014183
PPO,circle,2606,52.120000000000005,-0.9404980788711618,0.23774963855008474,0.006066020676453738,0.1249516994341595
PPO,circle,2607,52.14,-0.9378705169305179,0.23646026509540619,0.008845835325979226,0.12347598170900764
PPO,circle,2608,52.160000000000004,-0.9345773919561624,0.23496252981782767,0.009322762796325915,0.1366520888867007
PPO,circle,2609,52.18,-0.9304914432744962,0.2330857381993048,0.00535330097666384,0.13541172130411797
PPO,circle,2610,52.2,-0.9256388364102108,0.23083143336028109,0.003445376070532678,0.13433321446905677
PPO,circle,2611,52.22,-0.9202555396149033,0.2282960582289159,0.007761702540637338,0.13424625257449974
PPO,circle,2612,52.24,-0.9145801694109602,0.2255518859811028,0.008598701378539115,0.15149090726750425
PPO,circle,2613,52.26,-0.9091842373699944,0.22308007305876595,0.004382746178288873,0.1508333177021448
PPO,circle,2614,52.28,-0.9045690243948599,0.22137732398103027,0.005507200830091662,0.1450223541317912
PPO,circle,2615,52.300000000000004,-0.9000276533951233,0.21971562571581446,0.009409764267220401,0.13506550340351708
PPO,circle,2616,52.32,-0.8952988476167699,0.21774783510581935,0.009677538099991887,0.14386110110651928
PPO,circle,2617,52.34,-0.8904440211293428,0.21536378128938033,0.006106132660616653,0.13563688444692487
PPO,circle,2618,52.36,-0.8860353405861093,0.2126509246537946,0.0057244029508768555,0.13472839332216435
PPO,circle,2619,52.38,-0.8826598222856389,0.21015924408368097,0.008038620299802382,0.14016317671602885
PPO,circle,2620,52.4,-0.8801385208370394,0.20835993697191726,0.010548147239253217,0.14443730317279868
PPO,circle,2621,52.42,-0.8780954735034546,0.20716274785286432,0.009512840990526293,0.1590753125207458
PPO,circle,2622,52.44,-0.8760219548324654,0.2062137608294623,0.00748928555649322,0.15487071357571017
PPO,circle,2623,52.46,-0.8734261715956195,0.20516369555481864,0.005392503904059768,0.15063684276129008
PPO,circle,2624,52.480000000000004,-0.8700636155428441,0.2038057986727208,0.004173947548884697,0.14722173881199607
PPO,circle,2625,52.5,-0.865899785305768,0.2020502903608739,0.006255354161696353,0.14470990526268412
PPO,circle,2626,52.52,-0.8610432740642441,0.19993586871449803,0.01077260595232179,0.14343801025887026
PPO,circle,2627,52.54,-0.8556754345651303,0.19749810323654157,0.007097134955870726,0.16180801292826175
PPO,circle,2628,52.56,-0.8501076739875859,0.19484419798731292,0.004766750843658742,0.16399500576746484
PPO,circle,2629,52.58,-0.8448624488725602,0.1925549592016836,0.008179371322170259,0.1623280359607141
PPO,circle,2630,52.6,-0.8402882501255081,0.1909714593416254,0.010932527352810202,0.17404531219412456
PPO,circle,2631,52.620000000000005,-0.8357096711068154,0.18937904020576243,0.007484946159849012,0.16489559084028557
PPO,circle,2632,52.64,-0.8308575348739923,0.18748867435322622,0.006149195225329712,0.15373740909656453
PPO,circle,2633,52.660000000000004,-0.8259234937069309,0.1851946351387529,0.008513939101832482,0.14389920082814567
PPO,circle,2634,52.68,-0.8216727338744609,0.1826534810444877,0.011493298350088709,0.16185663261410943
PPO,circle,2635,52.7,-0.8183543932382842,0.1802885885000833,0.007704863027691139,0.16631255047893378
PPO,circle,2636,52.72,-0.8157503375390271,0.1784816072388575,0.0051020892426200054,0.1682972946688287
PPO,circle,2637,52.74,-0.8133441036558295,0.1771642314423822,0.0039451388723564735,0.16638569692295258
PPO,circle,2638,52.76,-0.8108397646458753,0.1761217915941449,0.004720540625582171,0.16298769382857503
PPO,circle,2639,52.78,-0.8077692291370846,0.1750162733630281,0.00714891242973158,0.15896473882688766
PPO,circle,2640,52.800000000000004,-0.8039205005668377,0.17362843792094151,0.010831305489591266,0.15482323998350522
PPO,circle,2641,52.82,-0.799318576767656,0.17189668009599354,0.007831854042193042,0.16932153185966647
PPO,circle,2642,52.84,-0.7941567139640546,0.16985676466125604,0.005020391977234326,0.1676498116233327
PPO,circle,2643,52.86,-0.7885614429226413,0.1675010848463883,0.007408898477406837,0.16745300779718308
PPO,circle,2644,52.88,-0.7829513286363643,0.1650733056948089,0.010651735584557332,0.1861929461140871
PPO,circle,2645,52.9,-0.7778260684872169,0.16325398371263708,0.006652957104262945,0.18304903984156695
PPO,circle,2646,52.92,-0.773106556551245,0.16198475728370745,0.006075699414292121,0.17462447180048257
PPO,circle,2647,52.94,-0.7681749755695062,0.1606359094488126,0.008949824776873675,0.16249101865459548
PPO,circle,2648,52.96,-0.7628458987762533,0.1589454046764023,0.011814726855793791,0.16780173586284797
PPO,circle,2649,52.980000000000004,-0.7575948663658876,0.15683300387676244,0.008116585240914244,0.1555972416193836
PPO,circle,2650,53.0,-0.7534758956903008,0.1546281573240187,0.0067940024849508784,0.15273298178559014
PPO,circle,2651,53.02,-0.7502568980833079,0.15264976313762244,0.007686259692378112,0.15236540012057354
PPO,circle,2652,53.04,-0.747661322431263,0.15123687328937432,0.009547977039005914,0.14940932229200354
PPO,circle,2653,53.06,-0.7451791615559387,0.1502142984494518,0.011791572029289314,0.14547540961693717
PPO,circle,2654,53.08,-0.7424710085857769,0.14928016030292907,0.009775810721306887,0.16133383504593812
PPO,circle,2655,53.1,-0.7392129469506256,0.14819981872201415,0.007506492389078894,0.1579091852571025
PPO,circle,2656,53.120000000000005,-0.7352189049691781,0.14684042733192262,0.006324761544028587,0.1541771683378159
PPO,circle,2657,53.14,-0.7304868062793243,0.14517954167841057,0.008141371075455074,0.15093753856173964
PPO,circle,2658,53.160000000000004,-0.725247430530077,0.14325581538435964,0.012395712759098555,0.1495967580058738
PPO,circle,2659,53.18,-0.7196436210223275,0.14104770813938722,0.007967685498066248,0.1720660147774753
PPO,circle,2660,53.2,-0.7142179545944372,0.13887428836414864,0.006686971887057794,0.1748068162084242
PPO,circle,2661,53.22,-0.7094486494862723,0.13729966153535128,0.009339781401516952,0.1731957566510999
PPO,circle,2662,53.24,-0.7048378157445572,0.1357863557116051,0.01191669619739037,0.18787189467113205
PPO,circle,2663,53.26,-0.7000701307449898,0.13405468468623724,0.008401654479151355,0.18113185889717232
PPO,circle,2664,53.28,-0.6950726895296687,0.1319986470758501,0.006924188882524083,0.17361950512844737
PPO,circle,2665,53.300000000000004,-0.6903556027779065,0.129609306192441,0.008750894854036361,0.17141806383170277
PPO,circle,2666,53.32,-0.6867428046476683,0.12738235595210626,0.011616823302527897,0.1757745927218367
PPO,circle,2667,53.34,-0.6839059012764209,0.12556492035455072,0.008755713116698273,0.1982415579683373
PPO,circle,2668,53.36,-0.6818198029844248,0.12438428473604105,0.006613138614319801,0.1971658373384677
PPO,circle,2669,53.38,-0.6798216845985082,0.12353472437374133,0.00506442850588116,0.19270288348723497
PPO,circle,2670,53.4,-0.6773684886209409,0.12270486585720515,0.00424623573587568,0.187820829608617
PPO,circle,2671,53.42,-0.6741676652979043,0.12171720294766183,0.005370068797454484,0.18331398999240933
PPO,circle,2672,53.44,-0.6701016264273775,0.12046855021279264,0.00865728802518819,0.1791891011987714
PPO,circle,2673,53.46,-0.6652087814342635,0.11894256887991776,0.009741080104473563,0.1936044980937741
PPO,circle,2674,53.480000000000004,-0.6597280990037946,0.11717241328919761,0.005635552951931969,0.19221309918065954
PPO,circle,2675,53.5,-0.6538628906021785,0.11516287240642756,0.006071117762412718,0.19250008979492028
PPO,circle,2676,53.52,-0.6482424339575931,0.11329712031513631,0.010680606659914032,0.19163133284969147
PPO,circle,2677,53.54,-0.6433856487419217,0.11212106299041737,0.008554278267519897,0.2
PPO,circle,2678,53.56,-0.638661620209712,0.1110140569148231,0.006211380378443528,0.19548248799385737
PPO,circle,2679,53.58,-0.6337304568061787,0.10966765270380302,0.007127746159689423,0.18536407757322693
PPO,circle,2680,53.6,-0.6285816080560158,0.10797859809527269,0.010837993953145999,0.1746702727487902
PPO,circle,2681,53.620000000000005,-0.6237996937982725,0.10592964785537903,0.00907234087555596,0.1901711708366468
PPO,circle,2682,53.64,-0.620130486923172,0.10396223183164202,0.005854925166317976,0.19315581528037173
PPO,circle,2683,53.660000000000004,-0.6173858258071503,0.10245778830377406,0.004554156028382842,0.19658930184845014
PPO,circle,2684,53.68,-0.6152524809622595,0.10145857475349862,0.004982508951531977,0.19471740546789182
PPO,circle,2685,53.7,-0.6131165919702645,0.1006905999276726,0.006413488607885538,0.19000411837320308
PPO,circle,2686,53.72,-0.6105160800166061,0.09992715942195607,0.008686569221831425,0.18534269039523943
PPO,circle,2687,53.74,-0.607180217216448,0.09900867564887729,0.010851355261419473,0.19827933143486876
PPO,circle,2688,53.76,-0.6030011261950683,0.09784038556539486,0.007199292612653646,0.19483862607601699
PPO,circle,2689,53.78,-0.5980727193367823,0.09642602899455638,0.00470562684619038,0.19232200044274864
PPO,circle,2690,53.800000000000004,-0.5926067309840052,0.0947698305082846,0.007084413078529101,0.1918006991409286
PPO,circle,2691,53.82,-0.5868443637288558,0.09288705197462306,0.010676191957920115,0.2
PPO,circle,2692,53.84,-0.5814003570220121,0.09122496691431062,0.006074786690906441,0.2
PPO,circle,2693,53.86,-0.5768036085852565,0.09024425837372602,0.005097840990082359,0.2
PPO,circle,2694,53.88,-0.5722697991783198,0.08929891772460716,0.007659159896684242,0.19592626102060193
PPO,circle,2695,53.9,-0.5674285163152448,0.08810755523002721,0.011831518906396589,0.18564950158254082
PPO,circle,2696,53.92,-0.5623847132483342,0.086595824342538,0.007752603224273601,0.1944971451017662
PPO,circle,2697,53.94,-0.5578502765986766,0.08476446805385639,0.005193128111695307,0.1907739176453771
PPO,circle,2698,53.96,-0.5543878995528861,0.08301716508347633,0.005605286386367894,0.19392856089530638
PPO,circle,2699,53.980000000000004,-0.5517885513093416,0.08175357484922872,0.007397819101782284,0.19580985578543297
PPO,circle,2700,54.0,-0.5494111441325407,0.0808782244021785,0.009553490359536827,0.19262024807289702
PPO,circle,2701,54.02,-0.5469765598956083,0.0802435121664192,0.0104039898016929,0.2
PPO,circle,2702,54.04,-0.5440509787416701,0.07962919097048798,0.007814784798014065,0.19849262014323465
PPO,circle,2703,54.06,-0.5403711818895987,0.07886208306959391,0.0052125900143596285,0.19342139851879003
PPO,circle,2704,54.08,-0.5358949816329623,0.07785864982852737,0.00484460019253192,0.18904750991519703
PPO,circle,2705,54.1,-0.5308057951409992,0.0766280415140488,0.008360288494847216,0.18627067078063564
PPO,circle,2706,54.120000000000005,-0.5251939642366177,0.07511111989372715,0.009509142608302795,0.2
PPO,circle,2707,54.14,-0.5194065164005917,0.0734027222397908,0.00511217415718364,0.2
PPO,circle,2708,54.160000000000004,-0.5139923934981637,0.07204679933295542,0.005800322810335704,0.2
PPO,circle,2709,54.18,-0.5092990440046123,0.07129142330936437,0.009635375924135428,0.19446917334218816
PPO,circle,2710,54.2,-0.5044799210203179,0.07052126451332863,0.00977050241206935,0.2
PPO,circle,2711,54.22,-0.49920784487062275,0.06951624386282917,0.0065528424971322465,0.19077755783008937
PPO,circle,2712,54.24,-0.49381433610692826,0.06816555916923668,0.006738981424380766,0.17782363747306174
PPO,circle,2713,54.26,-0.4893238041986365,0.0665094264290347,0.009522263254451914,0.17457908275465517
PPO,circle,2714,54.28,-0.485739232134845,0.06490382491203242,0.010535645965451305,0.1931701707111202
PPO,circle,2715,54.300000000000004,-0.48266422372976353,0.06376021718784323,0.007567401575275853,0.19080761182032802
PPO,circle,2716,54.32,-0.47978988601746264,0.06303346152342482,0.005466623322219181,0.18574248752784434
PPO,circle,2717,54.34,-0.4768385385605918,0.06252604074022373,0.004711984888944557,0.18031145652277325
PPO,circle,2718,54.36,-0.47337828817869654,0.062015878220911126,0.0060601327069074555,0.1747188562305052
PPO,circle,2719,54.38,-0.46919631985009685,0.061350028346581396,0.009305411058299363,0.16915531622097485
PPO,circle,2720,54.4,-0.4643000901885157,0.06046760514797596,0.010119887494999534,0.18351547757989628
PPO,circle,2721,54.42,-0.4588966490627679,0.059337967778598476,0.006483295875913944,0.18111089029743527
PPO,circle,2722,54.44,-0.45304936937705165,0.05792557847961081,0.006592064987138618,0.18091800013665899
PPO,circle,2723,54.46,-0.4472170179472307,0.05643050418500376,0.010787568611584674,0.18259878243904903
PPO,circle,2724,54.480000000000004,-0.44197448430041913,0.05542813645634743,0.008668596967909597,0.2
PPO,circle,2725,54.5,-0.43712338904150994,0.05478972438105223,0.006464063003385109,0.1941008343902602
PPO,circle,2726,54.52,-0.4320180255767427,0.054079108535580206,0.007611803351567236,0.1843790142525597
PPO,circle,2727,54.54,-0.4265019790225183,0.05311523377338841,0.011541290432631633,0.1710473996517809
PPO,circle,2728,54.56,-0.42106510605844033,0.051759177806448495,0.009128150209979096,0.18220939868905378
PPO,circle,2729,54.58,-0.4167697929156652,0.05021014620673459,0.006365247760575595,0.18114215756321567
PPO,circle,2730,54.6,-0.4134612598504049,0.0488645465172358,0.005866972456476411,0.181797307229576
PPO,circle,2731,54.620000000000005,-0.41097919219261264,0.04801384980474207,0.006920681693256765,0.17929025488192574
PPO,circle,2732,54.64,-0.4086558383892461,0.04747608255869816,0.0086482834510483,0.17489060460544326
PPO,circle,2733,54.660000000000004,-0.4060035503608451,0.04701505954262497,0.01097022831263624,0.17041475628214664
PPO,circle,2734,54.68,-0.4027340354352086,0.04650517270258152,0.009676794547769957,0.18509905938833138
PPO,circle,2735,54.7,-0.3986800363126401,0.04586420298948793,0.006836952845163143,0.18123893140108105
PPO,circle,2736,54.72,-0.39383311901651835,0.045062163073725535,0.005873963543995002,0.17751833372098935
PPO,circle,2737,54.74,-0.38842883475087137,0.04410603273777693,0.008786926871225816,0.1755422025844922
PPO,circle,2738,54.76,-0.38259083020951923,0.042941479853290714,0.01033023707964144,0.19569375863958088
PPO,circle,2739,54.78,-0.3768932964360862,0.041755493901374216,0.006393440412276231,0.19769124614945435
PPO,circle,2740,54.800000000000004,-0.37191492556175476,0.04106845821698403,0.00652206674049878,0.1952238869287889
PPO,circle,2741,54.82,-0.36716649192953277,0.040494331886088634,0.009590923730344368,0.1881156450398364
PPO,circle,2742,54.84,-0.3622207340654302,0.039795393791986385,0.011002357119538658,0.1995240207309194
PPO,circle,2743,54.86,-0.35692743182692777,0.03884648265363098,0.007456017276692995,0.189055237490594
PPO,circle,2744,54.88,-0.3518090214866253,0.03753060571131506,0.0065197445958062455,0.18251483573707716
PPO,circle,2745,54.9,-0.347797515477154,0.03610336073592179,0.008225849802258777,0.1837572769900882
PPO,circle,2746,54.92,-0.34469368099789915,0.034866983619159075,0.010543245536063898,0.18683325552927094
PPO,circle,2747,54.94,-0.342383885027959,0.034058776207755215,0.010212504761154791,0.2
PPO,circle,2748,54.96,-0.34019733748553493,0.03353041158983883,0.008172271332468835,0.1997326975906386
PPO,circle,2749,54.980000000000004,-0.3376208625485187,0.03309669840730395,0.006117799365492084,0.19541775304630754
PPO,circle,2750,55.0,-0.33434432322603846,0.03265035695141133,0.004556212099864025,0.1913085732760328
PPO,circle,2751,55.02,-0.3302125482253569,0.03212704134558105,0.005588749722080252,0.1871838509896091
PPO,circle,2752,55.04,-0.32524025494266906,0.03149474142744288,0.00947719464975524,0.18339868730433073
PPO,circle,2753,55.06,-0.319679397496728,0.0307443462021586,0.008721442744395532,0.19942539231679357
PPO,circle,2754,55.08,-0.31368164932036097,0.029804524970596033,0.005107602359266689,0.1998748024319032
PPO,circle,2755,55.1,-0.3078408942425632,0.028855921540363934,0.006927129952035646,0.2
PPO,circle,2756,55.120000000000005,-0.30276947249942915,0.028425204811126297,0.011250209719498205,0.19640693508668816
PPO,circle,2757,55.14,-0.29798557992277613,0.028174734583476545,0.008524015085984353,0.2
PPO,circle,2758,55.160000000000004,-0.2929799450676972,0.027818682937705865,0.006300410141288258,0.1973813881338631
PPO,circle,2759,55.18,-0.287588135988062,0.027232299447306634,0.007627392391302604,0.18486900570814874
PPO,circle,2760,55.2,-0.28231596413114896,0.026277272015454513,0.011373856762778804,0.17579128372092684
PPO,circle,2761,55.22,-0.27811593098009196,0.025123270386311836,0.00904795326858748,0.19445755820705501
PPO,circle,2762,55.24,-0.2749223506448478,0.024091102392728287,0.006306586079916764,0.1957557540840264
PPO,circle,2763,55.26,-0.27250296154475206,0.023460688613935746,0.004933928019819915,0.19349285349925063
PPO,circle,2764,55.28,-0.2702311110061881,0.023092598638066997,0.004818014714196127,0.18878472978991026
PPO,circle,2765,55.300000000000004,-0.2675960072704361,0.022807414457048723,0.006029455682148178,0.18394574236039615
PPO,circle,2766,55.32,-0.26430266368370514,0.02250777526098017,0.0085425708926552,0.17965514522532977
PPO,circle,2767,55.34,-0.26020086191012487,0.022137645178362895,0.011091084979188716,0.19369076595309023
PPO,circle,2768,55.36,-0.25529859153881773,0.021664220380401875,0.007203517669084244,0.1903279902690971
PPO,circle,2769,55.38,-0.24984465948545548,0.021072412038422854,0.005393213671476978,0.18854756269366182
PPO,circle,2770,55.4,-0.2439500260224021,0.02029427095727376,0.008418177370311085,0.18941808617538686
PPO,circle,2771,55.42,-0.2381675953838697,0.01946507925191178,0.010030538940550955,0.2
PPO,circle,2772,55.44,-0.23312213464629844,0.01907240750908949,0.0064457907136896645,0.2
PPO,circle,2773,55.46,-0.22846471567644475,0.01890820915599972,0.005888671604748206,0.2
PPO,circle,2774,55.480000000000004,-0.22355930060294366,0.018677427356813128,0.008589598441766415,0.19342615241392372
PPO,circle,2775,55.5,-0.21820459897966082,0.018262855841932928,0.011414590453747313,0.2
PPO,circle,2776,55.52,-0.21290630665382318,0.017510017903351684,0.007398367432740177,0.19125575137848
PPO,circle,2777,55.54,-0.2086692154195658,0.01652519975533794,0.005581080062811351,0.1892041037926643
PPO,circle,2778,55.56,-0.20541073047078318,0.015657446677251028,0.006140886493804513,0.1893854273257915
PPO,circle,2779,55.58,-0.20296359637177072,0.01518203370485267,0.007683556233782303,0.1864965723503999
PPO,circle,2780,55.6,-0.20067765959567216,0.01495865779479748,0.009585854135666096,0.18131273570836132
PPO,circle,2781,55.620000000000005,-0.198028129116691,0.014814393273979138,0.011186093105685222,0.1939551685212947
PPO,circle,2782,55.64,-0.19473293752764545,0.014661762873585246,0.008462250252968767,0.18952680336179342
PPO,circle,2783,55.660000000000004,-0.19063770437653,0.014457739241599129,0.005938671729786883,0.1851400503474375
PPO,circle,2784,55.68,-0.18575298493113804,0.014178627980240865,0.005959445205695066,0.18124861922714083
PPO,circle,2785,55.7,-0.1803268258692885,0.013795385062531052,0.00954984489549728,0.1792679479873983
PPO,circle,2786,55.72,-0.17445843881869255,0.01323051932912803,0.009215102529270875,0.19929564569156535
PPO,circle,2787,55.74,-0.16868496158960594,0.01258629750985468,0.00564716612607835,0.2
PPO,circle,2788,55.76,-0.16362941264308709,0.01233179105965419,0.006638330385948923,0.2
PPO,circle,2789,55.78,-0.1589714059767304,0.012284936567942276,0.0101282415761729,0.19424549456683
PPO,circle,2790,55.800000000000004,-0.15405884869083047,0.012178966276777005,0.009997766972950973,0.18551363331602827
PPO,circle,2791,55.82,-0.14867838628891653,0.011904188421306826,0.006803030437826549,0.17358108096262537
PPO,circle,2792,55.84,-0.14330914005428624,0.01128542914603826,0.006812147344237411,0.16452419610227778
PPO,circle,2793,55.86,-0.13896226198800973,0.010407759339595332,0.009240031797903487,0.16409249709607032
PPO,circle,2794,55.88,-0.13561045816186806,0.009619254521719658,0.01133417526931827,0.1662237837937287
PPO,circle,2795,55.9,-0.13309072967211658,0.009194958219842012,0.008983443795816047,0.16439834056841784
PPO,circle,2796,55.92,-0.13074048310636743,0.009012243568269386,0.007073267511990329,0.16005280009229533
PPO,circle,2797,55.94,-0.12805132076042638,0.008919081230194395,0.005450403362491846,0.15545481923026996
PPO,circle,2798,55.96,-0.1247205770005215,0.008830166709119089,0.004986555347933668,0.1513305655792021
PPO,circle,2799,55.980000000000004,-0.12059282015951847,0.008699586960125913,0.007034291047807882,0.14737298347044533
PPO,circle,2800,56.0,-0.11567282235546122,0.008505347420654407,0.011091813091190299,0.1438556982657532
PPO,circle,2801,56.02,-0.11021670075821868,0.008217180185001316,0.0076634320416416974,0.14242085804220972
PPO,circle,2802,56.04,-0.10435797178277541,0.0077658932250260874,0.005039539817275266,0.14454105613053678
PPO,circle,2803,56.06,-0.09864193725806224,0.007264063654181956,0.00767284417856731,0.14872381957262062
PPO,circle,2804,56.08,-0.09368457750341946,0.00710087589330539,0.011155093112771764,0.14658563502370425
PPO,circle,2805,56.1,-0.08902704878017523,0.0070172348563661835,0.007349486091207942,0.138147032321396
PPO,circle,2806,56.120000000000005,-0.08416331984665167,0.0068176531230173055,0.005064775624385081,0.12862975986336553
PPO,circle,2807,56.14,-0.0788979103922091,0.006394287289708658,0.006812204888285816,0.12010345324149241
PPO,circle,2808,56.160000000000004,-0.07361743613117006,0.005595095793183374,0.01096601267325293,0.12134108537551806
PPO,circle,2809,56.18,-0.06927167774817389,0.004626334901189834,0.007313322876965067,0.13411656396156774
PPO,circle,2810,56.2,-0.06588194541806007,0.00393937751213799,0.00417531609924633,0.1445869222950757
PPO,circle,2811,56.22,-0.06335374115328572,0.0036514497377710107,0.0026953714671075963,0.14424774087346054
PPO,circle,2812,56.24,-0.06100131903796666,0.003585471627492273,0.003231306420907792,0.13766482743697317
PPO,circle,2813,56.26,-0.05823803217743177,0.0036001386526392314,0.0053658481902517175,0.12902107722549433
PPO,circle,2814,56.28,-0.054744034494237793,0.003597844802039703,0.008587805160103207,0.12036647462420602
PPO,circle,2815,56.300000000000004,-0.050403985807910355,0.003506538454252599,0.008988468634050442,0.11282405444573132
PPO,circle,2816,56.32,-0.045258857218876486,0.0033167638916546506,0.00438090167467569,0.10656655058486354
PPO,circle,2817,56.34,-0.03957887205549749,0.003009796836858861,0.0034997376697988836,0.10349876350852952
PPO,circle,2818,56.36,-0.033587368318666266,0.0025660066103834847,0.008633228211971407,0.10606620450039783
PPO,circle,2819,56.38,-0.028029343324217564,0.0022352166219592835,0.007364127910321295,0.10248595516773065
PPO,circle,2820,56.4,-0.02350823910076459,0.002235496508978575,0.003304094396658855,0.07323317247175348
PPO,circle,2821,56.42,-0.019111861057795648,0.0022086491268827535,0.0028086774696394192,0.029394215627085607
PPO,circle,2822,56.44,-0.014415613075685674,0.001994908758419106,0.006828226011990508,-0.021108501602506602
PPO,circle,2823,56.46,-0.009422919951154744,0.0014250355872221494,0.009530065415867326,-0.05306648806755876
PPO,circle,2824,56.480000000000004,-0.004547882310702125,0.0005089955635254691,0.004576276870522746,0.02015518970358643
PPO,circle,2825,56.5,-0.00013163893188307242,-0.0005133258847565958,0.0005299361021371625,0.2
PPO,circle,2826,56.52,0.0034631757462428906,-0.0011491317677863148,0.003648847772804547,0.2
PPO,circle,2827,56.54,0.006301951236119044,-0.0012908606987069766,0.0064327996024972365,0.2
PPO,circle,2828,56.56,0.008959774140726514,-0.0011351667249460586,0.009031398349439378,0.2
PPO,circle,2829,56.58,0.012147936578953807,-0.0008502153368705524,0.008882649806916451,0.2
PPO,circle,2830,56.6,0.0161583294208674,-0.0005551155987124315,0.004865877161860388,0.2
PPO,circle,2831,56.620000000000005,0.02096721084511047,-0.0003022033736428354,0.00041238649782563205,0.2
PPO,circle,2832,56.64,0.026456496451370166,-0.0001289474950310548,0.005483175426290976,0.2
PPO,circle,2833,56.660000000000004,0.03249889099821901,-8.376477028783872e-05,0.00947036326979299,0.2
PPO,circle,2834,56.68,0.039025158797570264,-0.00016958567696901146,0.002992364266174404,0.2
PPO,circle,2835,56.7,0.04543313615279157,-0.00024046182722512762,0.0035443341074357228,0.2
PPO,circle,2836,56.72,0.050922788977487594,0.0001883672600232551,0.008971567192367184,0.2
PPO,circle,2837,56.74,0.05615668055239124,0.000779520525166277,0.006772957105719946,0.2
PPO,circle,2838,56.76,0.061785099737173235,0.0013088519522270398,0.0011849180767784097,0.2
PPO,circle,2839,56.78,0.06784511564203707,0.0015430422513029098,0.004949728121526544,0.2
PPO,circle,2840,56.800000000000004,0.07350766859615358,0.0012280636674470565,0.010397002240598243,0.2
PPO,circle,2841,56.82,0.07780048135751029,0.00043132211811018124,0.006233849018065192,0.2
PPO,circle,2842,56.84,0.08096218188978521,-0.00033276165521446314,0.0035998232812276734,0.2
PPO,circle,2843,56.86,0.08376475535182111,-0.0007670326074128422,0.0025303874252055494,0.2
PPO,circle,2844,56.88,0.08644954354376155,-0.000912916448070025,0.003700199838962613,0.2
PPO,circle,2845,56.9,0.08952104144479658,-0.0008503352690672505,0.006205785426336131,0.2
PPO,circle,2846,56.92,0.09329020174821927,-0.0006632097719687439,0.009706548708125692,0.2
PPO,circle,2847,56.94,0.0978384462121042,-0.00040898919293609685,0.007687167221470475,0.2
PPO,circle,2848,56.96,0.10301913529736753,-0.00013352981950194188,0.0034138687940940275,0.2
PPO,circle,2849,56.980000000000004,0.10870515423472299,7.103010229384881e-05,0.004697508589920549,0.2
PPO,circle,2850,57.0,0.11466581397531747,0.00017573315041670892,0.01015117191973757,0.2
PPO,circle,2851,57.02,0.12021782604715778,0.0004357387487095628,0.006593346948954813,0.2
PPO,circle,2852,57.04,0.12477680419840582,0.0010335852630248832,0.00309672549281223,0.2
PPO,circle,2853,57.06,0.12939791561073669,0.001610910425539861,0.0043047659503324355,0.2
PPO,circle,2854,57.08,0.13451628012379566,0.002060032438172879,0.008930262392638414,0.2
PPO,circle,2855,57.1,0.13989418381314858,0.002254195210168355,0.007511682022222708,0.2
PPO,circle,2856,57.120000000000005,0.14461612204531774,0.00194990229827014,0.004031830792424145,0.2
PPO,circle,2857,57.14,0.14832930697841798,0.001397677727505327,0.004303351346628959,0.2
PPO,circle,2858,57.160000000000004,0.15124775848324012,0.0011100887379412554,0.006229375674529178,0.2
PPO,circle,2859,57.18,0.15392286510632083,0.0011738039642406977,0.008345176271652162,0.2
PPO,circle,2860,57.2,0.1566172068834124,0.0014861666606008693,0.010638468162099117,0.2
PPO,circle,2861,57.22,0.1597902351945616,0.001959103604433013,0.009344704156736104,0.2
PPO,circle,2862,57.24,0.16370431158459117,0.0025079664666935743,0.0059970264791715825,0.2
PPO,circle,2863,57.26,0.1683848986204919,0.003078199636975632,0.004030001796433813,0.2
PPO,circle,2864,57.28,0.17365079210136503,0.00359327556205739,0.006932590296853022,0.2
PPO,circle,2865,57.300000000000004,0.17944640906587084,0.003969181628112679,0.010338245799867023,0.2
PPO,circle,2866,57.32,0.1854723566858096,0.004214323674961927,0.005599798654933415,0.2
PPO,circle,2867,57.34,0.19102279180950124,0.004614701253997634,0.004962580650494131,0.2
PPO,circle,2868,57.36,0.1956281848823819,0.005294760526449763,0.007963946265077862,0.2
PPO,circle,2869,57.38,0.20035678961475292,0.005974943832473925,0.010346142016014668,0.2
PPO,circle,2870,57.4,0.20562653271129924,0.006557210794660441,0.005826539601017432,0.2
PPO,circle,2871,57.42,0.21115511706095735,0.006862532690539292,0.004485880080864033,0.2
PPO,circle,2872,57.44,0.21597378451005333,0.006621657800102544,0.00789051460576842,0.2
PPO,circle,2873,57.46,0.21992903160562374,0.006144544638587352,0.01158740408623559,0.2
PPO,circle,2874,57.480000000000004,0.22319723305918346,0.005970778884940614,0.01017496405324297,0.2
PPO,circle,2875,57.5,0.22612751630678218,0.00617047322592704,0.008237666383894237,0.2
PPO,circle,2876,57.52,0.22907305692519545,0.006622085550513697,0.006780674650651692,0.2
PPO,circle,2877,57.54,0.23250052745068653,0.007253440019600994,0.006448379183620165,0.2
PPO,circle,2878,57.56,0.23665329352521092,0.008002136377385824,0.00830508607383659,0.2
PPO,circle,2879,57.58,0.2415460282234253,0.008809725514399404,0.01183798661519668,0.2
PPO,circle,2880,57.6,0.24698577125028476,0.009578887939344348,0.007468391209566281,0.2
PPO,circle,2881,57.620000000000005,0.25293303278209234,0.010235064768916084,0.005886525715070053,0.2
PPO,circle,2882,57.64,0.259022905633934,0.010790858538087042,0.009400590953469484,0.2
PPO,circle,2883,57.660000000000004,0.26456505033975464,0.011541926525293417,0.01014241154668978,0.2
PPO,circle,2884,57.68,0.26930913272635254,0.012514730865953809,0.006575372040441297,0.2
PPO,circle,2885,57.7,0.2742705559252771,0.01352452470200812,0.005578957913620013,0.2
PPO,circle,2886,57.72,0.27976200958123587,0.014434725084183834,0.008897793851160973,0.2
PPO,circle,2887,57.74,0.28542161415403766,0.015016076457657426,0.009728557159317143,0.2
PPO,circle,2888,57.76,0.29023862227498703,0.01500445362931761,0.006954031126410671,0.2
PPO,circle,2889,57.78,0.2941401427056556,0.014730879930704082,0.006957408572186055,0.2
PPO,circle,2890,57.800000000000004,0.2972079879715744,0.014705888856431657,0.008203578200225511,0.2
PPO,circle,2891,57.82,0.29992219030340983,0.015021695968019111,0.009756947345981943,0.2
PPO,circle,2892,57.84,0.3027510786862689,0.015567558810166098,0.011727719282066517,0.2
PPO,circle,2893,57.86,0.3060871315448374,0.01630179039731135,0.011131411862054744,0.2
PPO,circle,2894,57.88,0.3101420105163351,0.017187063457234943,0.008188736563386069,0.2
PPO,circle,2895,57.9,0.31494386688055764,0.01818687103985963,0.00670191602472933,0.2
PPO,circle,2896,57.92,0.32029868461606487,0.019205082733079654,0.008833239933076904,0.2
PPO,circle,2897,57.94,0.3261498067621079,0.02014001903987297,0.01124340295688997,0.2
PPO,circle,2898,57.96,0.33217627350698564,0.0209617394726893,0.007391357382576268,0.2
PPO,circle,2899,57.980000000000004,0.3376999984177156,0.02189819488690897,0.007177549321416514,0.2
PPO,circle,2900,58.0,0.3423480034824308,0.02299143296833924,0.009711873811366357,0.2
PPO,circle,2901,58.02,0.3471798433780966,0.02412002446478314,0.010725925081800525,0.2
PPO,circle,2902,58.04,0.35252620537174323,0.02518224130761257,0.0069015039388844275,0.2
PPO,circle,2903,58.06,0.3580865913891106,0.025972062102034867,0.006638852385681266,0.2
PPO,circle,2904,58.08,0.3628897150812527,0.026165318276961506,0.00984740956525642,0.2
PPO,circle,2905,58.1,0.36681890529729455,0.026059485270615943,0.012777073855332641,0.2
PPO,circle,2906,58.120000000000005,0.36997957056463604,0.026187918436595528,0.010802824978089811,0.2
PPO,circle,2907,58.14,0.37276255513436163,0.026642876085577475,0.009277767000523782,0.2
PPO,circle,2908,58.160000000000004,0.3756092259615654,0.027331584083051377,0.00821511896272987,0.2
PPO,circle,2909,58.18,0.378945889799199,0.028225222287547924,0.008140469335506441,0.2
PPO,circle,2910,58.2,0.38299360754447626,0.029289153931656934,0.009852490397325494,0.2
PPO,circle,2911,58.22,0.38777189389589445,0.030478947871037033,0.012252991263752889,0.2
PPO,circle,2912,58.24,0.3930920743071934,0.031685209236826946,0.008410100293840343,0.2
PPO,circle,2913,58.26,0.39891438990449546,0.03281694018752495,0.00738616356066835,0.2
PPO,circle,2914,58.28,0.40493227137256577,0.03384826417391175,0.010646733277282256,0.2
PPO,circle,2915,58.300000000000004,0.4104391790467051,0.0349812855658931,0.010746281411425208,0.2
PPO,circle,2916,58.32,0.4150333393322607,0.036259420372175256,0.007732682621582166,0.2
PPO,circle,2917,58.34,0.41980402847168774,0.037593796133412134,0.0070719100194407475,0.2
PPO,circle,2918,58.36,0.4251029247073221,0.03888099318708011,0.009928627111671055,0.2
PPO,circle,2919,58.38,0.4306406062793347,0.0398958452058464,0.01056225146169892,0.2
PPO,circle,2920,58.4,0.4354696224955962,0.04027181554469425,0.008199623697253026,0.2
PPO,circle,2921,58.42,0.43943366334517464,0.04028196457174847,0.008403990450035738,0.2
PPO,circle,2922,58.44,0.44261121895175665,0.040480236619476896,0.009644689443424642,0.2
PPO,circle,2923,58.46,0.4453951753936937,0.040991885504905574,0.011145796356119201,0.2
PPO,circle,2924,58.480000000000004,0.4482132192928839,0.04174750808415306,0.01299827463197347,0.2
PPO,circle,2925,58.5,0.4514998435331481,0.04274054327658362,0.011875923800730237,0.2
PPO,circle,2926,58.52,0.45548294288458013,0.04395352394062663,0.009275574992812402,0.2
PPO,circle,2927,58.54,0.46019192078153043,0.045343661545866956,0.008149241306838648,0.2
PPO,circle,2928,58.56,0.46545900802308626,0.046794733651191446,0.010142159033586094,0.2
PPO,circle,2929,58.58,0.4712156002321514,0.04820312199555212,0.011767373033145219,0.2
PPO,circle,2930,58.6,0.47719491260161345,0.04952916575874946,0.008419614131098672,0.2
PPO,circle,2931,58.620000000000005,0.4826623214247416,0.05092026595579761,0.008498429821810607,0.2
PPO,circle,2932,58.64,0.4871582099418161,0.052399298195654705,0.010825833800981344,0.2
PPO,circle,2933,58.660000000000004,0.4918076213786714,0.05390582005594941,0.011146595462941503,0.2
PPO,circle,2934,58.68,0.4970061259853838,0.05537907751795022,0.007754751186707964,0.2
PPO,circle,2935,58.7,0.5024887866450807,0.05659462716040715,0.0077481243778795015,0.2
PPO,circle,2936,58.72,0.5073331313334942,0.05714705716048141,0.010876920792574447,0.2
PPO,circle,2937,58.74,0.5113479271599047,0.057298297327516276,0.013175304632798743,0.2
PPO,circle,2938,58.76,0.514599894313615,0.05762280697172602,0.011431465743106476,0.2
PPO,circle,2939,58.78,0.5174187344137254,0.05825209619231949,0.01017840291018499,0.2
PPO,circle,2940,58.800000000000004,0.5202308688719387,0.059133681229938874,0.00940505008358679,0.2
PPO,circle,2941,58.82,0.5234908409033076,0.06027793481328081,0.009520686308479109,0.2
PPO,circle,2942,58.84,0.5274360754762009,0.06167259547946095,0.011184268920481579,0.2
PPO,circle,2943,58.86,0.5320970484955163,0.06327093856263749,0.012537637540558465,0.2
PPO,circle,2944,58.88,0.5373094187272635,0.06494474632768175,0.009084219156371035,0.2
PPO,circle,2945,58.9,0.5430077332504092,0.06658899624477238,0.008494869421559033,0.2
PPO,circle,2946,58.92,0.5489374451122087,0.06816035153389817,0.011732981073927251,0.2
PPO,circle,2947,58.94,0.5543466059984258,0.0697725613853272,0.01089556372660476,0.2
PPO,circle,2948,58.96,0.5587594976773176,0.07143538220660473,0.008241855312740883,0.2
PPO,circle,2949,58.980000000000004,0.563315021024735,0.07311931249239716,0.007911085161295617,0.2
PPO,circle,2950,59.0,0.5684350423217008,0.07478290443022785,0.010727391185618664,0.2
PPO,circle,2951,59.02,0.5738726391960083,0.07620144767804447,0.010745379082269498,0.2
PPO,circle,2952,59.04,0.5787072210506891,0.076931700779207,0.008717443679983922,0.2
PPO,circle,2953,59.06,0.5827376191434475,0.07722240499540663,0.009213620208150348,0.2
PPO,circle,2954,59.08,0.5860004507770993,0.0776596619337395,0.010618314166252737,0.2
PPO,circle,2955,59.1,0.5888081374726456,0.07839194192306935,0.012197540689933223,0.2
PPO,circle,2956,59.120000000000005,0.5915897490075612,0.07938337189598384,0.014059898040964344,0.2
PPO,circle,2957,59.14,0.5948042450322603,0.08066198545184865,0.01194079994921462,0.2
PPO,circle,2958,59.160000000000004,0.5986907743346715,0.08222525477261464,0.009604241447255666,0.2
PPO,circle,2959,59.18,0.6032825858945592,0.08402748595775311,0.008870714195038902,0.2
PPO,circle,2960,59.2,0.6084226512802327,0.08593217217637437,0.011070830165892076,0.2
PPO,circle,2961,59.22,0.6140407024378618,0.08782717040806279,0.011521275453074421,0.2
PPO,circle,2962,59.24,0.6199016747992242,0.08966075008438554,0.008594783617730143,0.2
PPO,circle,2963,59.26,0.6252634985195592,0.09150525015487522,0.009154765608725716,0.2
PPO,circle,2964,59.28,0.6296076293004369,0.09336699232318738,0.011632811173389958,0.2
PPO,circle,2965,59.300000000000004,0.6340896315768716,0.0952517601158877,0.010720395748931823,0.2
PPO,circle,2966,59.32,0.6391310551148075,0.09711696225713737,0.007694449432651832,0.2
PPO,circle,2967,59.34,0.6444893054914346,0.09874078058178536,0.008219228143542484,0.2
PPO,circle,2968,59.36,0.6492751285096567,0.09964926181771323,0.01154640048947686,0.2
PPO,circle,2969,59.38,0.653289998624785,0.10009337709790175,0.01276745193435869,0.2
PPO,circle,2970,59.4,0.6565538539726881,0.10064834257616351,0.011192786965801057,0.2
PPO,circle,2971,59.42,0.6593591120834903,0.10148372418108864,0.010147772442572338,0.2
PPO,circle,2972,59.44,0.6621197150506241,0.10258309646624013,0.009626667895550337,0.2
PPO,circle,2973,59.46,0.6652912518464182,0.10398978845769104,0.010020988171632404,0.2
PPO,circle,2974,59.480000000000004,0.6691167807775086,0.10571181523593344,0.011895360105775741,0.2
PPO,circle,2975,59.5,0.6736334102170671,0.10770328247327178,0.011986224753120332,0.2
PPO,circle,2976,59.52,0.6786941879954235,0.10981815397401354,0.008812471933041504,0.2
PPO,circle,2977,59.54,0.6842206149948413,0.11193550740793472,0.00876575396979087,0.2
PPO,circle,2978,59.56,0.6900109479358528,0.1140031612339373,0.012348982462874592,0.2
PPO,circle,2979,59.58,0.6953095127263055,0.11604894359772784,0.010235721780702353,0.2
PPO,circle,2980,59.6,0.6995577352945482,0.11807194820215297,0.007886589474975865,0.2
PPO,circle,2981,59.620000000000005,0.7038995038106576,0.1200743509630654,0.008074078527735985,0.2
PPO,circle,2982,59.64,0.708848725158465,0.12208675245875045,0.011239503325480524,0.2
PPO,circle,2983,59.660000000000004,0.7141635042262611,0.1238883586192099,0.010097810753583071,0.2
PPO,circle,2984,59.68,0.7189579695690475,0.12495387337097719,0.008393915252732554,0.2
PPO,circle,2985,59.7,0.7229921335538848,0.12550503263293886,0.00930439024430467,0.2
PPO,circle,2986,59.72,0.7263264942450559,0.12613551531800504,0.011062941763852571,0.2
PPO,circle,2987,59.74,0.7291725601423812,0.12702553208740186,0.012909509795366375,0.2
PPO,circle,2988,59.76,0.7319090913797187,0.1281797274030869,0.013872339553730052,0.2
PPO,circle,2989,59.78,0.7350322792780646,0.12967039559750307,0.011491033079996136,0.2
PPO,circle,2990,59.800000000000004,0.7387929160820272,0.13151756180725435,0.009493109817073738,0.2
PPO,circle,2991,59.82,0.743229823484732,0.13367271155122779,0.009281789766189659,0.2
PPO,circle,2992,59.84,0.7482002301110813,0.13598861015607458,0.011851415689544788,0.2
PPO,circle,2993,59.86,0.7536447637247515,0.1383515777375812,0.01088797018933586,0.2
PPO,circle,2994,59.88,0.7593311953542278,0.14069108514660375,0.008421791819406924,0.2
PPO,circle,2995,59.9,0.7645052283524288,0.14302834382354443,0.009532623319079949,0.2
PPO,circle,2996,59.92,0.7686707341884054,0.14532110622274633,0.012279403712226064,0.2
PPO,circle,2997,59.94,0.7729680192264226,0.147651660303823,0.009710842874897721,0.2
PPO,circle,2998,59.96,0.7778484251965699,0.1500078816282111,0.0069656026735640825,0.2
PPO,circle,2999,59.980000000000004,0.7830808412280358,0.15213432976128835,0.008261132389845799,0.2
